Order_ID,Order_Date,Ship_Date,Sales_Channel,Warehouse_Code,Region,State,City,Customer_Name,Customer_Segment,Product_Category,Product_Name,Unit_Price,Unit_Cost,Quantity,Total_Revenue,Total_Cost,Profit,Discount_Percent,Sales_Rep
SO-10001,2022-08-17,2022-08-23,Online,WARE-NBV1002,Southwest,Arizona,Phoenix,Pacific Bright Trading,Corporate,Furniture,Lounge Chair,399.99,195.0,6,2111.94,1170.0,941.94,12,Emily Johnson
SO-10002,2022-07-23,2022-07-29,Distributor,WARE-NBV1002,South,Oklahoma,Lawton,National Digital Distributors,Small Business,Electronics,Wi-Fi Mesh System,399.99,190.0,22,8095.78,4180.0,3915.78,8,David Park
SO-10003,2022-04-15,2022-04-20,Online,WARE-MCD2201,Midwest,Wisconsin,Madison,Apex Core Co,Government,Office Supplies,Binding Machine,149.99,68.0,3,427.47,204.0,223.47,5,Sarah Mitchell
SO-10004,2023-09-26,2023-10-01,Online,WARE-UHY1004,West,Washington,Everett,Metro National Co,Corporate,Furniture,Accent Table,199.99,92.0,12,2399.88,1104.0,1295.88,0,David Park
SO-10005,2022-12-30,2023-01-05,In-Store,WARE-UHY1004,Midwest,Iowa,Davenport,Core Premier Commerce,Retail,Office Supplies,Laminator,89.99,40.0,16,1439.84,640.0,799.84,0,David Park
SO-10006,2022-08-23,2022-08-30,Distributor,WARE-UHY1004,Midwest,Kansas,Overland Park,Advanced Pacific Group,Retail,Furniture,Conference Table,999.99,520.0,3,2759.97,1560.0,1199.97,8,David Park
SO-10007,2022-09-10,2022-09-15,Distributor,WARE-UHY1004,Southwest,Hawaii,Hilo,Central Bright Trading,Small Business,Furniture,Glass Desk,799.99,400.0,18,12239.82,7200.0,5039.82,15,Kevin Williams
SO-10008,2023-10-05,2023-10-11,Wholesale,WARE-ATL5509,West,Washington,Seattle,Core Pacific Trading,Retail,Electronics,Wireless Headphones,249.99,99.0,6,1379.94,594.0,785.94,8,Kevin Williams
SO-10009,2023-07-04,2023-07-10,In-Store,WARE-MCD2201,Midwest,Kansas,Wichita,Atlantic Sterling Trading,Corporate,Electronics,Laptop Cooling Pad,49.99,19.0,10,474.9,190.0,284.9,5,Michael Brown
SO-10010,2022-11-02,2022-11-08,Online,WARE-ATL5509,Southeast,Kentucky,Lexington,Apex Premier Commerce,Enterprise,Electronics,Smartband,199.99,88.0,35,6999.65,3080.0,3919.65,0,Amanda Torres
SO-10011,2022-03-01,2022-03-08,In-Store,WARE-UHY1004,Northeast,Massachusetts,Springfield,Pacific Horizon LLC,Retail,Furniture,Lounge Chair,399.99,195.0,8,3199.92,1560.0,1639.92,0,Kevin Williams
SO-10012,2023-07-07,2023-07-13,Wholesale,WARE-NBV1002,South,Louisiana,Lake Charles,Apex Digital Commerce,Small Business,Clothing,Denim Jacket,89.99,38.0,8,662.32,304.0,358.32,8,Emily Johnson
SO-10013,2022-08-14,2022-08-17,Distributor,WARE-NBV1002,Northeast,Rhode Island,Providence,National Pacific Inc,Government,Office Supplies,Label Maker,59.99,24.0,2,119.98,48.0,71.98,0,Emily Johnson
SO-10014,2023-08-08,2023-08-13,Online,WARE-MCD2201,Midwest,Iowa,Cedar Rapids,Central Elite LLC,Enterprise,Office Supplies,Letter Opener,14.99,5.0,20,269.8,100.0,169.8,10,David Park
SO-10015,2023-02-17,2023-02-24,Wholesale,WARE-UHY1004,West,New Mexico,Albuquerque,National Elite Group,Retail,Electronics,MacBook Pro 16,2499.99,1650.0,11,27499.89,18150.0,9349.89,0,Robert Adams
SO-10016,2023-07-18,2023-07-21,In-Store,WARE-MCD2201,Midwest,Iowa,Cedar Rapids,Global Pacific Group,Retail,Electronics,Smart Thermostat,249.99,115.0,5,1099.95,575.0,524.95,12,Amanda Torres
SO-10017,2022-01-03,2022-01-07,Wholesale,WARE-UHY1004,South,Mississippi,Jackson,Sterling Central Supply,Small Business,Office Supplies,Electric Stapler,49.99,19.0,13,584.87,247.0,337.87,10,Michael Brown
SO-10018,2022-02-21,2022-02-26,Online,WARE-UHY1004,South,Texas,Houston,Premier Metro Commerce,Corporate,Furniture,Conference Table,999.99,520.0,16,14079.84,8320.0,5759.84,12,Rachel Scott
SO-10019,2022-09-10,2022-09-16,Distributor,WARE-PJW3508,Northeast,Pennsylvania,Erie,Bright Bright Commerce,Small Business,Electronics,NAS Storage,899.99,450.0,2,1655.98,900.0,755.98,8,Lisa Chen
SO-10020,2023-10-23,2023-10-28,Online,WARE-NBV1002,South,Louisiana,Lafayette,Global Digital Distributors,Government,Office Supplies,Ergonomic Mouse,59.99,24.0,10,599.9,240.0,359.9,0,Emily Johnson
SO-10021,2022-09-08,2022-09-12,Online,WARE-ATL5509,Southeast,Maryland,Frederick,Swift Sterling Distributors,Enterprise,Furniture,Executive Desk,1199.99,620.0,12,12959.88,7440.0,5519.88,10,Sarah Mitchell
SO-10022,2023-07-21,2023-07-25,Distributor,WARE-ATL5509,South,Louisiana,New Orleans,Elite Pioneer Group,Retail,Electronics,Webcam HD,99.99,42.0,6,509.94,252.0,257.94,15,Michael Brown
SO-10023,2022-01-04,2022-01-10,Wholesale,WARE-ATL5509,Northeast,Massachusetts,Cambridge,Premier Digital Commerce,Corporate,Furniture,Conference Table,999.99,520.0,11,10449.89,5720.0,4729.89,5,Sarah Mitchell
SO-10024,2023-08-20,2023-08-23,Online,WARE-PJW3508,Northeast,Connecticut,Waterbury,Metro Sterling Solutions,Small Business,Electronics,4K Camera,1199.99,600.0,19,22799.81,11400.0,11399.81,0,Emily Johnson
SO-10025,2024-02-07,2024-02-17,Online,WARE-UHY1004,Southwest,Arizona,Mesa,Premier Premier Trading,Enterprise,Clothing,Country Boots,119.99,52.0,5,581.95,260.0,321.95,3,David Park
SO-10026,2022-04-21,2022-04-28,Distributor,WARE-PJW3508,Southwest,Utah,Provo,National Elite Enterprises,Small Business,Office Supplies,Wireless Keyboard,89.99,38.0,13,1052.87,494.0,558.87,10,Emily Johnson
SO-10027,2022-03-13,2022-03-18,Online,WARE-NBV1002,Northeast,Pennsylvania,Erie,Coastal Swift Solutions,Enterprise,Furniture,Ergonomic Chair Pro,449.99,218.0,9,3563.91,1962.0,1601.91,12,Robert Adams
SO-10028,2023-03-21,2023-03-27,Online,WARE-MCD2201,Southeast,Maryland,Baltimore,Central Core Commerce,Government,Electronics,USB-C Hub,79.99,32.0,12,911.88,384.0,527.88,5,Emily Johnson
SO-10029,2023-06-17,2023-06-23,Distributor,WARE-ATL5509,Midwest,Illinois,Peoria,Apex Central LLC,Enterprise,Clothing,Business Casual Shirt,59.99,22.0,19,1105.61,418.0,687.61,3,Sarah Mitchell
SO-10030,2023-02-23,2023-02-28,Wholesale,WARE-MCD2201,Southwest,Colorado,Lakewood,Swift Summit Group,Small Business,Furniture,Hallway Table,279.99,132.0,11,2925.89,1452.0,1473.89,5,Rachel Scott
SO-10031,2022-10-21,2022-10-26,Wholesale,WARE-MCD2201,Southeast,Maryland,Gaithersburg,Core Pioneer Enterprises,Small Business,Electronics,Smart TV 55,799.99,400.0,7,4759.93,2800.0,1959.93,15,Kevin Williams
SO-10032,2023-11-11,2023-11-14,In-Store,WARE-NBV1002,West,Oregon,Portland,Sterling National Group,Corporate,Furniture,Partition Wall,349.99,168.0,24,8147.76,4032.0,4115.76,3,Emily Johnson
SO-10033,2023-10-07,2023-10-13,In-Store,WARE-NBV1002,West,Montana,Billings,Horizon Coastal Group,Corporate,Clothing,Holiday Sweater,69.99,28.0,7,450.73,196.0,254.73,8,David Park
SO-10034,2023-07-25,2023-08-04,Distributor,WARE-MCD2201,South,Georgia,Athens,Digital Summit Enterprises,Government,Clothing,Formal Jacket,129.99,55.0,9,1169.91,495.0,674.91,0,Kevin Williams
SO-10035,2023-05-02,2023-05-06,In-Store,WARE-PJW3508,West,Idaho,Idaho Falls,Advanced Unity Enterprises,Retail,Office Supplies,Letter Opener,14.99,5.0,15,218.1,75.0,143.1,3,Sarah Mitchell
SO-10036,2022-11-24,2022-11-27,In-Store,WARE-NBV1002,Southwest,Colorado,Colorado Springs,Coastal Summit Supply,Retail,Furniture,Office Chair,299.99,145.0,8,2327.92,1160.0,1167.92,3,David Park
SO-10037,2022-07-31,2022-08-05,Wholesale,WARE-NBV1002,Midwest,Kansas,Olathe,Global Bright Trading,Enterprise,Clothing,Formal Jacket,129.99,55.0,15,1657.35,825.0,832.35,15,Michael Brown
SO-10038,2022-08-13,2022-08-18,Wholesale,WARE-UHY1004,West,Utah,Orem,Coastal Pioneer Retail,Retail,Office Supplies,Desk Organizer,29.99,11.0,10,299.9,110.0,189.9,0,Robert Adams
SO-10039,2023-08-01,2023-08-04,Online,WARE-PJW3508,Southeast,Delaware,Wilmington,Summit Digital Corp,Retail,Clothing,Running Shoes,89.99,38.0,2,165.58,76.0,89.58,8,Lisa Chen
SO-10040,2022-10-12,2022-10-16,Online,WARE-PJW3508,South,Arkansas,Fayetteville,Horizon Global Supply,Small Business,Furniture,Bookshelf,249.99,110.0,14,3499.86,1540.0,1959.86,0,Sarah Mitchell
SO-10041,2022-01-21,2022-01-25,Wholesale,WARE-PJW3508,Southwest,New Mexico,Albuquerque,Atlantic Bright Group,Enterprise,Office Supplies,Filing Cabinet,199.99,95.0,5,899.95,475.0,424.95,10,Robert Adams
SO-10042,2022-04-21,2022-05-01,In-Store,WARE-NBV1002,Southeast,Delaware,Wilmington,Coastal Coastal Supply,Government,Office Supplies,Heavy Duty Punch,79.99,34.0,1,67.99,34.0,33.99,15,Emily Johnson
SO-10043,2024-03-12,2024-03-16,Distributor,WARE-NBV1002,Northeast,New Jersey,Edison,Apex Pacific Commerce,Retail,Electronics,NAS Storage,899.99,450.0,2,1655.98,900.0,755.98,8,Amanda Torres
SO-10044,2022-06-06,2022-06-10,Wholesale,WARE-MCD2201,Northeast,Vermont,Rutland,Advanced Core Commerce,Retail,Clothing,Sun Hat,34.99,13.0,15,461.85,195.0,266.85,12,Rachel Scott
SO-10045,2023-04-07,2023-04-13,Online,WARE-MCD2201,Midwest,Indiana,Fort Wayne,Core Coastal Solutions,Enterprise,Electronics,Desktop Computer,1499.99,890.0,8,10199.92,7120.0,3079.92,15,Robert Adams
SO-10046,2022-10-14,2022-10-19,Wholesale,WARE-MCD2201,West,Colorado,Aurora,Elite Pacific Group,Government,Furniture,Office Chair,299.99,145.0,9,2375.91,1305.0,1070.91,12,Emily Johnson
SO-10047,2022-04-06,2022-04-10,Wholesale,WARE-ATL5509,Southwest,Hawaii,Kapolei,Sterling Bright Solutions,Government,Clothing,Business Casual Shirt,59.99,22.0,10,581.9,220.0,361.9,3,Lisa Chen
SO-10048,2023-04-10,2023-04-14,Online,WARE-ATL5509,West,Idaho,Meridian,Atlantic Elite Solutions,Small Business,Furniture,Floor Lamp,159.99,72.0,9,1396.71,648.0,748.71,3,Emily Johnson
SO-10049,2022-07-18,2022-07-22,In-Store,WARE-PJW3508,South,Arkansas,Fayetteville,Sterling Global Supply,Corporate,Furniture,Corner Desk,699.99,345.0,11,7699.89,3795.0,3904.89,0,James Carter
SO-10050,2022-01-13,2022-01-18,Distributor,WARE-MCD2201,Southeast,Maryland,Frederick,Pioneer Premier Inc,Corporate,Clothing,Summer Dress,79.99,30.0,10,719.9,300.0,419.9,10,Sarah Mitchell
SO-10051,2022-06-02,2022-06-12,Wholesale,WARE-ATL5509,West,New Mexico,Albuquerque,National Atlantic Commerce,Government,Electronics,Wireless Headphones,249.99,99.0,20,4999.8,1980.0,3019.8,0,Rachel Scott
SO-10052,2022-11-01,2022-11-05,Online,WARE-UHY1004,South,Oklahoma,Broken Arrow,Metro Core Supply,Small Business,Clothing,Golf Polo,64.99,26.0,30,1657.2,780.0,877.2,15,Michael Brown
SO-10053,2023-07-20,2023-07-24,Distributor,WARE-NBV1002,Southwest,Arizona,Tucson,Digital Core Enterprises,Small Business,Office Supplies,Projector,699.99,340.0,4,2575.96,1360.0,1215.96,8,Michael Brown
SO-10054,2022-08-28,2022-09-03,In-Store,WARE-UHY1004,Southwest,Colorado,Fort Collins,Elite Central LLC,Enterprise,Electronics,Laptop Cooling Pad,49.99,19.0,10,424.9,190.0,234.9,15,Robert Adams
SO-10055,2024-02-06,2024-02-11,Wholesale,WARE-MCD2201,Northeast,New York,Buffalo,Sterling Coastal Co,Corporate,Furniture,Bar Cart,299.99,140.0,10,2699.9,1400.0,1299.9,10,Rachel Scott
SO-10056,2022-04-04,2022-04-14,Distributor,WARE-ATL5509,Northeast,Vermont,Rutland,Bright Global Retail,Corporate,Furniture,Standing Desk,699.99,350.0,8,4759.92,2800.0,1959.92,15,Robert Adams
SO-10057,2023-08-23,2023-08-29,Wholesale,WARE-PJW3508,West,Idaho,Idaho Falls,Pacific Horizon Solutions,Enterprise,Furniture,Work Bench,549.99,270.0,15,7424.85,4050.0,3374.85,10,Sarah Mitchell
SO-10058,2023-11-10,2023-11-17,Distributor,WARE-PJW3508,South,Alabama,Mobile,Metro Digital LLC,Enterprise,Clothing,Winter Coat,149.99,65.0,28,3695.72,1820.0,1875.72,12,Sarah Mitchell
SO-10059,2022-02-25,2022-03-02,In-Store,WARE-PJW3508,West,Idaho,Boise,Horizon Digital Inc,Government,Clothing,Holiday Sweater,69.99,28.0,7,416.43,196.0,220.43,15,Robert Adams
SO-10060,2023-10-08,2023-10-14,Wholesale,WARE-NBV1002,Midwest,Iowa,Sioux City,Swift Global Commerce,Small Business,Electronics,Laptop Pro 13,1099.99,650.0,8,8359.92,5200.0,3159.92,5,Sarah Mitchell
SO-10061,2022-10-26,2022-11-01,Wholesale,WARE-ATL5509,West,Washington,Spokane,Horizon Horizon Group,Small Business,Clothing,Sun Hat,34.99,13.0,17,547.23,221.0,326.23,8,David Park
SO-10062,2022-10-10,2022-10-14,Distributor,WARE-ATL5509,South,South Carolina,Rock Hill,Advanced Global Co,Government,Office Supplies,Paper Shredder,129.99,62.0,14,1601.46,868.0,733.46,12,Amanda Torres
SO-10063,2022-12-07,2022-12-12,Wholesale,WARE-UHY1004,South,Arkansas,Jonesboro,Elite National Distributors,Retail,Clothing,Turtleneck,59.99,24.0,27,1538.73,648.0,890.73,5,James Carter
SO-10064,2024-03-22,2024-03-27,Distributor,WARE-NBV1002,Midwest,Iowa,Sioux City,Summit Unity Distributors,Retail,Clothing,Swimwear,49.99,19.0,5,249.95,95.0,154.95,0,Sarah Mitchell
SO-10065,2023-11-02,2023-11-05,Wholesale,WARE-NBV1002,Southeast,West Virginia,Charleston,Pioneer Core Supply,Enterprise,Office Supplies,Stapler Heavy Duty,29.99,11.0,12,341.88,132.0,209.88,5,Kevin Williams
SO-10066,2022-03-12,2022-03-18,Online,WARE-NBV1002,West,Nevada,North Las Vegas,National Pacific Trading,Retail,Electronics,Portable Charger,79.99,34.0,8,607.92,272.0,335.92,5,Robert Adams
SO-10067,2024-03-26,2024-03-30,Wholesale,WARE-ATL5509,Southwest,Colorado,Denver,Central Summit Group,Small Business,Electronics,Home Theater System,1499.99,820.0,2,2849.98,1640.0,1209.98,5,Robert Adams
SO-10068,2023-08-21,2023-08-25,Online,WARE-MCD2201,South,Florida,Pensacola,Digital Advanced Retail,Enterprise,Office Supplies,Desk Organizer,29.99,11.0,6,170.94,66.0,104.94,5,Kevin Williams
SO-10069,2022-11-03,2022-11-09,Wholesale,WARE-NBV1002,South,Florida,Boca Raton,Sterling Elite Trading,Small Business,Furniture,TV Stand,249.99,118.0,30,6749.7,3540.0,3209.7,10,David Park
SO-10070,2022-10-30,2022-11-13,Online,WARE-ATL5509,Southeast,Maryland,Bowie,Advanced Global Distributors,Retail,Furniture,Floor Lamp,159.99,72.0,1,147.19,72.0,75.19,8,Michael Brown
SO-10071,2022-07-14,2022-07-18,Wholesale,WARE-NBV1002,South,South Carolina,Greenville,Atlantic Metro Co,Government,Office Supplies,Ink Tank Printer,399.99,195.0,21,8399.79,4095.0,4304.79,0,Lisa Chen
SO-10072,2024-02-05,2024-02-09,Distributor,WARE-UHY1004,Southwest,Nevada,Las Vegas,Swift Apex Commerce,Enterprise,Furniture,Office Chair,299.99,145.0,14,4199.86,2030.0,2169.86,0,Amanda Torres
SO-10073,2022-05-25,2022-06-01,Wholesale,WARE-NBV1002,Midwest,Indiana,Indianapolis,Swift Apex LLC,Enterprise,Clothing,Polo Shirt,44.99,18.0,8,331.12,144.0,187.12,8,Kevin Williams
SO-10074,2023-01-26,2023-01-29,Distributor,WARE-ATL5509,Northeast,Maine,Bangor,Horizon Global Distributors,Small Business,Furniture,TV Stand,249.99,118.0,12,2909.88,1416.0,1493.88,3,Sarah Mitchell
SO-10075,2022-05-24,2022-06-03,In-Store,WARE-ATL5509,Southwest,Hawaii,Kailua,Horizon Atlantic LLC,Small Business,Clothing,Summer Dress,79.99,30.0,2,151.98,60.0,91.98,5,David Park
SO-10076,2024-01-31,2024-02-07,Distributor,WARE-NBV1002,West,Nevada,Sparks,Horizon Core Trading,Enterprise,Clothing,Running Shoes,89.99,38.0,5,449.95,190.0,259.95,0,Emily Johnson
SO-10077,2023-12-04,2023-12-09,In-Store,WARE-NBV1002,West,New Mexico,Las Cruces,Metro Coastal Co,Retail,Furniture,Corner Desk,699.99,345.0,26,17289.74,8970.0,8319.74,5,Sarah Mitchell
SO-10078,2024-03-16,2024-03-20,In-Store,WARE-ATL5509,Southwest,Utah,Orem,Bright Elite LLC,Small Business,Electronics,MacBook Pro 16,2499.99,1650.0,11,27499.89,18150.0,9349.89,0,Emily Johnson
SO-10079,2022-05-29,2022-06-03,Online,WARE-PJW3508,Midwest,Michigan,Ann Arbor,Atlantic Global Corp,Small Business,Electronics,Desktop Computer,1499.99,890.0,5,7499.95,4450.0,3049.95,0,Rachel Scott
SO-10080,2022-05-10,2022-05-15,Online,WARE-MCD2201,Midwest,Illinois,Springfield,Horizon Digital Solutions,Government,Furniture,Conference Table,999.99,520.0,14,13999.86,7280.0,6719.86,0,Emily Johnson
SO-10081,2023-10-21,2023-10-24,Online,WARE-MCD2201,Southeast,North Carolina,Winston-Salem,Coastal Central Retail,Retail,Furniture,Lateral File Cabinet,399.99,192.0,1,359.99,192.0,167.99,10,Sarah Mitchell
SO-10082,2022-05-10,2022-05-16,Distributor,WARE-MCD2201,Northeast,Rhode Island,East Providence,Swift Pioneer Trading,Government,Office Supplies,Paper Shredder,129.99,62.0,9,994.41,558.0,436.41,15,Rachel Scott
SO-10083,2023-04-08,2023-04-13,Online,WARE-PJW3508,West,Washington,Seattle,Coastal Central Supply,Retail,Office Supplies,Stapler Heavy Duty,29.99,11.0,8,215.92,88.0,127.92,10,Lisa Chen
SO-10084,2023-05-01,2023-05-04,Distributor,WARE-UHY1004,Southwest,Colorado,Aurora,Pacific Central LLC,Government,Office Supplies,Ergonomic Mouse,59.99,24.0,3,179.97,72.0,107.97,0,James Carter
SO-10085,2022-05-06,2022-05-11,Distributor,WARE-PJW3508,Southeast,Delaware,Smyrna,Metro Sterling Distributors,Corporate,Furniture,Hallway Table,279.99,132.0,14,3606.26,1848.0,1758.26,8,Rachel Scott
SO-10086,2022-04-21,2022-04-28,In-Store,WARE-MCD2201,Southeast,Virginia,Norfolk,Atlantic Advanced Distributors,Government,Clothing,Sports Jacket,109.99,46.0,12,1253.88,552.0,701.88,5,Rachel Scott
SO-10087,2022-07-04,2022-07-10,In-Store,WARE-UHY1004,Southeast,District of Columbia,Washington,Pioneer Apex Inc,Government,Furniture,Standing Desk,699.99,350.0,10,6649.9,3500.0,3149.9,5,David Park
SO-10088,2023-06-28,2023-07-03,Distributor,WARE-PJW3508,Northeast,Connecticut,Hartford,Pioneer Premier Solutions,Government,Electronics,Webcam HD,99.99,42.0,8,719.92,336.0,383.92,10,Rachel Scott
SO-10089,2022-02-20,2022-02-24,Wholesale,WARE-PJW3508,Northeast,New York,Buffalo,Horizon Core Enterprises,Small Business,Office Supplies,Copier Machine,1299.99,680.0,3,3587.97,2040.0,1547.97,8,Kevin Williams
SO-10090,2023-11-26,2023-12-01,Online,WARE-NBV1002,Northeast,Rhode Island,Pawtucket,Metro National Trading,Small Business,Electronics,Server Unit,4999.99,2800.0,34,161499.66,95200.0,66299.66,5,Michael Brown
SO-10091,2022-05-03,2022-05-08,In-Store,WARE-ATL5509,South,Georgia,Augusta,Premier Summit Trading,Government,Furniture,Office Chair,299.99,145.0,1,275.99,145.0,130.99,8,Lisa Chen
SO-10092,2023-04-16,2023-04-23,Wholesale,WARE-PJW3508,Northeast,Vermont,Burlington,Central Bright Trading,Corporate,Clothing,Business Casual Shirt,59.99,22.0,3,152.97,66.0,86.97,15,David Park
SO-10093,2023-01-06,2023-01-11,Wholesale,WARE-ATL5509,Northeast,Rhode Island,Cranston,National Central Distributors,Corporate,Clothing,Sun Hat,34.99,13.0,3,104.97,39.0,65.97,0,David Park
SO-10094,2022-03-20,2022-03-26,Distributor,WARE-UHY1004,Midwest,Indiana,Fort Wayne,Unity Elite Solutions,Small Business,Furniture,Work Bench,549.99,270.0,17,8227.83,4590.0,3637.83,12,Sarah Mitchell
SO-10095,2022-06-06,2022-06-09,Wholesale,WARE-ATL5509,South,Louisiana,Baton Rouge,Digital Bright Distributors,Government,Office Supplies,Copier Machine,1299.99,680.0,22,25739.78,14960.0,10779.78,10,Lisa Chen
SO-10096,2023-04-26,2023-05-02,Online,WARE-PJW3508,Southwest,Wyoming,Casper,Bright Metro Solutions,Retail,Clothing,Polo Shirt,44.99,18.0,15,641.1,270.0,371.1,5,Amanda Torres
SO-10097,2023-10-23,2023-10-29,Online,WARE-MCD2201,Northeast,New York,Albany,Coastal Digital Distributors,Government,Furniture,Executive Desk,1199.99,620.0,3,3167.97,1860.0,1307.97,12,Emily Johnson
SO-10098,2023-04-07,2023-04-14,In-Store,WARE-NBV1002,Midwest,Nebraska,Grand Island,Pacific Unity Retail,Small Business,Office Supplies,Printer Cartridges,89.99,32.0,4,341.96,128.0,213.96,5,Amanda Torres
SO-10099,2023-01-17,2023-01-22,Distributor,WARE-NBV1002,West,Idaho,Pocatello,Core Metro Retail,Enterprise,Office Supplies,Laminator,89.99,40.0,10,854.9,400.0,454.9,5,Sarah Mitchell
SO-10100,2024-01-12,2024-01-16,Wholesale,WARE-UHY1004,Southeast,District of Columbia,Washington,Summit Apex Co,Government,Furniture,Ergonomic Chair Pro,449.99,218.0,5,1912.45,1090.0,822.45,15,Sarah Mitchell
SO-10101,2023-11-18,2023-11-24,Distributor,WARE-PJW3508,Midwest,Kansas,Olathe,Unity Apex Inc,Small Business,Furniture,Glass Desk,799.99,400.0,8,5887.92,3200.0,2687.92,8,Emily Johnson
SO-10102,2022-06-08,2022-06-12,Online,WARE-PJW3508,Midwest,Iowa,Cedar Rapids,Unity Swift Supply,Government,Office Supplies,Document Scanner,299.99,145.0,4,1199.96,580.0,619.96,0,Robert Adams
SO-10103,2023-12-11,2023-12-17,In-Store,WARE-MCD2201,Southeast,West Virginia,Huntington,Central Apex Retail,Government,Office Supplies,Projector,699.99,340.0,13,9099.87,4420.0,4679.87,0,Michael Brown
SO-10104,2024-03-14,2024-03-24,Wholesale,WARE-PJW3508,Southwest,Hawaii,Hilo,Apex Bright Enterprises,Retail,Office Supplies,Heavy Duty Punch,79.99,34.0,16,1241.44,544.0,697.44,3,Kevin Williams
SO-10105,2022-05-22,2022-05-25,Online,WARE-PJW3508,Southeast,West Virginia,Huntington,Apex Swift LLC,Corporate,Office Supplies,Copier Machine,1299.99,680.0,9,10529.91,6120.0,4409.91,10,Robert Adams
SO-10106,2022-04-04,2022-04-11,Wholesale,WARE-ATL5509,Midwest,Iowa,Iowa City,Global Central Inc,Enterprise,Office Supplies,Stapler Heavy Duty,29.99,11.0,8,227.92,88.0,139.92,5,Emily Johnson
SO-10107,2022-11-23,2022-11-30,Distributor,WARE-MCD2201,West,Washington,Tacoma,Summit Summit Inc,Small Business,Office Supplies,Ergonomic Chair,349.99,175.0,9,2992.41,1575.0,1417.41,5,Amanda Torres
SO-10108,2022-09-20,2022-09-27,Online,WARE-PJW3508,West,Montana,Billings,Core Unity Trading,Small Business,Electronics,Laptop Pro 13,1099.99,650.0,7,6775.93,4550.0,2225.93,12,Michael Brown
SO-10109,2024-03-23,2024-03-26,In-Store,WARE-UHY1004,Northeast,New York,Buffalo,Core Swift Inc,Enterprise,Clothing,Board Shorts,54.99,21.0,15,742.35,315.0,427.35,10,David Park
SO-10110,2023-11-12,2023-11-17,Online,WARE-MCD2201,Northeast,Rhode Island,Cranston,Pacific Unity Commerce,Retail,Clothing,Chinos,74.99,30.0,8,569.92,240.0,329.92,5,James Carter
SO-10111,2022-01-17,2022-01-23,Distributor,WARE-UHY1004,Southwest,Alaska,Juneau,National Atlantic Distributors,Corporate,Furniture,Adjustable Monitor Stand,129.99,58.0,12,1481.88,696.0,785.88,5,Lisa Chen
SO-10112,2023-05-06,2023-05-13,In-Store,WARE-NBV1002,Southeast,Maryland,Frederick,Digital Metro Co,Small Business,Clothing,Sun Hat,34.99,13.0,6,209.94,78.0,131.94,0,James Carter
SO-10113,2023-04-30,2023-05-02,Distributor,WARE-PJW3508,Midwest,Wisconsin,Racine,Sterling Apex Inc,Corporate,Clothing,Linen Pants,64.99,26.0,9,567.36,234.0,333.36,3,Lisa Chen
SO-10114,2022-07-11,2022-07-17,Wholesale,WARE-NBV1002,West,Utah,West Jordan,Unity Advanced LLC,Retail,Clothing,Fleece Hoodie,74.99,30.0,17,1211.08,510.0,701.08,5,Rachel Scott
SO-10115,2022-03-23,2022-03-29,Wholesale,WARE-UHY1004,South,Oklahoma,Norman,Digital Core Supply,Retail,Furniture,Corner Desk,699.99,345.0,11,7314.89,3795.0,3519.89,5,Lisa Chen
SO-10116,2023-10-17,2023-10-20,In-Store,WARE-NBV1002,West,California,Fresno,Apex Unity Supply,Small Business,Clothing,Rain Jacket,99.99,42.0,2,183.98,84.0,99.98,8,Rachel Scott
SO-10117,2022-08-30,2022-09-04,In-Store,WARE-MCD2201,Southwest,Hawaii,Honolulu,Bright Metro Distributors,Enterprise,Office Supplies,Paper Shredder,129.99,62.0,22,2630.98,1364.0,1266.98,8,Lisa Chen
SO-10118,2023-01-11,2023-01-15,In-Store,WARE-MCD2201,West,Washington,Everett,National Atlantic Inc,Government,Office Supplies,Card Reader,39.99,15.0,13,493.87,195.0,298.87,5,David Park
SO-10119,2023-04-02,2023-04-16,In-Store,WARE-NBV1002,Southeast,North Carolina,Greensboro,Horizon Elite LLC,Retail,Furniture,Floor Lamp,159.99,72.0,7,1063.93,504.0,559.93,5,Robert Adams
SO-10120,2022-12-22,2022-12-27,In-Store,WARE-PJW3508,Southwest,Hawaii,Honolulu,Sterling Premier Supply,Government,Furniture,Hallway Table,279.99,132.0,7,1861.93,924.0,937.93,5,Emily Johnson
SO-10121,2022-01-27,2022-02-01,Online,WARE-NBV1002,Northeast,Pennsylvania,Pittsburgh,Digital Swift Corp,Enterprise,Office Supplies,Desk Organizer,29.99,11.0,12,341.88,132.0,209.88,5,David Park
SO-10122,2023-08-12,2023-08-15,Distributor,WARE-UHY1004,Southwest,Hawaii,Kaneohe,Pacific Digital Enterprises,Government,Clothing,Holiday Sweater,69.99,28.0,4,265.96,112.0,153.96,5,Rachel Scott
SO-10123,2023-06-15,2023-06-19,Distributor,WARE-NBV1002,South,Georgia,Columbus,Pioneer National Solutions,Enterprise,Electronics,iPhone 15,999.99,620.0,6,5999.94,3720.0,2279.94,0,Emily Johnson
SO-10124,2023-07-01,2023-07-06,In-Store,WARE-ATL5509,Southwest,Colorado,Colorado Springs,Bright Bright Corp,Government,Furniture,Bar Cart,299.99,140.0,4,1199.96,560.0,639.96,0,Lisa Chen
SO-10125,2023-10-19,2023-10-25,Online,WARE-MCD2201,Southeast,North Carolina,Charlotte,Central Core Retail,Government,Electronics,MacBook Air,1499.99,950.0,9,11474.91,8550.0,2924.91,15,Michael Brown
SO-10126,2023-02-20,2023-02-25,Wholesale,WARE-MCD2201,Southwest,Colorado,Fort Collins,Premier Digital Trading,Small Business,Office Supplies,Ergonomic Mouse,59.99,24.0,10,599.9,240.0,359.9,0,Lisa Chen
SO-10127,2022-12-20,2022-12-23,Distributor,WARE-UHY1004,Southeast,Virginia,Chesapeake,Unity Swift LLC,Retail,Furniture,Adjustable Monitor Stand,129.99,58.0,28,3457.72,1624.0,1833.72,5,Sarah Mitchell
SO-10128,2022-02-21,2022-03-03,Distributor,WARE-ATL5509,Midwest,Iowa,Cedar Rapids,Central National Corp,Enterprise,Office Supplies,Label Printer,179.99,82.0,10,1529.9,820.0,709.9,15,Emily Johnson
SO-10129,2022-11-12,2022-11-14,In-Store,WARE-ATL5509,South,Arkansas,Jonesboro,Unity Digital Group,Enterprise,Clothing,Athleisure Set,119.99,50.0,34,3753.26,1700.0,2053.26,8,James Carter
SO-10130,2023-07-04,2023-07-11,Distributor,WARE-MCD2201,Northeast,New Jersey,Elizabeth,Summit Advanced Supply,Enterprise,Clothing,Winter Coat,149.99,65.0,2,275.98,130.0,145.98,8,James Carter
SO-10131,2023-07-21,2023-07-24,Online,WARE-UHY1004,West,California,Riverside,Digital Swift Co,Corporate,Office Supplies,Laminator,89.99,40.0,11,871.09,440.0,431.09,12,David Park
SO-10132,2022-07-23,2022-07-28,In-Store,WARE-PJW3508,Midwest,Indiana,Carmel,Metro Metro Inc,Retail,Furniture,Glass Desk,799.99,400.0,21,14783.79,8400.0,6383.79,12,Kevin Williams
SO-10133,2023-09-20,2023-09-24,Wholesale,WARE-ATL5509,West,Oregon,Hillsboro,Sterling Bright Solutions,Enterprise,Office Supplies,Binding Machine,149.99,68.0,11,1402.39,748.0,654.39,15,Amanda Torres
SO-10134,2023-08-21,2023-08-27,In-Store,WARE-NBV1002,Northeast,Rhode Island,Warwick,Core Horizon Co,Government,Electronics,Smart Display,349.99,165.0,11,3849.89,1815.0,2034.89,0,Amanda Torres
SO-10135,2023-11-29,2023-12-01,Distributor,WARE-MCD2201,South,Oklahoma,Lawton,Elite Global Enterprises,Small Business,Clothing,Casual Pants,69.99,28.0,18,1259.82,504.0,755.82,0,David Park
SO-10136,2024-01-15,2024-01-21,Wholesale,WARE-ATL5509,Southwest,Utah,West Jordan,Elite Swift Solutions,Retail,Clothing,Suit Set,299.99,135.0,2,527.98,270.0,257.98,12,Lisa Chen
SO-10137,2022-12-29,2023-01-04,Distributor,WARE-UHY1004,South,Arkansas,Jonesboro,National Advanced Commerce,Enterprise,Furniture,Laptop Cart,299.99,145.0,19,5528.81,2755.0,2773.81,3,Michael Brown
SO-10138,2022-12-24,2022-12-28,Distributor,WARE-UHY1004,Southwest,Utah,West Jordan,Swift Coastal Trading,Enterprise,Furniture,Credenza,649.99,320.0,20,11049.8,6400.0,4649.8,15,James Carter
SO-10139,2022-09-20,2022-09-24,Distributor,WARE-UHY1004,Midwest,Ohio,Cincinnati,Advanced Swift Supply,Corporate,Clothing,Board Shorts,54.99,21.0,16,774.24,336.0,438.24,12,Rachel Scott
SO-10140,2023-06-28,2023-07-04,Wholesale,WARE-NBV1002,Southwest,Utah,West Valley City,Atlantic Central Solutions,Small Business,Electronics,Satellite Phone,799.99,420.0,9,7199.91,3780.0,3419.91,0,James Carter
SO-10141,2023-10-29,2023-11-04,Online,WARE-NBV1002,Southeast,Virginia,Richmond,Pioneer Sterling Retail,Government,Clothing,Athleisure Set,119.99,50.0,7,797.93,350.0,447.93,5,Emily Johnson
SO-10142,2022-06-30,2022-07-14,Distributor,WARE-NBV1002,Southeast,District of Columbia,Washington,Horizon Premier Supply,Corporate,Office Supplies,Stapler Heavy Duty,29.99,11.0,3,82.77,33.0,49.77,8,Michael Brown
SO-10143,2023-04-11,2023-04-16,In-Store,WARE-NBV1002,Southeast,Delaware,Wilmington,Unity Digital Co,Enterprise,Furniture,Mesh Chair,319.99,155.0,18,5759.82,2790.0,2969.82,0,Robert Adams
SO-10144,2024-01-25,2024-01-31,Wholesale,WARE-MCD2201,Southwest,Hawaii,Kailua,Elite Premier Distributors,Government,Office Supplies,Ergonomic Chair,349.99,175.0,11,3272.39,1925.0,1347.39,15,Lisa Chen
SO-10145,2023-05-04,2023-05-14,Wholesale,WARE-PJW3508,Northeast,Vermont,Burlington,Advanced Coastal Group,Enterprise,Office Supplies,Document Scanner,299.99,145.0,11,3299.89,1595.0,1704.89,0,Michael Brown
SO-10146,2023-01-04,2023-01-07,Wholesale,WARE-ATL5509,Southeast,District of Columbia,Washington,Digital Sterling Corp,Enterprise,Furniture,Accent Table,199.99,92.0,8,1599.92,736.0,863.92,0,Sarah Mitchell
SO-10147,2022-05-17,2022-05-21,Wholesale,WARE-ATL5509,Southwest,Colorado,Aurora,Apex Central Supply,Small Business,Office Supplies,Whiteboard,159.99,72.0,16,2175.84,1152.0,1023.84,15,Emily Johnson
SO-10148,2023-12-22,2023-12-25,In-Store,WARE-ATL5509,Southwest,Arizona,Scottsdale,Atlantic Metro Commerce,Government,Clothing,Linen Shirt,54.99,21.0,26,1215.24,546.0,669.24,15,Robert Adams
SO-10149,2023-11-28,2023-12-04,Online,WARE-MCD2201,South,Alabama,Tuscaloosa,Pacific Unity Enterprises,Small Business,Clothing,Summer Dress,79.99,30.0,16,1151.84,480.0,671.84,10,Kevin Williams
SO-10150,2023-04-19,2023-04-25,In-Store,WARE-ATL5509,West,New Mexico,Roswell,Advanced Global Supply,Corporate,Electronics,Wi-Fi Mesh System,399.99,190.0,10,3679.9,1900.0,1779.9,8,James Carter
SO-10151,2023-04-29,2023-05-03,Wholesale,WARE-MCD2201,West,Nevada,Las Vegas,Summit Central Solutions,Retail,Electronics,Surface Laptop,1399.99,870.0,2,2799.98,1740.0,1059.98,0,David Park
SO-10152,2022-07-02,2022-07-07,Distributor,WARE-MCD2201,Northeast,New Hampshire,Nashua,National Global Inc,Government,Furniture,Corner Desk,699.99,345.0,19,13299.81,6555.0,6744.81,0,David Park
SO-10153,2022-12-21,2022-12-25,Online,WARE-UHY1004,Southeast,West Virginia,Huntington,Metro Central Distributors,Small Business,Office Supplies,Tape Dispenser,24.99,9.0,12,299.88,108.0,191.88,0,Sarah Mitchell
SO-10154,2024-01-29,2024-02-03,In-Store,WARE-ATL5509,Northeast,New York,Rochester,Swift Elite Inc,Enterprise,Electronics,Gaming PC,2499.99,1450.0,2,4849.98,2900.0,1949.98,3,Emily Johnson
SO-10155,2022-11-06,2022-11-20,Distributor,WARE-NBV1002,Southwest,Wyoming,Rock Springs,National Central Co,Government,Furniture,Lounge Chair,399.99,195.0,12,4223.88,2340.0,1883.88,12,Rachel Scott
SO-10156,2022-12-19,2022-12-25,Distributor,WARE-MCD2201,Southwest,Nevada,North Las Vegas,Central Central Corp,Small Business,Clothing,Formal Jacket,129.99,55.0,27,3334.23,1485.0,1849.23,5,Kevin Williams
SO-10157,2022-05-28,2022-06-07,In-Store,WARE-MCD2201,West,Colorado,Colorado Springs,Central Central Commerce,Small Business,Furniture,Floor Lamp,159.99,72.0,15,2111.85,1080.0,1031.85,12,Michael Brown
SO-10158,2022-04-05,2022-04-11,Online,WARE-NBV1002,South,Alabama,Birmingham,Metro Advanced Trading,Small Business,Clothing,Turtleneck,59.99,24.0,18,1047.42,432.0,615.42,3,Rachel Scott
SO-10159,2022-11-07,2022-11-11,In-Store,WARE-MCD2201,Southwest,Utah,West Jordan,Atlantic Horizon Group,Small Business,Office Supplies,Binding Machine,149.99,68.0,3,436.47,204.0,232.47,3,Kevin Williams
SO-10160,2023-10-27,2023-10-31,Online,WARE-MCD2201,Midwest,Wisconsin,Kenosha,Unity Horizon Enterprises,Enterprise,Clothing,Linen Pants,64.99,26.0,12,740.88,312.0,428.88,5,Emily Johnson
SO-10161,2022-08-15,2022-08-17,Wholesale,WARE-PJW3508,Midwest,Indiana,South Bend,Bright Bright Supply,Small Business,Electronics,NAS Storage,899.99,450.0,6,4751.94,2700.0,2051.94,12,Emily Johnson
SO-10162,2023-07-18,2023-07-28,Wholesale,WARE-MCD2201,Midwest,Minnesota,Duluth,Advanced Horizon Supply,Small Business,Office Supplies,Desk Organizer,29.99,11.0,22,626.78,242.0,384.78,5,Lisa Chen
SO-10163,2023-07-10,2023-07-20,Online,WARE-NBV1002,South,Georgia,Athens,Metro Pacific Retail,Retail,Clothing,Chinos,74.99,30.0,22,1451.78,660.0,791.78,12,Robert Adams
SO-10164,2022-08-12,2022-08-17,Wholesale,WARE-NBV1002,Southwest,Utah,Salt Lake City,Core Core Enterprises,Corporate,Office Supplies,Ergonomic Chair,349.99,175.0,18,6299.82,3150.0,3149.82,0,Kevin Williams
SO-10165,2024-01-10,2024-01-15,Wholesale,WARE-UHY1004,Southeast,West Virginia,Charleston,Global Unity Supply,Corporate,Electronics,USB Microphone,179.99,78.0,9,1538.91,702.0,836.91,5,Sarah Mitchell
SO-10166,2023-06-24,2023-07-01,Wholesale,WARE-MCD2201,Southeast,Virginia,Norfolk,Coastal Pacific Solutions,Government,Office Supplies,Copier Machine,1299.99,680.0,10,12349.9,6800.0,5549.9,5,Emily Johnson
SO-10167,2023-10-28,2023-10-31,Online,WARE-NBV1002,Southwest,Utah,Provo,Coastal Swift Enterprises,Small Business,Electronics,Kindle Paperwhite,139.99,62.0,2,257.58,124.0,133.58,8,Sarah Mitchell
SO-10168,2022-02-13,2022-02-17,Online,WARE-PJW3508,West,Utah,Provo,Horizon Advanced Inc,Government,Electronics,USB Microphone,179.99,78.0,8,1223.92,624.0,599.92,15,Rachel Scott
SO-10169,2022-08-01,2022-08-04,In-Store,WARE-ATL5509,Southwest,New Mexico,Las Cruces,Pacific Sterling Corp,Retail,Furniture,Standing Desk,699.99,350.0,20,12879.8,7000.0,5879.8,8,Kevin Williams
SO-10170,2024-02-03,2024-02-06,Wholesale,WARE-PJW3508,Midwest,Missouri,St. Louis,National Pacific Solutions,Corporate,Electronics,Conference Camera,449.99,210.0,12,4967.88,2520.0,2447.88,8,Michael Brown
SO-10171,2023-01-20,2023-01-24,Distributor,WARE-UHY1004,West,New Mexico,Las Cruces,Coastal Pacific Distributors,Corporate,Furniture,Laptop Cart,299.99,145.0,14,3569.86,2030.0,1539.86,15,Sarah Mitchell
SO-10172,2023-02-03,2023-02-08,Distributor,WARE-PJW3508,Midwest,Michigan,Sterling Heights,Global Sterling Enterprises,Corporate,Office Supplies,Letter Opener,14.99,5.0,11,164.89,55.0,109.89,0,Robert Adams
SO-10173,2023-07-23,2023-07-28,Online,WARE-ATL5509,Northeast,Connecticut,Stamford,Pacific Apex Commerce,Government,Clothing,Linen Pants,64.99,26.0,18,1169.82,468.0,701.82,0,Lisa Chen
SO-10174,2024-03-08,2024-03-14,In-Store,WARE-MCD2201,West,California,Oakland,National Bright Commerce,Small Business,Clothing,Velvet Blazer,179.99,80.0,3,475.17,240.0,235.17,12,Robert Adams
SO-10175,2022-03-06,2022-03-11,Distributor,WARE-PJW3508,Midwest,Wisconsin,Green Bay,Sterling Horizon LLC,Small Business,Clothing,Casual Pants,69.99,28.0,6,386.34,168.0,218.34,8,Amanda Torres
SO-10176,2022-05-19,2022-05-21,Distributor,WARE-MCD2201,Southeast,Delaware,Dover,Pioneer Core Trading,Enterprise,Clothing,Summer Dress,79.99,30.0,10,735.9,300.0,435.9,8,David Park
SO-10177,2023-12-13,2023-12-18,Wholesale,WARE-ATL5509,Southwest,Nevada,Reno,Coastal Pioneer Co,Small Business,Furniture,Bar Cart,299.99,140.0,15,4499.85,2100.0,2399.85,0,Lisa Chen
SO-10178,2023-08-01,2023-08-06,Wholesale,WARE-UHY1004,West,Arizona,Chandler,Premier Swift Inc,Retail,Furniture,Corner Desk,699.99,345.0,8,4927.92,2760.0,2167.92,12,Michael Brown
SO-10179,2023-10-11,2023-10-15,Wholesale,WARE-ATL5509,Southwest,Arizona,Chandler,Central Coastal LLC,Retail,Clothing,Casual Pants,69.99,28.0,10,699.9,280.0,419.9,0,Rachel Scott
SO-10180,2022-02-07,2022-02-13,In-Store,WARE-PJW3508,West,Idaho,Pocatello,Core Pacific LLC,Small Business,Clothing,Linen Pants,64.99,26.0,12,686.28,312.0,374.28,12,Rachel Scott
SO-10181,2022-01-11,2022-01-15,In-Store,WARE-MCD2201,Northeast,Vermont,Rutland,Unity Swift Distributors,Enterprise,Clothing,Summer Dress,79.99,30.0,4,281.56,120.0,161.56,12,David Park
SO-10182,2022-01-26,2022-01-29,In-Store,WARE-PJW3508,West,Montana,Helena,Pacific Atlantic Supply,Enterprise,Office Supplies,Laminator,89.99,40.0,16,1324.64,640.0,684.64,8,Lisa Chen
SO-10183,2023-05-03,2023-05-08,Online,WARE-NBV1002,West,Colorado,Lakewood,Pioneer Pacific Co,Corporate,Clothing,Turtleneck,59.99,24.0,4,215.96,96.0,119.96,10,Lisa Chen
SO-10184,2022-06-28,2022-07-02,Wholesale,WARE-UHY1004,Southwest,Arizona,Tucson,Central Digital Group,Small Business,Office Supplies,Card Reader,39.99,15.0,19,668.61,285.0,383.61,12,David Park
SO-10185,2023-08-30,2023-09-04,Online,WARE-ATL5509,West,California,Riverside,Elite Advanced Supply,Corporate,Office Supplies,Tape Dispenser,24.99,9.0,15,363.6,135.0,228.6,3,Kevin Williams
SO-10186,2022-04-27,2022-05-03,Wholesale,WARE-ATL5509,South,Alabama,Montgomery,Unity Pioneer Distributors,Retail,Office Supplies,Tape Dispenser,24.99,9.0,9,202.41,81.0,121.41,10,Rachel Scott
SO-10187,2022-06-26,2022-07-06,Online,WARE-UHY1004,Northeast,Rhode Island,Warwick,Pacific Summit Solutions,Enterprise,Clothing,Country Boots,119.99,52.0,11,1121.89,572.0,549.89,15,Sarah Mitchell
SO-10188,2023-09-03,2023-09-08,In-Store,WARE-ATL5509,South,Alabama,Huntsville,Premier Horizon Retail,Small Business,Clothing,Holiday Sweater,69.99,28.0,5,321.95,140.0,181.95,8,Amanda Torres
SO-10189,2023-09-27,2023-10-04,Wholesale,WARE-ATL5509,Midwest,Michigan,Grand Rapids,Horizon Summit Group,Government,Furniture,Lateral File Cabinet,399.99,192.0,2,799.98,384.0,415.98,0,Amanda Torres
SO-10190,2022-06-21,2022-06-26,In-Store,WARE-ATL5509,West,New Mexico,Santa Fe,Sterling Metro Co,Enterprise,Clothing,Athleisure Set,119.99,50.0,4,465.56,200.0,265.56,3,Robert Adams
SO-10191,2022-04-27,2022-05-03,Wholesale,WARE-ATL5509,West,Montana,Bozeman,Swift Metro Supply,Small Business,Electronics,NAS Storage,899.99,450.0,9,7694.91,4050.0,3644.91,5,David Park
SO-10192,2022-09-27,2022-10-04,In-Store,WARE-ATL5509,Northeast,Pennsylvania,Allentown,Digital Atlantic Group,Enterprise,Electronics,Smart Thermostat,249.99,115.0,12,2999.88,1380.0,1619.88,0,Rachel Scott
SO-10193,2022-07-31,2022-08-05,In-Store,WARE-PJW3508,Southwest,Alaska,Fairbanks,Advanced Core Commerce,Enterprise,Office Supplies,Filing Cabinet,199.99,95.0,3,527.97,285.0,242.97,12,Michael Brown
SO-10194,2024-02-08,2024-02-18,In-Store,WARE-PJW3508,Southeast,Maryland,Bowie,Summit Summit Group,Small Business,Electronics,Smart Monitor 27,599.99,290.0,14,7979.86,4060.0,3919.86,5,David Park
SO-10195,2023-03-01,2023-03-06,Distributor,WARE-PJW3508,West,Oregon,Hillsboro,Coastal Unity Supply,Retail,Furniture,Accent Table,199.99,92.0,13,2599.87,1196.0,1403.87,0,Amanda Torres
SO-10196,2023-04-15,2023-04-22,In-Store,WARE-MCD2201,Midwest,Nebraska,Omaha,Coastal Elite Trading,Enterprise,Electronics,Bloomberg Terminal,5999.99,3800.0,12,63359.88,45600.0,17759.88,12,Lisa Chen
SO-10197,2023-05-12,2023-05-19,Wholesale,WARE-NBV1002,Midwest,Indiana,Carmel,Metro Atlantic Retail,Corporate,Office Supplies,Label Maker,59.99,24.0,11,659.89,264.0,395.89,0,Robert Adams
SO-10198,2023-12-07,2023-12-14,Distributor,WARE-PJW3508,West,New Mexico,Albuquerque,Premier Advanced LLC,Corporate,Clothing,Denim Jacket,89.99,38.0,11,940.39,418.0,522.39,5,Lisa Chen
SO-10199,2022-11-09,2022-11-14,Wholesale,WARE-NBV1002,Southwest,Nevada,Las Vegas,Atlantic Global Group,Small Business,Clothing,Board Shorts,54.99,21.0,17,934.83,357.0,577.83,0,Rachel Scott
SO-10200,2023-12-14,2023-12-21,In-Store,WARE-MCD2201,South,Oklahoma,Broken Arrow,Summit Horizon LLC,Corporate,Electronics,Laptop Pro 15,1299.99,780.0,24,28703.76,18720.0,9983.76,8,Sarah Mitchell
SO-10201,2023-01-27,2023-02-02,Online,WARE-ATL5509,Northeast,Rhode Island,Warwick,Pacific Unity Distributors,Small Business,Furniture,Glass Desk,799.99,400.0,5,3999.95,2000.0,1999.95,0,Amanda Torres
SO-10202,2023-12-05,2023-12-12,Wholesale,WARE-PJW3508,Midwest,Minnesota,Saint Paul,Atlantic Summit LLC,Retail,Clothing,Country Boots,119.99,52.0,31,3719.69,1612.0,2107.69,0,Lisa Chen
SO-10203,2023-07-21,2023-07-27,Distributor,WARE-UHY1004,South,Tennessee,Knoxville,Sterling Global Retail,Government,Electronics,Gaming PC,2499.99,1450.0,21,44624.79,30450.0,14174.79,15,Rachel Scott
SO-10204,2022-02-25,2022-03-02,Online,WARE-ATL5509,Southeast,Virginia,Richmond,National Horizon Retail,Corporate,Furniture,Accent Table,199.99,92.0,8,1599.92,736.0,863.92,0,Lisa Chen
SO-10205,2023-07-14,2023-07-20,Online,WARE-PJW3508,Midwest,Michigan,Sterling Heights,Global Bright LLC,Small Business,Clothing,Turtleneck,59.99,24.0,7,419.93,168.0,251.93,0,James Carter
SO-10206,2023-12-31,2024-01-06,In-Store,WARE-PJW3508,Northeast,Vermont,Montpelier,Coastal Pacific Retail,Corporate,Furniture,Accent Table,199.99,92.0,35,6439.65,3220.0,3219.65,8,Michael Brown
SO-10207,2022-12-01,2022-12-06,In-Store,WARE-NBV1002,Northeast,New Hampshire,Nashua,Sterling Central Supply,Small Business,Office Supplies,Calligraphy Set,39.99,15.0,28,1119.72,420.0,699.72,0,Sarah Mitchell
SO-10208,2023-11-14,2023-11-17,Distributor,WARE-ATL5509,West,Washington,Bellevue,Global Premier Enterprises,Government,Electronics,Smart TV 55,799.99,400.0,14,11199.86,5600.0,5599.86,0,Michael Brown
SO-10209,2022-05-01,2022-05-05,Distributor,WARE-ATL5509,South,Alabama,Huntsville,Advanced Unity LLC,Corporate,Furniture,Adjustable Monitor Stand,129.99,58.0,1,119.59,58.0,61.59,8,Amanda Torres
SO-10210,2023-08-04,2023-08-09,Online,WARE-UHY1004,West,Idaho,Meridian,Atlantic Bright Retail,Government,Electronics,Ring Light,89.99,36.0,7,598.43,252.0,346.43,5,James Carter
SO-10211,2023-01-08,2023-01-18,Wholesale,WARE-UHY1004,Northeast,New York,Buffalo,Metro Swift Supply,Enterprise,Electronics,Video Doorbell,179.99,80.0,13,2339.87,1040.0,1299.87,0,Emily Johnson
SO-10212,2023-01-17,2023-01-22,Online,WARE-MCD2201,West,Nevada,Reno,Premier National Commerce,Corporate,Electronics,NAS Storage,899.99,450.0,4,3599.96,1800.0,1799.96,0,Amanda Torres
SO-10213,2023-04-13,2023-04-18,In-Store,WARE-MCD2201,Midwest,Wisconsin,Green Bay,Bright Sterling Supply,Enterprise,Electronics,Wi-Fi Mesh System,399.99,190.0,1,379.99,190.0,189.99,5,Rachel Scott
SO-10214,2022-01-07,2022-01-09,Online,WARE-MCD2201,West,Colorado,Lakewood,Apex Global Solutions,Enterprise,Office Supplies,Document Scanner,299.99,145.0,14,3695.86,2030.0,1665.86,12,Sarah Mitchell
SO-10215,2022-03-03,2022-03-09,Wholesale,WARE-PJW3508,South,Oklahoma,Tulsa,Metro National Commerce,Retail,Clothing,Athleisure Set,119.99,50.0,5,599.95,250.0,349.95,0,Sarah Mitchell
SO-10216,2023-02-08,2023-02-13,Distributor,WARE-PJW3508,Southeast,North Carolina,Winston-Salem,Central Summit Group,Enterprise,Office Supplies,Ink Tank Printer,399.99,195.0,3,1199.97,585.0,614.97,0,David Park
SO-10217,2022-08-28,2022-09-07,Online,WARE-UHY1004,Southwest,Wyoming,Laramie,Bright Atlantic Corp,Retail,Clothing,Rain Jacket,99.99,42.0,4,399.96,168.0,231.96,0,Amanda Torres
SO-10218,2023-04-08,2023-04-13,Distributor,WARE-ATL5509,Midwest,Missouri,Kansas City,Pacific Premier Retail,Corporate,Furniture,Modular Sofa,1499.99,750.0,10,14999.9,7500.0,7499.9,0,Emily Johnson
SO-10219,2023-02-10,2023-02-12,Wholesale,WARE-MCD2201,Midwest,Michigan,Detroit,Advanced Premier Inc,Government,Office Supplies,Laminator,89.99,40.0,17,1453.33,680.0,773.33,5,Kevin Williams
SO-10220,2022-05-05,2022-05-08,Distributor,WARE-NBV1002,South,Florida,Boca Raton,Summit Elite Trading,Government,Electronics,Smart Monitor 27,599.99,290.0,1,581.99,290.0,291.99,3,Rachel Scott
SO-10221,2023-10-24,2023-10-31,Wholesale,WARE-NBV1002,Midwest,Ohio,Columbus,Pioneer Atlantic Inc,Small Business,Electronics,Smart Watch,399.99,180.0,15,5999.85,2700.0,3299.85,0,Rachel Scott
SO-10222,2023-12-01,2023-12-05,Wholesale,WARE-UHY1004,West,Utah,West Jordan,Premier Advanced Co,Corporate,Electronics,Action Camera,349.99,170.0,30,10184.7,5100.0,5084.7,3,Rachel Scott
SO-10223,2023-02-26,2023-03-03,Wholesale,WARE-UHY1004,Southeast,Delaware,Dover,Advanced Coastal Corp,Government,Furniture,Credenza,649.99,320.0,18,11699.82,5760.0,5939.82,0,Emily Johnson
SO-10224,2023-07-12,2023-07-16,Distributor,WARE-UHY1004,Southwest,New Mexico,Santa Fe,Unity Pioneer Trading,Corporate,Furniture,Credenza,649.99,320.0,17,9392.33,5440.0,3952.33,15,Lisa Chen
SO-10225,2023-04-29,2023-05-04,In-Store,WARE-UHY1004,Southeast,Virginia,Virginia Beach,National Premier LLC,Enterprise,Furniture,Conference Table,999.99,520.0,17,14449.83,8840.0,5609.83,15,Kevin Williams
SO-10226,2022-06-27,2022-07-01,Distributor,WARE-ATL5509,Southwest,New Mexico,Las Cruces,Apex Bright Inc,Government,Clothing,Turtleneck,59.99,24.0,7,398.93,168.0,230.93,5,Robert Adams
SO-10227,2023-05-18,2023-05-21,Wholesale,WARE-NBV1002,Southeast,Virginia,Richmond,Core National Inc,Enterprise,Furniture,Work Bench,549.99,270.0,2,1066.98,540.0,526.98,3,Rachel Scott
SO-10228,2022-03-02,2022-03-05,Online,WARE-PJW3508,South,Georgia,Augusta,Atlantic Unity Solutions,Retail,Office Supplies,Binding Machine,149.99,68.0,1,149.99,68.0,81.99,0,Rachel Scott
SO-10229,2022-06-11,2022-06-17,Distributor,WARE-UHY1004,Northeast,Rhode Island,Warwick,Pioneer Premier Supply,Government,Furniture,Glass Desk,799.99,400.0,15,10799.85,6000.0,4799.85,10,Robert Adams
SO-10230,2024-01-17,2024-01-27,In-Store,WARE-ATL5509,West,Arizona,Mesa,Coastal Bright Inc,Enterprise,Office Supplies,Projector,699.99,340.0,1,594.99,340.0,254.99,15,Rachel Scott
SO-10231,2022-12-06,2022-12-10,Distributor,WARE-MCD2201,South,South Carolina,Columbia,Premier Pacific Supply,Corporate,Clothing,Casual Pants,69.99,28.0,7,465.43,196.0,269.43,5,Michael Brown
SO-10232,2024-03-16,2024-03-22,Wholesale,WARE-UHY1004,South,Tennessee,Nashville,Coastal Digital Supply,Retail,Furniture,Ergonomic Chair Pro,449.99,218.0,4,1799.96,872.0,927.96,0,Amanda Torres
SO-10233,2023-05-06,2023-05-10,Distributor,WARE-PJW3508,West,Nevada,Sparks,Metro Sterling Inc,Corporate,Clothing,Summer Dress,79.99,30.0,8,639.92,240.0,399.92,0,Sarah Mitchell
SO-10234,2022-03-18,2022-03-28,Wholesale,WARE-NBV1002,Midwest,Michigan,Sterling Heights,Pioneer Core Distributors,Retail,Office Supplies,Letter Opener,14.99,5.0,18,269.82,90.0,179.82,0,Robert Adams
SO-10235,2022-12-06,2022-12-20,Distributor,WARE-PJW3508,Southeast,West Virginia,Huntington,Swift Swift Co,Small Business,Electronics,iPhone 15 Pro,1199.99,780.0,16,17663.84,12480.0,5183.84,8,Sarah Mitchell
SO-10236,2022-02-25,2022-02-27,In-Store,WARE-NBV1002,Northeast,Vermont,Montpelier,Sterling Core Enterprises,Corporate,Clothing,Casual Pants,69.99,28.0,12,839.88,336.0,503.88,0,Emily Johnson
SO-10237,2022-11-12,2022-11-17,In-Store,WARE-PJW3508,South,Louisiana,New Orleans,Pacific Swift Trading,Retail,Clothing,Summer Dress,79.99,30.0,28,2127.72,840.0,1287.72,5,Lisa Chen
SO-10238,2023-04-22,2023-04-26,Online,WARE-NBV1002,South,Arkansas,Little Rock,Bright Metro Corp,Enterprise,Furniture,Lateral File Cabinet,399.99,192.0,9,3419.91,1728.0,1691.91,5,Kevin Williams
SO-10239,2023-06-20,2023-06-30,Distributor,WARE-NBV1002,West,Montana,Missoula,Bright National Enterprises,Retail,Electronics,Action Camera,349.99,170.0,15,4724.85,2550.0,2174.85,10,James Carter
SO-10240,2024-02-15,2024-02-19,Online,WARE-MCD2201,Southeast,Delaware,Smyrna,Elite Elite Corp,Corporate,Office Supplies,Label Printer,179.99,82.0,15,2699.85,1230.0,1469.85,0,David Park
SO-10241,2024-01-15,2024-01-18,Distributor,WARE-ATL5509,South,Georgia,Macon,Coastal Swift Solutions,Retail,Furniture,Office Chair,299.99,145.0,3,791.97,435.0,356.97,12,James Carter
SO-10242,2022-06-01,2022-06-06,Distributor,WARE-ATL5509,Southwest,Alaska,Anchorage,Atlantic Bright LLC,Enterprise,Clothing,Casual Pants,69.99,28.0,20,1399.8,560.0,839.8,0,David Park
SO-10243,2022-06-26,2022-07-01,Wholesale,WARE-PJW3508,Midwest,Missouri,Columbia,Core Coastal Inc,Small Business,Clothing,Formal Jacket,129.99,55.0,10,1104.9,550.0,554.9,15,James Carter
SO-10244,2022-12-12,2022-12-16,Distributor,WARE-MCD2201,Southwest,Hawaii,Kailua,Atlantic National Corp,Enterprise,Furniture,Standing Desk,699.99,350.0,22,13859.78,7700.0,6159.78,10,Michael Brown
SO-10245,2023-03-29,2023-04-08,Online,WARE-ATL5509,Southwest,Alaska,Ketchikan,Horizon Unity Solutions,Small Business,Electronics,Smart Watch,399.99,180.0,7,2575.93,1260.0,1315.93,8,Sarah Mitchell
SO-10246,2023-08-06,2023-08-10,Wholesale,WARE-NBV1002,Midwest,Kansas,Olathe,Metro National Inc,Enterprise,Office Supplies,Card Reader,39.99,15.0,2,77.58,30.0,47.58,3,Emily Johnson
SO-10247,2022-05-07,2022-05-11,Wholesale,WARE-ATL5509,Midwest,Indiana,South Bend,Core Digital Corp,Government,Clothing,Board Shorts,54.99,21.0,1,49.49,21.0,28.49,10,Lisa Chen
SO-10248,2022-01-29,2022-01-31,In-Store,WARE-UHY1004,Midwest,Michigan,Warren,Elite National Retail,Enterprise,Electronics,Server Unit,4999.99,2800.0,13,55249.87,36400.0,18849.87,15,David Park
SO-10249,2023-10-25,2023-10-31,Distributor,WARE-PJW3508,Southeast,North Carolina,Charlotte,National Advanced Distributors,Retail,Clothing,Casual Pants,69.99,28.0,6,419.94,168.0,251.94,0,David Park
SO-10250,2022-11-06,2022-11-11,Distributor,WARE-PJW3508,Midwest,Iowa,Davenport,Unity Apex Commerce,Corporate,Office Supplies,Tape Dispenser,24.99,9.0,28,699.72,252.0,447.72,0,Amanda Torres
SO-10251,2022-09-25,2022-09-29,Wholesale,WARE-PJW3508,Northeast,Rhode Island,Warwick,National Metro Distributors,Small Business,Furniture,Ergonomic Chair Pro,449.99,218.0,10,3959.9,2180.0,1779.9,12,James Carter
SO-10252,2023-02-19,2023-02-25,In-Store,WARE-ATL5509,Southwest,Hawaii,Kailua,Bright Elite Solutions,Retail,Furniture,Storage Cabinet,449.99,215.0,13,4972.37,2795.0,2177.37,15,Lisa Chen
SO-10253,2022-04-10,2022-04-13,Distributor,WARE-NBV1002,Southeast,Maryland,Frederick,Swift Premier Retail,Small Business,Office Supplies,Heavy Duty Punch,79.99,34.0,16,1215.84,544.0,671.84,5,Lisa Chen
SO-10254,2022-09-24,2022-09-29,Online,WARE-MCD2201,South,Louisiana,Lafayette,Horizon Metro Retail,Small Business,Furniture,Reception Desk,849.99,430.0,10,8499.9,4300.0,4199.9,0,Kevin Williams
SO-10255,2022-02-25,2022-02-28,Wholesale,WARE-UHY1004,Northeast,Vermont,Montpelier,Pioneer Central Distributors,Enterprise,Furniture,Storage Cabinet,449.99,215.0,5,2182.45,1075.0,1107.45,3,Robert Adams
SO-10256,2023-10-12,2023-10-14,In-Store,WARE-MCD2201,Northeast,Maine,Bangor,Elite Premier Distributors,Corporate,Office Supplies,Binding Machine,149.99,68.0,2,284.98,136.0,148.98,5,Robert Adams
SO-10257,2023-05-04,2023-05-06,Distributor,WARE-ATL5509,Southeast,West Virginia,Parkersburg,Elite Apex Inc,Small Business,Clothing,Holiday Sweater,69.99,28.0,13,800.67,364.0,436.67,12,James Carter
SO-10258,2022-12-19,2022-12-22,In-Store,WARE-NBV1002,Southwest,New Mexico,Las Cruces,Unity Bright Co,Corporate,Office Supplies,Wireless Keyboard,89.99,38.0,22,1821.38,836.0,985.38,8,Michael Brown
SO-10259,2023-12-05,2023-12-09,Wholesale,WARE-NBV1002,Midwest,Iowa,Iowa City,Apex Elite Corp,Small Business,Furniture,Storage Cabinet,449.99,215.0,11,4454.89,2365.0,2089.89,10,Emily Johnson
SO-10260,2023-06-01,2023-06-04,Online,WARE-ATL5509,Southwest,Nevada,Henderson,Coastal Advanced Commerce,Corporate,Electronics,External SSD,129.99,55.0,7,909.93,385.0,524.93,0,Sarah Mitchell
SO-10261,2023-03-31,2023-04-03,Online,WARE-PJW3508,Southwest,New Mexico,Albuquerque,Horizon Summit Group,Retail,Electronics,Smart Display,349.99,165.0,13,4322.37,2145.0,2177.37,5,Sarah Mitchell
SO-10262,2022-04-18,2022-04-24,Wholesale,WARE-UHY1004,Southwest,Colorado,Lakewood,Sterling Atlantic LLC,Government,Office Supplies,Stapler Heavy Duty,29.99,11.0,17,509.83,187.0,322.83,0,Emily Johnson
SO-10263,2023-02-24,2023-02-28,Wholesale,WARE-PJW3508,Midwest,Kansas,Overland Park,Horizon Elite Supply,Small Business,Furniture,Floor Lamp,159.99,72.0,10,1407.9,720.0,687.9,12,James Carter
SO-10264,2022-04-03,2022-04-06,Distributor,WARE-PJW3508,Northeast,Massachusetts,Boston,Advanced National Enterprises,Retail,Clothing,Casual Pants,69.99,28.0,17,1189.83,476.0,713.83,0,James Carter
SO-10265,2024-03-31,2024-04-05,In-Store,WARE-UHY1004,Northeast,Connecticut,Hartford,Atlantic Metro Inc,Enterprise,Furniture,Reception Desk,849.99,430.0,11,9349.89,4730.0,4619.89,0,Lisa Chen
SO-10266,2022-12-17,2022-12-20,Wholesale,WARE-MCD2201,West,Montana,Great Falls,Digital Advanced Trading,Small Business,Electronics,4K Camera,1199.99,600.0,14,15455.86,8400.0,7055.86,8,Sarah Mitchell
SO-10267,2023-08-28,2023-09-04,Distributor,WARE-ATL5509,South,Texas,San Antonio,Premier Core Trading,Corporate,Electronics,Smart Display,349.99,165.0,17,5354.83,2805.0,2549.83,10,Robert Adams
SO-10268,2022-02-17,2022-02-21,In-Store,WARE-PJW3508,West,New Mexico,Albuquerque,Global Unity Supply,Government,Clothing,Golf Polo,64.99,26.0,3,185.22,78.0,107.22,5,Kevin Williams
SO-10269,2022-12-21,2022-12-24,In-Store,WARE-ATL5509,Southwest,Arizona,Chandler,Core Metro Inc,Retail,Office Supplies,Desk Organizer,29.99,11.0,27,712.53,297.0,415.53,12,Amanda Torres
SO-10270,2022-12-05,2022-12-08,In-Store,WARE-NBV1002,South,Florida,Boca Raton,Swift Coastal Trading,Retail,Furniture,Lounge Chair,399.99,195.0,20,7759.8,3900.0,3859.8,3,Amanda Torres
SO-10271,2022-11-20,2022-12-04,Online,WARE-ATL5509,Southeast,West Virginia,Charleston,Atlantic Coastal Trading,Government,Clothing,Golf Polo,64.99,26.0,10,649.9,260.0,389.9,0,James Carter
SO-10272,2023-11-19,2023-11-29,Distributor,WARE-ATL5509,Northeast,New Jersey,Edison,Metro National Enterprises,Government,Office Supplies,Ink Tank Printer,399.99,195.0,32,12159.68,6240.0,5919.68,5,Rachel Scott
SO-10273,2024-02-17,2024-02-19,Distributor,WARE-NBV1002,West,Nevada,North Las Vegas,Sterling Swift Commerce,Corporate,Electronics,iPhone 15 Pro,1199.99,780.0,8,9119.92,6240.0,2879.92,5,Robert Adams
SO-10274,2023-09-18,2023-09-22,Distributor,WARE-NBV1002,West,Oregon,Gresham,Elite Digital Group,Retail,Electronics,GPU Card,999.99,620.0,7,6439.93,4340.0,2099.93,8,James Carter
SO-10275,2023-08-27,2023-08-30,Online,WARE-ATL5509,Southwest,Arizona,Chandler,Global Unity Supply,Retail,Clothing,Swimwear,49.99,19.0,18,809.82,342.0,467.82,10,Rachel Scott
SO-10276,2022-05-12,2022-05-17,Wholesale,WARE-MCD2201,West,Idaho,Nampa,Core Pioneer Commerce,Government,Office Supplies,Letter Opener,14.99,5.0,4,50.96,20.0,30.96,15,Emily Johnson
SO-10277,2022-05-17,2022-05-22,In-Store,WARE-UHY1004,Midwest,Missouri,Springfield,Sterling Swift Solutions,Small Business,Furniture,Lateral File Cabinet,399.99,192.0,5,1759.95,960.0,799.95,12,Rachel Scott
SO-10278,2023-10-28,2023-11-02,Wholesale,WARE-ATL5509,Southwest,Colorado,Aurora,Atlantic Apex Commerce,Government,Office Supplies,Wireless Keyboard,89.99,38.0,6,512.94,228.0,284.94,5,David Park
SO-10279,2022-04-20,2022-04-25,In-Store,WARE-PJW3508,Southwest,Colorado,Fort Collins,Metro Elite Co,Enterprise,Electronics,USB Microphone,179.99,78.0,1,179.99,78.0,101.99,0,Robert Adams
SO-10280,2023-04-09,2023-04-15,In-Store,WARE-ATL5509,Northeast,New Jersey,Jersey City,National Swift Trading,Enterprise,Electronics,Drone Camera,799.99,400.0,4,2815.96,1600.0,1215.96,12,James Carter
SO-10281,2022-02-25,2022-03-03,Distributor,WARE-ATL5509,West,Utah,West Jordan,Core Digital Group,Government,Furniture,Laptop Cart,299.99,145.0,1,290.99,145.0,145.99,3,Rachel Scott
SO-10282,2023-12-01,2023-12-05,Online,WARE-MCD2201,South,Tennessee,Knoxville,Unity Atlantic Trading,Enterprise,Clothing,Chinos,74.99,30.0,7,524.93,210.0,314.93,0,Kevin Williams
SO-10283,2022-12-05,2022-12-11,Online,WARE-ATL5509,Midwest,Michigan,Grand Rapids,Metro Summit Solutions,Enterprise,Furniture,Standing Desk,699.99,350.0,32,22399.68,11200.0,11199.68,0,Amanda Torres
SO-10284,2022-11-22,2022-12-02,Wholesale,WARE-ATL5509,Southeast,Delaware,Newark,Pacific Unity Corp,Government,Electronics,Digital Whiteboard,1999.99,1100.0,17,29919.83,18700.0,11219.83,12,David Park
SO-10285,2022-12-06,2022-12-11,Online,WARE-NBV1002,Northeast,Rhode Island,Cranston,Core Unity Enterprises,Enterprise,Office Supplies,Ergonomic Mouse,59.99,24.0,24,1396.56,576.0,820.56,3,Amanda Torres
SO-10286,2023-11-30,2023-12-05,Distributor,WARE-NBV1002,South,South Carolina,Rock Hill,Coastal Advanced Commerce,Government,Office Supplies,Printer Cartridges,89.99,32.0,23,2069.77,736.0,1333.77,0,Lisa Chen
SO-10287,2022-02-14,2022-02-21,Online,WARE-UHY1004,Southeast,Kentucky,Covington,Pioneer Unity LLC,Government,Clothing,Athleisure Set,119.99,50.0,10,1163.9,500.0,663.9,3,Kevin Williams
SO-10288,2023-03-11,2023-03-15,Wholesale,WARE-PJW3508,Northeast,Massachusetts,Worcester,Pacific Summit Inc,Corporate,Office Supplies,Ergonomic Mouse,59.99,24.0,4,220.76,96.0,124.76,8,Sarah Mitchell
SO-10289,2022-03-14,2022-03-24,Wholesale,WARE-MCD2201,Northeast,New York,Buffalo,Coastal Digital Retail,Enterprise,Furniture,Laptop Cart,299.99,145.0,8,2207.92,1160.0,1047.92,8,James Carter
SO-10290,2024-01-08,2024-01-14,Online,WARE-PJW3508,West,Washington,Everett,Metro Pacific Solutions,Enterprise,Electronics,Kindle Paperwhite,139.99,62.0,3,356.97,186.0,170.97,15,Rachel Scott
SO-10291,2023-11-08,2023-11-13,Wholesale,WARE-ATL5509,Northeast,New Jersey,Elizabeth,National Summit Supply,Enterprise,Clothing,Velvet Blazer,179.99,80.0,4,633.56,320.0,313.56,12,Robert Adams
SO-10292,2022-02-12,2022-02-17,Distributor,WARE-UHY1004,Midwest,Indiana,Indianapolis,Swift Swift LLC,Enterprise,Office Supplies,Label Printer,179.99,82.0,1,165.59,82.0,83.59,8,Emily Johnson
SO-10293,2022-08-15,2022-08-22,Online,WARE-ATL5509,West,Idaho,Nampa,Atlantic Premier Retail,Retail,Office Supplies,Projector,699.99,340.0,21,14258.79,7140.0,7118.79,3,Kevin Williams
SO-10294,2022-07-22,2022-07-27,In-Store,WARE-NBV1002,Northeast,New Jersey,Newark,Apex Summit Retail,Enterprise,Furniture,Corner Desk,699.99,345.0,20,13299.8,6900.0,6399.8,5,Rachel Scott
SO-10295,2022-12-03,2022-12-09,Distributor,WARE-MCD2201,Northeast,Pennsylvania,Allentown,Bright Bright Solutions,Small Business,Clothing,Golf Polo,64.99,26.0,22,1429.78,572.0,857.78,0,James Carter
SO-10296,2023-01-04,2023-01-10,Distributor,WARE-PJW3508,Midwest,Minnesota,Saint Paul,Horizon Digital Enterprises,Retail,Clothing,Rain Jacket,99.99,42.0,5,474.95,210.0,264.95,5,Kevin Williams
SO-10297,2022-05-24,2022-05-28,Online,WARE-ATL5509,Northeast,Connecticut,Waterbury,Pacific Global Commerce,Government,Electronics,Desktop Computer,1499.99,890.0,18,26999.82,16020.0,10979.82,0,David Park
SO-10298,2023-07-07,2023-07-13,Distributor,WARE-UHY1004,Southeast,Virginia,Virginia Beach,Apex Coastal Group,Retail,Furniture,Laptop Cart,299.99,145.0,17,5099.83,2465.0,2634.83,0,Kevin Williams
SO-10299,2022-01-11,2022-01-18,Wholesale,WARE-UHY1004,Southeast,North Carolina,Durham,Premier Unity Corp,Small Business,Furniture,Partition Wall,349.99,168.0,8,2379.92,1344.0,1035.92,15,Rachel Scott
SO-10300,2022-02-11,2022-02-17,In-Store,WARE-NBV1002,Southeast,District of Columbia,Washington,Pacific Advanced Solutions,Small Business,Clothing,Turtleneck,59.99,24.0,8,465.52,192.0,273.52,3,Kevin Williams
SO-10301,2022-02-10,2022-02-13,In-Store,WARE-MCD2201,Midwest,Missouri,Columbia,Advanced Advanced Distributors,Retail,Clothing,Formal Jacket,129.99,55.0,11,1258.29,605.0,653.29,12,Lisa Chen
SO-10302,2022-08-17,2022-08-22,Online,WARE-ATL5509,Southeast,District of Columbia,Washington,Horizon Horizon Distributors,Small Business,Furniture,Bookshelf,249.99,110.0,18,4274.82,1980.0,2294.82,5,Amanda Torres
SO-10303,2022-06-03,2022-06-07,Distributor,WARE-NBV1002,South,Tennessee,Nashville,Atlantic National Trading,Retail,Furniture,Modular Sofa,1499.99,750.0,7,8924.93,5250.0,3674.93,15,Amanda Torres
SO-10304,2023-02-25,2023-03-01,In-Store,WARE-ATL5509,West,Colorado,Lakewood,Bright Bright Corp,Corporate,Office Supplies,Ink Tank Printer,399.99,195.0,1,399.99,195.0,204.99,0,Rachel Scott
SO-10305,2023-06-14,2023-06-19,In-Store,WARE-MCD2201,South,Texas,San Antonio,Global Sterling LLC,Government,Furniture,Work Bench,549.99,270.0,14,6544.86,3780.0,2764.86,15,Amanda Torres
SO-10306,2022-05-27,2022-06-02,Distributor,WARE-MCD2201,West,Oregon,Salem,Advanced Premier Supply,Government,Clothing,Country Boots,119.99,52.0,6,633.54,312.0,321.54,12,Rachel Scott
SO-10307,2022-04-22,2022-04-26,Online,WARE-UHY1004,Northeast,Pennsylvania,Erie,Central Summit Distributors,Retail,Clothing,Casual Pants,69.99,28.0,1,61.59,28.0,33.59,12,Rachel Scott
SO-10308,2023-05-09,2023-05-19,Wholesale,WARE-PJW3508,Southeast,North Carolina,Winston-Salem,Global Central Commerce,Corporate,Electronics,iPad Pro,1099.99,680.0,5,4839.95,3400.0,1439.95,12,Kevin Williams
SO-10309,2023-08-27,2023-08-30,Online,WARE-PJW3508,West,Colorado,Fort Collins,Advanced Horizon Group,Government,Clothing,Turtleneck,59.99,24.0,20,1199.8,480.0,719.8,0,Kevin Williams
SO-10310,2024-02-01,2024-02-06,In-Store,WARE-PJW3508,West,Arizona,Tucson,Unity Global Trading,Retail,Electronics,Digital Whiteboard,1999.99,1100.0,1,1999.99,1100.0,899.99,0,Lisa Chen
SO-10311,2023-07-03,2023-07-08,Wholesale,WARE-ATL5509,Northeast,Connecticut,Stamford,Advanced Coastal Group,Government,Furniture,Ergonomic Chair Pro,449.99,218.0,15,5737.35,3270.0,2467.35,15,Amanda Torres
SO-10312,2022-11-11,2022-11-17,In-Store,WARE-MCD2201,South,Alabama,Tuscaloosa,Summit Atlantic Supply,Small Business,Clothing,Rain Jacket,99.99,42.0,25,2299.75,1050.0,1249.75,8,Sarah Mitchell
SO-10313,2023-09-21,2023-09-25,Wholesale,WARE-NBV1002,South,Oklahoma,Broken Arrow,Pacific Summit Enterprises,Corporate,Furniture,Laptop Cart,299.99,145.0,2,599.98,290.0,309.98,0,Michael Brown
SO-10314,2023-01-29,2023-02-04,In-Store,WARE-MCD2201,South,Alabama,Birmingham,Sterling Core Inc,Retail,Electronics,Bloomberg Terminal,5999.99,3800.0,13,68639.87,49400.0,19239.87,12,James Carter
SO-10315,2024-03-13,2024-03-18,Online,WARE-PJW3508,South,Oklahoma,Norman,Core Premier Retail,Small Business,Office Supplies,Printer Cartridges,89.99,32.0,17,1483.93,544.0,939.93,3,James Carter
SO-10316,2023-11-17,2023-11-22,Online,WARE-NBV1002,South,Florida,Fort Lauderdale,Unity Global Supply,Government,Clothing,Turtleneck,59.99,24.0,28,1629.32,672.0,957.32,3,Michael Brown
SO-10317,2023-09-13,2023-09-18,In-Store,WARE-MCD2201,Southwest,Wyoming,Laramie,Bright Global Co,Government,Furniture,Lounge Chair,399.99,195.0,7,2575.93,1365.0,1210.93,8,Sarah Mitchell
SO-10318,2022-04-30,2022-05-10,Wholesale,WARE-MCD2201,Southeast,North Carolina,Winston-Salem,Bright Advanced Supply,Government,Furniture,Office Chair,299.99,145.0,17,4487.83,2465.0,2022.83,12,Amanda Torres
SO-10319,2022-01-29,2022-02-01,In-Store,WARE-PJW3508,South,Alabama,Mobile,Coastal National Retail,Retail,Clothing,Running Shoes,89.99,38.0,16,1439.84,608.0,831.84,0,Lisa Chen
SO-10320,2022-10-22,2022-10-27,Wholesale,WARE-PJW3508,Southeast,Delaware,Wilmington,Pacific Swift Corp,Enterprise,Furniture,Lounge Chair,399.99,195.0,3,1139.97,585.0,554.97,5,Emily Johnson
SO-10321,2024-01-25,2024-01-29,In-Store,WARE-UHY1004,Southeast,Maryland,Frederick,Advanced Elite Group,Government,Office Supplies,Desk Organizer,29.99,11.0,7,203.63,77.0,126.63,3,Lisa Chen
SO-10322,2023-11-11,2023-11-17,Distributor,WARE-MCD2201,South,Florida,Orlando,Metro Horizon Solutions,Government,Electronics,Laptop Cooling Pad,49.99,19.0,34,1495.66,646.0,849.66,12,Michael Brown
SO-10323,2022-08-16,2022-08-19,Online,WARE-ATL5509,West,Oregon,Hillsboro,Central Horizon Commerce,Enterprise,Furniture,Bookshelf,249.99,110.0,20,4399.8,2200.0,2199.8,12,David Park
SO-10324,2023-06-15,2023-06-19,Online,WARE-PJW3508,Southwest,Nevada,North Las Vegas,Global Elite Trading,Enterprise,Electronics,Portable Projector,499.99,245.0,16,7999.84,3920.0,4079.84,0,Rachel Scott
SO-10325,2022-10-03,2022-10-13,Wholesale,WARE-UHY1004,Midwest,Michigan,Ann Arbor,Apex Premier Enterprises,Retail,Furniture,Lounge Chair,399.99,195.0,16,6079.84,3120.0,2959.84,5,Lisa Chen
SO-10326,2023-08-09,2023-08-23,Wholesale,WARE-MCD2201,Midwest,Missouri,Springfield,Atlantic Advanced Group,Small Business,Clothing,Chinos,74.99,30.0,6,436.44,180.0,256.44,3,Robert Adams
SO-10327,2023-03-08,2023-03-11,Distributor,WARE-PJW3508,Southwest,Nevada,North Las Vegas,Swift Pioneer Enterprises,Government,Electronics,Bluetooth Speaker,149.99,58.0,16,2111.84,928.0,1183.84,12,Rachel Scott
SO-10328,2022-08-09,2022-08-14,Distributor,WARE-PJW3508,Northeast,Vermont,Burlington,Digital Pioneer Co,Government,Office Supplies,Printer Cartridges,89.99,32.0,10,899.9,320.0,579.9,0,Kevin Williams
SO-10329,2022-12-26,2022-12-31,Distributor,WARE-ATL5509,Midwest,Indiana,Indianapolis,Premier Sterling Solutions,Retail,Clothing,Summer Dress,79.99,30.0,15,1055.85,450.0,605.85,12,Amanda Torres
SO-10330,2023-10-09,2023-10-16,Wholesale,WARE-NBV1002,Northeast,Vermont,Montpelier,Central Core Distributors,Corporate,Furniture,Lateral File Cabinet,399.99,192.0,5,1899.95,960.0,939.95,5,Robert Adams
SO-10331,2022-10-26,2022-11-01,Wholesale,WARE-MCD2201,Midwest,Minnesota,Rochester,Advanced Digital Solutions,Small Business,Furniture,Accent Table,199.99,92.0,9,1655.91,828.0,827.91,8,Robert Adams
SO-10332,2023-12-19,2023-12-23,Wholesale,WARE-ATL5509,Northeast,Connecticut,New Haven,Atlantic Atlantic LLC,Corporate,Furniture,Adjustable Monitor Stand,129.99,58.0,8,956.72,464.0,492.72,8,James Carter
SO-10333,2023-09-25,2023-09-28,Distributor,WARE-MCD2201,West,Idaho,Boise,Sterling National Group,Small Business,Electronics,GPU Card,999.99,620.0,5,4599.95,3100.0,1499.95,8,Robert Adams
SO-10334,2023-11-11,2023-11-18,Distributor,WARE-ATL5509,Southeast,Kentucky,Lexington,Horizon Digital Commerce,Retail,Electronics,MacBook Air,1499.99,950.0,25,35624.75,23750.0,11874.75,5,Robert Adams
SO-10335,2024-02-06,2024-02-11,In-Store,WARE-NBV1002,Southwest,Nevada,Sparks,Sterling Apex Enterprises,Retail,Clothing,Board Shorts,54.99,21.0,14,677.46,294.0,383.46,12,Michael Brown
SO-10336,2022-01-11,2022-01-16,Online,WARE-MCD2201,Midwest,Missouri,Springfield,Apex Sterling Enterprises,Retail,Office Supplies,Heavy Duty Punch,79.99,34.0,1,79.99,34.0,45.99,0,Michael Brown
SO-10337,2023-07-16,2023-07-20,In-Store,WARE-MCD2201,Northeast,Vermont,Rutland,Central Coastal Group,Retail,Office Supplies,Ergonomic Chair,349.99,175.0,13,4003.87,2275.0,1728.87,12,Emily Johnson
SO-10338,2024-02-22,2024-02-26,Online,WARE-UHY1004,Midwest,Ohio,Toledo,Advanced Central Group,Small Business,Office Supplies,Card Reader,39.99,15.0,9,316.71,135.0,181.71,12,Michael Brown
SO-10339,2023-12-19,2023-12-23,Online,WARE-UHY1004,Northeast,Maine,Auburn,Summit Metro Commerce,Corporate,Clothing,Rain Jacket,99.99,42.0,34,3399.66,1428.0,1971.66,0,Michael Brown
SO-10340,2022-04-03,2022-04-05,Wholesale,WARE-PJW3508,Midwest,Michigan,Sterling Heights,Pioneer Central Co,Retail,Electronics,Gaming Console,499.99,250.0,5,2424.95,1250.0,1174.95,3,James Carter
SO-10341,2024-03-05,2024-03-08,Wholesale,WARE-NBV1002,Midwest,Ohio,Cleveland,Premier Elite Co,Corporate,Electronics,Desktop Computer,1499.99,890.0,13,17549.87,11570.0,5979.87,10,Emily Johnson
SO-10342,2023-04-17,2023-04-22,Distributor,WARE-PJW3508,West,New Mexico,Las Cruces,Horizon Coastal Retail,Small Business,Electronics,Smart Watch,399.99,180.0,4,1551.96,720.0,831.96,3,James Carter
SO-10343,2022-11-02,2022-11-07,Wholesale,WARE-PJW3508,Southwest,Arizona,Mesa,Elite Atlantic Group,Corporate,Clothing,Board Shorts,54.99,21.0,15,824.85,315.0,509.85,0,Robert Adams
SO-10344,2022-01-10,2022-01-15,Online,WARE-UHY1004,Midwest,Nebraska,Omaha,Core Summit Solutions,Small Business,Clothing,Sports Jacket,109.99,46.0,2,197.98,92.0,105.98,10,Amanda Torres
SO-10345,2023-10-23,2023-10-29,Distributor,WARE-ATL5509,Northeast,Rhode Island,Providence,Summit Horizon Group,Enterprise,Electronics,Drone Camera,799.99,400.0,5,3999.95,2000.0,1999.95,0,Amanda Torres
SO-10346,2024-01-12,2024-01-16,Distributor,WARE-ATL5509,Southwest,Utah,Salt Lake City,Horizon Digital Commerce,Retail,Clothing,Turtleneck,59.99,24.0,5,299.95,120.0,179.95,0,Emily Johnson
SO-10347,2024-01-20,2024-01-24,In-Store,WARE-MCD2201,Southeast,Virginia,Newport News,Swift Premier LLC,Enterprise,Furniture,Office Chair,299.99,145.0,15,3824.85,2175.0,1649.85,15,Michael Brown
SO-10348,2023-06-03,2023-06-09,In-Store,WARE-PJW3508,Southeast,Maryland,Gaithersburg,Core Apex Distributors,Corporate,Electronics,Smartband,199.99,88.0,14,2799.86,1232.0,1567.86,0,Kevin Williams
SO-10349,2022-06-07,2022-06-11,Online,WARE-NBV1002,West,Colorado,Lakewood,Pioneer Atlantic LLC,Small Business,Clothing,Linen Pants,64.99,26.0,21,1255.59,546.0,709.59,8,Robert Adams
SO-10350,2022-04-12,2022-04-17,Distributor,WARE-NBV1002,Northeast,Pennsylvania,Philadelphia,Horizon Unity Distributors,Enterprise,Clothing,Denim Jacket,89.99,38.0,2,165.58,76.0,89.58,8,Emily Johnson
SO-10351,2023-11-03,2023-11-13,Wholesale,WARE-PJW3508,Southeast,District of Columbia,Washington,Digital Metro Solutions,Corporate,Electronics,Tablet Pro,899.99,450.0,34,30599.66,15300.0,15299.66,0,Rachel Scott
SO-10352,2022-03-21,2022-03-31,Wholesale,WARE-UHY1004,Midwest,Kansas,Wichita,Atlantic National Commerce,Small Business,Electronics,Smart TV 55,799.99,400.0,7,5599.93,2800.0,2799.93,0,Kevin Williams
SO-10353,2024-02-07,2024-02-12,Wholesale,WARE-MCD2201,Southwest,Utah,Orem,Bright Apex Retail,Corporate,Office Supplies,Calligraphy Set,39.99,15.0,18,719.82,270.0,449.82,0,Robert Adams
SO-10354,2022-06-11,2022-06-25,Distributor,WARE-PJW3508,South,Oklahoma,Broken Arrow,Apex Pioneer Commerce,Retail,Furniture,Hallway Table,279.99,132.0,19,4787.81,2508.0,2279.81,10,David Park
SO-10355,2023-07-13,2023-07-18,Wholesale,WARE-MCD2201,Southwest,Wyoming,Rock Springs,Advanced Apex Enterprises,Corporate,Office Supplies,Label Maker,59.99,24.0,8,422.32,192.0,230.32,12,James Carter
SO-10356,2022-01-07,2022-01-21,Distributor,WARE-ATL5509,Midwest,Nebraska,Omaha,Pioneer Global Supply,Government,Office Supplies,Heavy Duty Punch,79.99,34.0,10,775.9,340.0,435.9,3,Kevin Williams
SO-10357,2023-04-17,2023-04-21,In-Store,WARE-PJW3508,Southeast,Delaware,Dover,Apex Bright Group,Enterprise,Electronics,MacBook Air,1499.99,950.0,12,17099.88,11400.0,5699.88,5,Sarah Mitchell
SO-10358,2022-03-21,2022-03-27,Distributor,WARE-NBV1002,Southeast,West Virginia,Wheeling,Horizon Bright LLC,Government,Office Supplies,Letter Opener,14.99,5.0,11,164.89,55.0,109.89,0,David Park
SO-10359,2023-03-03,2023-03-10,Wholesale,WARE-NBV1002,Northeast,New York,Albany,Core Global Retail,Enterprise,Furniture,Storage Cabinet,449.99,215.0,4,1745.96,860.0,885.96,3,Kevin Williams
SO-10360,2023-05-30,2023-06-03,Online,WARE-UHY1004,Northeast,Rhode Island,East Providence,Digital Core Distributors,Retail,Office Supplies,Binding Machine,149.99,68.0,8,1103.92,544.0,559.92,8,Michael Brown
SO-10361,2023-05-03,2023-05-08,Wholesale,WARE-UHY1004,West,Oregon,Salem,Pacific Coastal Commerce,Small Business,Furniture,Executive Desk,1199.99,620.0,2,2279.98,1240.0,1039.98,5,Amanda Torres
SO-10362,2023-08-09,2023-08-14,Distributor,WARE-MCD2201,Southeast,Virginia,Richmond,National National LLC,Enterprise,Clothing,Board Shorts,54.99,21.0,8,387.12,168.0,219.12,12,Rachel Scott
SO-10363,2022-12-23,2022-12-27,Distributor,WARE-ATL5509,Northeast,Massachusetts,Cambridge,Global Sterling Corp,Retail,Clothing,Turtleneck,59.99,24.0,15,764.85,360.0,404.85,15,Rachel Scott
SO-10364,2023-12-03,2023-12-07,In-Store,WARE-PJW3508,South,Arkansas,Little Rock,Atlantic Metro Group,Corporate,Office Supplies,Filing Cabinet,199.99,95.0,26,5199.74,2470.0,2729.74,0,Lisa Chen
SO-10365,2022-01-24,2022-01-28,Distributor,WARE-ATL5509,Southwest,Arizona,Mesa,Elite Elite Commerce,Retail,Clothing,Athleisure Set,119.99,50.0,11,1161.49,550.0,611.49,12,Rachel Scott
SO-10366,2023-11-11,2023-11-15,Distributor,WARE-NBV1002,Southwest,Nevada,Las Vegas,Sterling Elite Supply,Retail,Clothing,Running Shoes,89.99,38.0,5,449.95,190.0,259.95,0,James Carter
SO-10367,2022-01-20,2022-01-27,Online,WARE-PJW3508,Northeast,Vermont,Rutland,National Coastal Commerce,Retail,Furniture,Corner Desk,699.99,345.0,10,6439.9,3450.0,2989.9,8,Rachel Scott
SO-10368,2023-04-14,2023-04-24,Distributor,WARE-PJW3508,Southeast,North Carolina,Raleigh,Metro National Commerce,Retail,Office Supplies,Card Reader,39.99,15.0,18,719.82,270.0,449.82,0,David Park
SO-10369,2022-12-27,2023-01-02,Distributor,WARE-MCD2201,Southwest,Nevada,Las Vegas,Unity Advanced Inc,Corporate,Furniture,Hallway Table,279.99,132.0,25,6789.75,3300.0,3489.75,3,Kevin Williams
SO-10370,2023-11-04,2023-11-07,In-Store,WARE-MCD2201,Midwest,Minnesota,Saint Paul,Unity Core Retail,Small Business,Furniture,Bookshelf,249.99,110.0,11,2529.89,1210.0,1319.89,8,Rachel Scott
SO-10371,2023-07-10,2023-07-14,In-Store,WARE-UHY1004,South,Mississippi,Biloxi,Bright Swift Retail,Enterprise,Furniture,Lateral File Cabinet,399.99,192.0,6,2399.94,1152.0,1247.94,0,Kevin Williams
SO-10372,2022-03-11,2022-03-16,Online,WARE-PJW3508,South,Mississippi,Gulfport,Premier Pioneer Corp,Retail,Office Supplies,Binding Machine,149.99,68.0,18,2699.82,1224.0,1475.82,0,David Park
SO-10373,2022-04-20,2022-04-24,In-Store,WARE-ATL5509,Midwest,Iowa,Davenport,Core Advanced Distributors,Small Business,Office Supplies,Filing Cabinet,199.99,95.0,5,849.95,475.0,374.95,15,Emily Johnson
SO-10374,2024-03-09,2024-03-12,Wholesale,WARE-MCD2201,Southwest,New Mexico,Rio Rancho,Horizon Apex Corp,Retail,Electronics,Portable Projector,499.99,245.0,16,6799.84,3920.0,2879.84,15,Robert Adams
SO-10375,2024-02-22,2024-03-03,Online,WARE-UHY1004,South,Tennessee,Memphis,National Elite Group,Retail,Electronics,Smart Display,349.99,165.0,1,321.99,165.0,156.99,8,Rachel Scott
SO-10376,2023-02-19,2023-02-25,Online,WARE-ATL5509,West,Nevada,North Las Vegas,Pioneer Coastal Distributors,Corporate,Office Supplies,Stapler Heavy Duty,29.99,11.0,2,55.18,22.0,33.18,8,Amanda Torres
SO-10377,2022-02-10,2022-02-15,Wholesale,WARE-PJW3508,West,California,Sacramento,Elite Sterling Enterprises,Enterprise,Clothing,Suit Set,299.99,135.0,18,5399.82,2430.0,2969.82,0,Amanda Torres
SO-10378,2023-06-14,2023-06-19,In-Store,WARE-ATL5509,South,Mississippi,Biloxi,Pacific Unity LLC,Government,Electronics,Portable Projector,499.99,245.0,6,2699.94,1470.0,1229.94,10,Robert Adams
SO-10379,2022-07-03,2022-07-08,Distributor,WARE-UHY1004,West,Utah,Provo,Digital Pacific Co,Corporate,Clothing,Business Casual Shirt,59.99,22.0,16,931.04,352.0,579.04,3,Sarah Mitchell
SO-10380,2023-12-26,2024-01-01,Wholesale,WARE-NBV1002,Northeast,Maine,Bangor,Core Premier Trading,Small Business,Electronics,USB Microphone,179.99,78.0,27,4276.53,2106.0,2170.53,12,Lisa Chen
SO-10381,2022-07-03,2022-07-08,In-Store,WARE-NBV1002,Southeast,Kentucky,Lexington,Digital Sterling Retail,Small Business,Office Supplies,Document Scanner,299.99,145.0,3,854.97,435.0,419.97,5,Emily Johnson
SO-10382,2023-05-26,2023-06-02,Wholesale,WARE-MCD2201,Northeast,New Jersey,Newark,Horizon National Group,Retail,Clothing,Athleisure Set,119.99,50.0,18,1835.82,900.0,935.82,15,Amanda Torres
SO-10383,2023-10-06,2023-10-13,Online,WARE-PJW3508,Northeast,New York,Buffalo,Metro Premier Corp,Corporate,Furniture,Bar Cart,299.99,140.0,18,5237.82,2520.0,2717.82,3,Robert Adams
SO-10384,2022-04-22,2022-05-06,In-Store,WARE-MCD2201,Northeast,New Jersey,Paterson,Sterling Core Retail,Government,Electronics,MacBook Pro 16,2499.99,1650.0,14,34999.86,23100.0,11899.86,0,Lisa Chen
SO-10385,2023-01-24,2023-01-30,In-Store,WARE-NBV1002,Northeast,Massachusetts,Springfield,Pacific Sterling Enterprises,Enterprise,Furniture,Reception Desk,849.99,430.0,3,2243.97,1290.0,953.97,12,Lisa Chen
SO-10386,2022-08-03,2022-08-06,Distributor,WARE-MCD2201,Southeast,West Virginia,Wheeling,Unity Pacific Enterprises,Government,Office Supplies,Wireless Keyboard,89.99,38.0,21,1606.29,798.0,808.29,15,Lisa Chen
SO-10387,2023-09-22,2023-09-27,In-Store,WARE-PJW3508,Midwest,Kansas,Topeka,Horizon Premier Distributors,Small Business,Furniture,Glass Desk,799.99,400.0,16,11519.84,6400.0,5119.84,10,James Carter
SO-10388,2022-08-01,2022-08-15,In-Store,WARE-NBV1002,Northeast,New York,Rochester,Metro Pioneer Solutions,Small Business,Electronics,Webcam HD,99.99,42.0,21,1931.79,882.0,1049.79,8,Michael Brown
SO-10389,2023-07-18,2023-07-24,Online,WARE-UHY1004,Midwest,Ohio,Cincinnati,Pioneer Pioneer Trading,Small Business,Furniture,Partition Wall,349.99,168.0,12,4199.88,2016.0,2183.88,0,Lisa Chen
SO-10390,2022-05-20,2022-05-24,Wholesale,WARE-NBV1002,Midwest,Iowa,Sioux City,Swift Pioneer Enterprises,Government,Electronics,Kindle Paperwhite,139.99,62.0,16,2015.84,992.0,1023.84,10,Michael Brown
SO-10391,2023-08-15,2023-08-21,Online,WARE-PJW3508,Southeast,District of Columbia,Washington,Pacific Summit Co,Retail,Electronics,Tablet Pro,899.99,450.0,12,10259.88,5400.0,4859.88,5,Kevin Williams
SO-10392,2023-09-02,2023-09-09,Wholesale,WARE-NBV1002,South,South Carolina,Rock Hill,Pioneer Metro Co,Retail,Clothing,Chinos,74.99,30.0,4,284.96,120.0,164.96,5,Emily Johnson
SO-10393,2022-11-06,2022-11-09,Online,WARE-MCD2201,Midwest,Iowa,Davenport,Elite Pacific Enterprises,Government,Office Supplies,Card Reader,39.99,15.0,14,559.86,210.0,349.86,0,Robert Adams
SO-10394,2022-05-27,2022-06-03,Online,WARE-MCD2201,South,Alabama,Mobile,Summit Elite Supply,Retail,Furniture,Office Chair,299.99,145.0,4,1055.96,580.0,475.96,12,Kevin Williams
SO-10395,2023-09-01,2023-09-05,Distributor,WARE-NBV1002,Northeast,New York,Albany,Atlantic Unity Retail,Government,Electronics,Laptop Cooling Pad,49.99,19.0,3,149.97,57.0,92.97,0,Michael Brown
SO-10396,2022-10-21,2022-10-26,In-Store,WARE-PJW3508,Southwest,Utah,Provo,Atlantic Advanced Corp,Corporate,Office Supplies,Filing Cabinet,199.99,95.0,9,1619.91,855.0,764.91,10,James Carter
SO-10397,2023-07-10,2023-07-15,In-Store,WARE-UHY1004,Southeast,Delaware,Smyrna,Summit Sterling Distributors,Corporate,Electronics,Tablet Pro,899.99,450.0,13,11114.87,5850.0,5264.87,5,Michael Brown
SO-10398,2022-05-14,2022-05-19,Online,WARE-MCD2201,Southeast,Maryland,Bowie,Atlantic Coastal Inc,Retail,Clothing,Formal Jacket,129.99,55.0,1,129.99,55.0,74.99,0,Robert Adams
SO-10399,2022-12-07,2022-12-13,In-Store,WARE-NBV1002,Southwest,Hawaii,Kaneohe,Pacific Digital Distributors,Retail,Furniture,Mesh Chair,319.99,155.0,15,4223.85,2325.0,1898.85,12,Sarah Mitchell
SO-10400,2022-08-18,2022-08-25,In-Store,WARE-PJW3508,West,Arizona,Chandler,Advanced Apex Trading,Enterprise,Clothing,Sports Jacket,109.99,46.0,6,560.94,276.0,284.94,15,Amanda Torres
SO-10401,2022-12-26,2022-12-31,In-Store,WARE-ATL5509,West,California,San Francisco,Sterling Apex Distributors,Corporate,Clothing,Summer Dress,79.99,30.0,33,2639.67,990.0,1649.67,0,David Park
SO-10402,2023-06-30,2023-07-05,In-Store,WARE-MCD2201,Southwest,Arizona,Mesa,National Core Group,Retail,Electronics,Smart TV 55,799.99,400.0,16,11775.84,6400.0,5375.84,8,Sarah Mitchell
SO-10403,2023-08-04,2023-08-09,Wholesale,WARE-NBV1002,Midwest,Minnesota,Bloomington,Premier Pacific Supply,Government,Clothing,Holiday Sweater,69.99,28.0,12,814.68,336.0,478.68,3,Rachel Scott
SO-10404,2022-06-30,2022-07-10,Wholesale,WARE-PJW3508,West,Nevada,Sparks,Core Atlantic Retail,Retail,Electronics,Smart Thermostat,249.99,115.0,11,2749.89,1265.0,1484.89,0,James Carter
SO-10405,2023-11-08,2023-11-13,Wholesale,WARE-UHY1004,Northeast,Pennsylvania,Pittsburgh,Coastal Core Distributors,Small Business,Electronics,Wireless Headphones,249.99,99.0,12,2849.88,1188.0,1661.88,5,Lisa Chen
SO-10406,2022-12-19,2022-12-24,Distributor,WARE-NBV1002,Midwest,Nebraska,Bellevue,Unity Coastal Corp,Enterprise,Clothing,Sun Hat,34.99,13.0,8,237.92,104.0,133.92,15,Kevin Williams
SO-10407,2022-10-16,2022-10-20,Wholesale,WARE-MCD2201,Northeast,New York,Syracuse,Coastal Pioneer Supply,Retail,Furniture,Corner Desk,699.99,345.0,1,594.99,345.0,249.99,15,David Park
SO-10408,2022-07-12,2022-07-17,In-Store,WARE-UHY1004,Southeast,Virginia,Norfolk,Central Summit Co,Corporate,Clothing,Casual Pants,69.99,28.0,19,1263.31,532.0,731.31,5,Sarah Mitchell
SO-10409,2023-03-24,2023-03-27,In-Store,WARE-MCD2201,Southwest,New Mexico,Las Cruces,Digital Core Trading,Government,Clothing,Swimwear,49.99,19.0,5,229.95,95.0,134.95,8,David Park
SO-10410,2022-08-20,2022-08-25,In-Store,WARE-ATL5509,Southeast,Kentucky,Owensboro,Bright Horizon Supply,Enterprise,Clothing,Turtleneck,59.99,24.0,7,419.93,168.0,251.93,0,David Park
SO-10411,2023-08-05,2023-08-11,Online,WARE-UHY1004,Southeast,Delaware,Newark,Bright Horizon Supply,Government,Electronics,MacBook Air,1499.99,950.0,17,25499.83,16150.0,9349.83,0,Michael Brown
SO-10412,2023-04-29,2023-05-05,Online,WARE-PJW3508,West,Idaho,Boise,Bright Sterling Distributors,Government,Electronics,Gaming PC,2499.99,1450.0,3,6599.97,4350.0,2249.97,12,James Carter
SO-10413,2024-01-22,2024-01-27,Distributor,WARE-ATL5509,West,New Mexico,Roswell,Sterling Premier Inc,Enterprise,Clothing,Running Shoes,89.99,38.0,11,940.39,418.0,522.39,5,James Carter
SO-10414,2022-02-22,2022-03-01,Online,WARE-UHY1004,Southwest,Hawaii,Kaneohe,Global Sterling Enterprises,Government,Office Supplies,Label Maker,59.99,24.0,10,509.9,240.0,269.9,15,Sarah Mitchell
SO-10415,2022-09-21,2022-09-27,In-Store,WARE-MCD2201,Midwest,Wisconsin,Madison,Premier Bright Supply,Enterprise,Furniture,Ergonomic Chair Pro,449.99,218.0,1,382.49,218.0,164.49,15,Robert Adams
SO-10416,2022-02-03,2022-02-17,Wholesale,WARE-MCD2201,Midwest,Minnesota,Duluth,Core Summit Enterprises,Small Business,Office Supplies,Card Reader,39.99,15.0,11,439.89,165.0,274.89,0,Amanda Torres
SO-10417,2023-10-20,2023-10-26,Wholesale,WARE-MCD2201,Southwest,Nevada,Henderson,Metro Premier Enterprises,Enterprise,Furniture,Conference Table,999.99,520.0,9,8999.91,4680.0,4319.91,0,Amanda Torres
SO-10418,2022-09-26,2022-10-01,Wholesale,WARE-PJW3508,Southwest,Utah,West Jordan,Global Sterling Enterprises,Government,Clothing,Athleisure Set,119.99,50.0,5,551.95,250.0,301.95,8,James Carter
SO-10419,2023-10-30,2023-11-03,Wholesale,WARE-MCD2201,Northeast,New Hampshire,Concord,Atlantic Advanced Retail,Small Business,Clothing,Country Boots,119.99,52.0,9,1025.91,468.0,557.91,5,Rachel Scott
SO-10420,2023-07-15,2023-07-21,Online,WARE-MCD2201,South,Oklahoma,Norman,Global Central LLC,Enterprise,Office Supplies,Binding Machine,149.99,68.0,2,299.98,136.0,163.98,0,Emily Johnson
SO-10421,2022-01-25,2022-01-28,Online,WARE-NBV1002,Southwest,Colorado,Aurora,Elite Core Retail,Corporate,Office Supplies,Printer Cartridges,89.99,32.0,3,229.47,96.0,133.47,15,Rachel Scott
SO-10422,2023-12-14,2023-12-18,Wholesale,WARE-PJW3508,South,Mississippi,Meridian,Pacific Digital Co,Enterprise,Office Supplies,Label Printer,179.99,82.0,14,2267.86,1148.0,1119.86,10,Robert Adams
SO-10423,2022-12-07,2022-12-11,Wholesale,WARE-UHY1004,Northeast,New Jersey,Newark,Premier Digital LLC,Government,Clothing,Velvet Blazer,179.99,80.0,6,1025.94,480.0,545.94,5,David Park
SO-10424,2024-02-27,2024-03-02,Online,WARE-NBV1002,South,Arkansas,Little Rock,Digital Advanced LLC,Corporate,Office Supplies,Calligraphy Set,39.99,15.0,14,559.86,210.0,349.86,0,Rachel Scott
SO-10425,2022-06-02,2022-06-08,Distributor,WARE-MCD2201,Southwest,Colorado,Fort Collins,Coastal Advanced Corp,Government,Electronics,Ring Light,89.99,36.0,22,1979.78,792.0,1187.78,0,James Carter
SO-10426,2023-02-18,2023-02-23,Distributor,WARE-PJW3508,Southeast,District of Columbia,Washington,Coastal Horizon LLC,Enterprise,Clothing,Holiday Sweater,69.99,28.0,3,209.97,84.0,125.97,0,David Park
SO-10427,2023-04-16,2023-04-22,In-Store,WARE-PJW3508,Northeast,Massachusetts,Springfield,Swift Metro Trading,Retail,Furniture,Executive Desk,1199.99,620.0,10,11999.9,6200.0,5799.9,0,Sarah Mitchell
SO-10428,2023-03-25,2023-03-28,Wholesale,WARE-MCD2201,Southwest,Wyoming,Gillette,Global Bright Group,Corporate,Electronics,Smartband,199.99,88.0,7,1357.93,616.0,741.93,3,Kevin Williams
SO-10429,2022-02-07,2022-02-10,Wholesale,WARE-ATL5509,Southwest,Colorado,Fort Collins,Coastal Atlantic Group,Small Business,Clothing,Business Casual Shirt,59.99,22.0,11,659.89,242.0,417.89,0,Rachel Scott
SO-10430,2023-11-01,2023-11-06,In-Store,WARE-NBV1002,South,Florida,Miami,Metro National Supply,Small Business,Office Supplies,Desk Organizer,29.99,11.0,4,101.96,44.0,57.96,15,James Carter
SO-10431,2022-03-07,2022-03-10,In-Store,WARE-MCD2201,Midwest,Ohio,Toledo,Core National LLC,Enterprise,Office Supplies,Label Maker,59.99,24.0,4,203.96,96.0,107.96,15,David Park
SO-10432,2024-03-23,2024-03-29,Online,WARE-PJW3508,Midwest,Ohio,Akron,Premier Pioneer LLC,Small Business,Office Supplies,Binding Machine,149.99,68.0,7,892.43,476.0,416.43,15,David Park
SO-10433,2022-09-07,2022-09-10,Wholesale,WARE-NBV1002,South,Alabama,Tuscaloosa,Coastal Premier Inc,Corporate,Office Supplies,Tape Dispenser,24.99,9.0,2,42.48,18.0,24.48,15,James Carter
SO-10434,2024-03-22,2024-03-28,Wholesale,WARE-MCD2201,South,Florida,Fort Lauderdale,Summit Advanced Commerce,Small Business,Clothing,Sun Hat,34.99,13.0,16,543.04,208.0,335.04,3,Robert Adams
SO-10435,2023-05-27,2023-06-02,In-Store,WARE-UHY1004,Southeast,District of Columbia,Washington,Apex Central Inc,Corporate,Office Supplies,Wireless Keyboard,89.99,38.0,3,256.47,114.0,142.47,5,Kevin Williams
SO-10436,2024-02-28,2024-03-03,Wholesale,WARE-MCD2201,Northeast,Rhode Island,East Providence,Atlantic Summit Retail,Small Business,Office Supplies,Tape Dispenser,24.99,9.0,7,169.68,63.0,106.68,3,Robert Adams
SO-10437,2022-08-03,2022-08-07,Online,WARE-ATL5509,Southwest,New Mexico,Albuquerque,Digital Metro LLC,Small Business,Furniture,Mesh Chair,319.99,155.0,15,4079.85,2325.0,1754.85,15,Robert Adams
SO-10438,2022-08-29,2022-09-03,Distributor,WARE-UHY1004,Northeast,Maine,Auburn,Central Elite Supply,Corporate,Electronics,Surface Laptop,1399.99,870.0,16,21279.84,13920.0,7359.84,5,Lisa Chen
SO-10439,2023-01-20,2023-01-23,In-Store,WARE-UHY1004,South,Florida,Jacksonville,Horizon Metro Trading,Government,Clothing,Denim Jacket,89.99,38.0,8,611.92,304.0,307.92,15,Amanda Torres
SO-10440,2024-01-08,2024-01-14,Online,WARE-ATL5509,South,Mississippi,Biloxi,Elite Pioneer Corp,Corporate,Office Supplies,Tape Dispenser,24.99,9.0,7,166.18,63.0,103.18,5,Michael Brown
SO-10441,2022-06-25,2022-06-29,In-Store,WARE-ATL5509,South,Florida,Boca Raton,Core Premier Retail,Government,Clothing,Holiday Sweater,69.99,28.0,12,797.88,336.0,461.88,5,Emily Johnson
SO-10442,2023-08-29,2023-09-05,In-Store,WARE-UHY1004,Northeast,Vermont,Montpelier,Global Central Supply,Enterprise,Clothing,Denim Jacket,89.99,38.0,17,1453.33,646.0,807.33,5,David Park
SO-10443,2022-01-06,2022-01-20,Wholesale,WARE-ATL5509,Southeast,Virginia,Newport News,Horizon Unity Inc,Retail,Office Supplies,Label Maker,59.99,24.0,14,839.86,336.0,503.86,0,Amanda Torres
SO-10444,2022-03-27,2022-04-02,Distributor,WARE-UHY1004,Southwest,Arizona,Chandler,Elite Summit Solutions,Corporate,Clothing,Sports Jacket,109.99,46.0,18,1821.42,828.0,993.42,8,James Carter
SO-10445,2024-02-05,2024-02-19,Distributor,WARE-MCD2201,West,Arizona,Tucson,Summit Coastal Corp,Corporate,Clothing,Running Shoes,89.99,38.0,1,80.99,38.0,42.99,10,Sarah Mitchell
SO-10446,2023-03-13,2023-03-19,Online,WARE-ATL5509,West,Nevada,Sparks,Swift Bright Group,Enterprise,Electronics,Server Unit,4999.99,2800.0,9,38249.91,25200.0,13049.91,15,James Carter
SO-10447,2023-01-28,2023-02-02,Online,WARE-ATL5509,Southeast,District of Columbia,Washington,Apex Apex Corp,Small Business,Electronics,iPhone 15,999.99,620.0,12,11999.88,7440.0,4559.88,0,Robert Adams
SO-10448,2023-05-05,2023-05-11,Wholesale,WARE-PJW3508,Midwest,Minnesota,Bloomington,Pioneer Apex Co,Corporate,Electronics,Kindle Paperwhite,139.99,62.0,7,950.53,434.0,516.53,3,Sarah Mitchell
SO-10449,2023-06-24,2023-06-29,Distributor,WARE-NBV1002,Midwest,Indiana,South Bend,Swift Sterling Enterprises,Small Business,Clothing,Linen Shirt,54.99,21.0,5,241.95,105.0,136.95,12,Amanda Torres
SO-10450,2022-03-20,2022-03-24,In-Store,WARE-ATL5509,Northeast,Massachusetts,Cambridge,Summit Horizon Corp,Corporate,Office Supplies,Heavy Duty Punch,79.99,34.0,4,319.96,136.0,183.96,0,Michael Brown
SO-10451,2023-03-07,2023-03-13,Online,WARE-UHY1004,West,Idaho,Nampa,Sterling Elite LLC,Government,Clothing,Turtleneck,59.99,24.0,15,899.85,360.0,539.85,0,Lisa Chen
SO-10452,2023-08-31,2023-09-07,In-Store,WARE-PJW3508,West,Montana,Great Falls,Digital Sterling Distributors,Small Business,Furniture,Credenza,649.99,320.0,18,10529.82,5760.0,4769.82,10,Michael Brown
SO-10453,2022-06-01,2022-06-05,Distributor,WARE-UHY1004,South,Arkansas,Fayetteville,Core Premier Supply,Small Business,Furniture,Conference Table,999.99,520.0,13,12999.87,6760.0,6239.87,0,Robert Adams
SO-10454,2023-08-12,2023-08-17,Online,WARE-PJW3508,South,Tennessee,Nashville,Premier Elite Commerce,Enterprise,Electronics,Home Theater System,1499.99,820.0,6,8549.94,4920.0,3629.94,5,Robert Adams
SO-10455,2022-11-05,2022-11-15,Distributor,WARE-UHY1004,Midwest,Iowa,Iowa City,Horizon Summit Enterprises,Corporate,Office Supplies,Calligraphy Set,39.99,15.0,10,367.9,150.0,217.9,8,Kevin Williams
SO-10456,2024-02-12,2024-02-18,Wholesale,WARE-NBV1002,Southeast,Maryland,Rockville,Pioneer Atlantic Supply,Small Business,Clothing,Winter Coat,149.99,65.0,5,674.95,325.0,349.95,10,Kevin Williams
SO-10457,2022-08-14,2022-08-19,In-Store,WARE-ATL5509,Northeast,New Jersey,Newark,Metro Core Retail,Government,Clothing,Country Boots,119.99,52.0,16,1823.84,832.0,991.84,5,Emily Johnson
SO-10458,2023-04-02,2023-04-16,Online,WARE-PJW3508,Midwest,Minnesota,Minneapolis,Elite Horizon Solutions,Retail,Electronics,Wireless Router,199.99,85.0,3,551.97,255.0,296.97,8,Robert Adams
SO-10459,2022-01-13,2022-01-17,In-Store,WARE-MCD2201,Southwest,Alaska,Juneau,Digital Swift LLC,Retail,Clothing,Turtleneck,59.99,24.0,10,569.9,240.0,329.9,5,Amanda Torres
SO-10460,2023-08-25,2023-08-28,Distributor,WARE-NBV1002,Midwest,Michigan,Sterling Heights,Sterling Horizon Commerce,Government,Clothing,Casual Pants,69.99,28.0,21,1425.69,588.0,837.69,3,David Park
SO-10461,2022-06-29,2022-07-04,Wholesale,WARE-PJW3508,Northeast,New York,Rochester,Summit Elite Corp,Government,Furniture,Storage Cabinet,449.99,215.0,19,7267.31,4085.0,3182.31,15,Amanda Torres
SO-10462,2023-07-27,2023-07-31,Wholesale,WARE-NBV1002,Northeast,New Jersey,Edison,Summit Advanced Co,Enterprise,Furniture,Credenza,649.99,320.0,16,10399.84,5120.0,5279.84,0,David Park
SO-10463,2024-02-23,2024-02-28,Wholesale,WARE-ATL5509,South,Arkansas,Fort Smith,Core Apex Distributors,Retail,Electronics,iPhone 15,999.99,620.0,9,8999.91,5580.0,3419.91,0,Michael Brown
SO-10464,2024-01-21,2024-01-28,Distributor,WARE-MCD2201,Southwest,Hawaii,Honolulu,Bright Metro Corp,Small Business,Furniture,Partition Wall,349.99,168.0,1,349.99,168.0,181.99,0,Lisa Chen
SO-10465,2023-10-14,2023-10-16,In-Store,WARE-UHY1004,South,Texas,Fort Worth,Unity Pacific Commerce,Corporate,Furniture,Storage Cabinet,449.99,215.0,12,5129.88,2580.0,2549.88,5,Rachel Scott
SO-10466,2024-03-30,2024-04-03,Distributor,WARE-UHY1004,South,Oklahoma,Norman,Atlantic Swift Distributors,Corporate,Furniture,Hallway Table,279.99,132.0,10,2659.9,1320.0,1339.9,5,Robert Adams
SO-10467,2022-12-15,2022-12-18,Online,WARE-MCD2201,Southeast,Maryland,Rockville,Unity National Group,Retail,Clothing,Holiday Sweater,69.99,28.0,13,909.87,364.0,545.87,0,Sarah Mitchell
SO-10468,2022-11-16,2022-11-19,In-Store,WARE-PJW3508,Northeast,Connecticut,Hartford,Core Unity Solutions,Corporate,Clothing,Turtleneck,59.99,24.0,26,1403.74,624.0,779.74,10,Sarah Mitchell
SO-10469,2022-08-21,2022-08-24,Online,WARE-NBV1002,South,Georgia,Athens,Pacific Central Supply,Corporate,Office Supplies,Wireless Keyboard,89.99,38.0,11,989.89,418.0,571.89,0,Amanda Torres
SO-10470,2024-03-23,2024-03-28,Online,WARE-PJW3508,West,California,Sacramento,Atlantic Advanced Inc,Corporate,Electronics,MacBook Air,1499.99,950.0,17,22949.83,16150.0,6799.83,10,Sarah Mitchell
SO-10471,2023-11-18,2023-11-20,Distributor,WARE-UHY1004,Northeast,Pennsylvania,Reading,Advanced Bright Solutions,Government,Office Supplies,Projector,699.99,340.0,25,17499.75,8500.0,8999.75,0,Rachel Scott
SO-10472,2023-08-16,2023-08-21,Online,WARE-NBV1002,South,Oklahoma,Lawton,Sterling Premier Commerce,Small Business,Electronics,iPhone 15 Pro,1199.99,780.0,2,2327.98,1560.0,767.98,3,Kevin Williams
SO-10473,2023-11-21,2023-11-25,In-Store,WARE-MCD2201,Southwest,Hawaii,Kailua,Coastal Central Group,Corporate,Office Supplies,Tape Dispenser,24.99,9.0,9,213.66,81.0,132.66,5,Lisa Chen
SO-10474,2024-02-20,2024-02-26,Wholesale,WARE-NBV1002,Northeast,Maine,Portland,Metro Pacific Solutions,Retail,Office Supplies,Desk Organizer,29.99,11.0,12,316.68,132.0,184.68,12,Michael Brown
SO-10475,2023-07-22,2023-07-26,Distributor,WARE-UHY1004,West,Montana,Great Falls,Elite Pacific Enterprises,Corporate,Clothing,Sports Jacket,109.99,46.0,15,1517.85,690.0,827.85,8,Amanda Torres
SO-10476,2023-11-06,2023-11-09,In-Store,WARE-NBV1002,Southwest,Arizona,Chandler,Coastal Bright LLC,Enterprise,Clothing,Linen Shirt,54.99,21.0,8,404.72,168.0,236.72,8,Emily Johnson
SO-10477,2022-08-27,2022-09-02,Wholesale,WARE-PJW3508,Midwest,Minnesota,Bloomington,Bright Bright Co,Retail,Clothing,Summer Dress,79.99,30.0,15,1139.85,450.0,689.85,5,Rachel Scott
SO-10478,2024-02-26,2024-02-29,In-Store,WARE-NBV1002,West,New Mexico,Roswell,Horizon Horizon Group,Corporate,Furniture,Glass Desk,799.99,400.0,15,11399.85,6000.0,5399.85,5,James Carter
SO-10479,2023-09-12,2023-09-16,Wholesale,WARE-MCD2201,Northeast,Maine,Portland,Core Atlantic LLC,Small Business,Office Supplies,Electric Stapler,49.99,19.0,11,467.39,209.0,258.39,15,Michael Brown
SO-10480,2022-12-18,2022-12-28,Wholesale,WARE-PJW3508,Southwest,Hawaii,Kapolei,Central Atlantic Trading,Retail,Furniture,Laptop Cart,299.99,145.0,4,1199.96,580.0,619.96,0,Amanda Torres
SO-10481,2023-11-07,2023-11-14,Distributor,WARE-MCD2201,West,California,Los Angeles,Horizon Central Corp,Retail,Office Supplies,Calligraphy Set,39.99,15.0,22,879.78,330.0,549.78,0,Sarah Mitchell
SO-10482,2023-07-30,2023-08-04,Wholesale,WARE-ATL5509,Southeast,District of Columbia,Washington,Advanced Horizon Distributors,Enterprise,Clothing,Athleisure Set,119.99,50.0,7,772.73,350.0,422.73,8,Michael Brown
SO-10483,2023-01-11,2023-01-18,Online,WARE-MCD2201,Midwest,Illinois,Chicago,Global Pioneer Trading,Enterprise,Electronics,Smart Monitor 27,599.99,290.0,12,6119.88,3480.0,2639.88,15,Lisa Chen
SO-10484,2022-08-29,2022-09-02,Distributor,WARE-UHY1004,West,Nevada,Las Vegas,Pacific Sterling LLC,Corporate,Office Supplies,Whiteboard,159.99,72.0,22,3519.78,1584.0,1935.78,0,Kevin Williams
SO-10485,2023-06-12,2023-06-16,Wholesale,WARE-ATL5509,Midwest,Illinois,Joliet,Bright Global Solutions,Retail,Clothing,Running Shoes,89.99,38.0,15,1214.85,570.0,644.85,10,Lisa Chen
SO-10486,2023-11-23,2023-11-27,Distributor,WARE-PJW3508,Southeast,North Carolina,Durham,Pioneer Premier Distributors,Retail,Electronics,Portable Projector,499.99,245.0,16,7039.84,3920.0,3119.84,12,Emily Johnson
SO-10487,2022-09-29,2022-10-03,Online,WARE-ATL5509,West,Washington,Everett,Coastal National Distributors,Corporate,Office Supplies,Heavy Duty Punch,79.99,34.0,2,135.98,68.0,67.98,15,Rachel Scott
SO-10488,2022-08-03,2022-08-09,Distributor,WARE-UHY1004,Midwest,Wisconsin,Milwaukee,Unity Sterling Trading,Retail,Clothing,Holiday Sweater,69.99,28.0,13,864.37,364.0,500.37,5,David Park
SO-10489,2024-02-21,2024-02-25,Wholesale,WARE-UHY1004,Midwest,Nebraska,Kearney,Unity Premier Distributors,Retail,Clothing,Swimwear,49.99,19.0,18,899.82,342.0,557.82,0,Michael Brown
SO-10490,2022-07-25,2022-07-30,Wholesale,WARE-PJW3508,Southwest,Alaska,Ketchikan,Summit Sterling Trading,Corporate,Electronics,USB Microphone,179.99,78.0,13,2269.67,1014.0,1255.67,3,Emily Johnson
SO-10491,2023-12-05,2023-12-10,In-Store,WARE-PJW3508,West,Arizona,Mesa,Summit Elite Inc,Retail,Office Supplies,Flip Chart,69.99,29.0,18,1259.82,522.0,737.82,0,Amanda Torres
SO-10492,2022-06-13,2022-06-16,Online,WARE-MCD2201,Southeast,West Virginia,Parkersburg,Advanced Swift Corp,Corporate,Electronics,Smart Watch,399.99,180.0,10,3799.9,1800.0,1999.9,5,James Carter
SO-10493,2023-02-21,2023-02-27,Online,WARE-ATL5509,Northeast,Rhode Island,East Providence,Coastal Summit Group,Government,Furniture,Executive Desk,1199.99,620.0,12,14399.88,7440.0,6959.88,0,Sarah Mitchell
SO-10494,2022-09-01,2022-09-07,Wholesale,WARE-UHY1004,Southeast,District of Columbia,Washington,Pioneer Bright Supply,Retail,Clothing,Polo Shirt,44.99,18.0,4,170.96,72.0,98.96,5,Emily Johnson
SO-10495,2023-03-27,2023-03-31,Distributor,WARE-NBV1002,South,Florida,Tampa,Metro Horizon Commerce,Enterprise,Office Supplies,Flip Chart,69.99,29.0,14,832.86,406.0,426.86,15,Kevin Williams
SO-10496,2023-01-07,2023-01-13,Online,WARE-UHY1004,West,New Mexico,Las Cruces,Global Core Inc,Enterprise,Furniture,Glass Desk,799.99,400.0,16,12159.84,6400.0,5759.84,5,Kevin Williams
SO-10497,2022-08-31,2022-09-05,In-Store,WARE-PJW3508,West,Arizona,Mesa,Advanced Sterling LLC,Small Business,Electronics,Wireless Router,199.99,85.0,16,2943.84,1360.0,1583.84,8,Robert Adams
SO-10498,2022-03-24,2022-03-29,In-Store,WARE-PJW3508,West,Nevada,North Las Vegas,Pioneer Central LLC,Government,Electronics,Desktop Computer,1499.99,890.0,16,22079.84,14240.0,7839.84,8,Sarah Mitchell
SO-10499,2023-12-13,2023-12-19,Wholesale,WARE-UHY1004,Midwest,Missouri,Independence,Digital Summit Inc,Enterprise,Furniture,Lateral File Cabinet,399.99,192.0,4,1599.96,768.0,831.96,0,Lisa Chen
SO-10500,2023-06-13,2023-06-19,Wholesale,WARE-UHY1004,Southeast,North Carolina,Charlotte,Central Pioneer Enterprises,Enterprise,Office Supplies,Whiteboard,159.99,72.0,22,2991.78,1584.0,1407.78,15,Robert Adams
SO-10501,2023-03-01,2023-03-05,Online,WARE-ATL5509,Southwest,Wyoming,Laramie,Bright National Inc,Government,Office Supplies,Paper Shredder,129.99,62.0,12,1435.08,744.0,691.08,8,Emily Johnson
SO-10502,2022-06-22,2022-06-27,Online,WARE-PJW3508,Northeast,Maine,Lewiston,Core Advanced Corp,Small Business,Furniture,Floor Lamp,159.99,72.0,3,441.57,216.0,225.57,8,Rachel Scott
SO-10503,2023-11-21,2023-11-24,Wholesale,WARE-MCD2201,Northeast,New York,Syracuse,Elite Advanced Co,Small Business,Clothing,Golf Polo,64.99,26.0,34,2143.36,884.0,1259.36,3,David Park
SO-10504,2023-11-25,2023-11-30,Distributor,WARE-UHY1004,South,South Carolina,Charleston,Summit Global Co,Government,Furniture,Adjustable Monitor Stand,129.99,58.0,15,1793.85,870.0,923.85,8,Amanda Torres
SO-10505,2022-01-11,2022-01-14,Wholesale,WARE-MCD2201,South,Alabama,Tuscaloosa,Coastal Elite Supply,Government,Clothing,Polo Shirt,44.99,18.0,16,683.84,288.0,395.84,5,Michael Brown
SO-10506,2022-12-07,2022-12-12,Online,WARE-NBV1002,Northeast,Massachusetts,Lowell,Core Core Supply,Enterprise,Electronics,MacBook Pro 16,2499.99,1650.0,18,42749.82,29700.0,13049.82,5,Kevin Williams
SO-10507,2023-01-15,2023-01-25,Distributor,WARE-UHY1004,Southeast,West Virginia,Morgantown,Metro Bright Corp,Government,Clothing,Swimwear,49.99,19.0,5,219.95,95.0,124.95,12,Amanda Torres
SO-10508,2023-12-29,2024-01-01,Wholesale,WARE-PJW3508,Midwest,Iowa,Cedar Rapids,Pioneer Metro Corp,Enterprise,Electronics,Home Theater System,1499.99,820.0,30,44999.7,24600.0,20399.7,0,David Park
SO-10509,2022-11-17,2022-11-24,Wholesale,WARE-NBV1002,Midwest,Wisconsin,Racine,Horizon Summit Commerce,Small Business,Furniture,Partition Wall,349.99,168.0,30,9974.7,5040.0,4934.7,5,Robert Adams
SO-10510,2022-09-24,2022-09-30,Wholesale,WARE-PJW3508,Northeast,Pennsylvania,Pittsburgh,Atlantic Horizon Inc,Government,Electronics,Video Doorbell,179.99,80.0,6,993.54,480.0,513.54,8,Amanda Torres
SO-10511,2022-12-24,2022-12-28,Distributor,WARE-ATL5509,West,New Mexico,Albuquerque,Premier Premier Supply,Government,Office Supplies,Label Printer,179.99,82.0,8,1367.92,656.0,711.92,5,Emily Johnson
SO-10512,2022-03-20,2022-03-26,Online,WARE-MCD2201,Southeast,North Carolina,Winston-Salem,Pioneer Global Co,Enterprise,Office Supplies,Stapler Heavy Duty,29.99,11.0,8,239.92,88.0,151.92,0,Rachel Scott
SO-10513,2023-04-17,2023-04-22,Online,WARE-ATL5509,Northeast,Rhode Island,Cranston,Core Global Solutions,Retail,Electronics,iPad Pro,1099.99,680.0,16,16719.84,10880.0,5839.84,5,Lisa Chen
SO-10514,2022-10-17,2022-10-23,Online,WARE-MCD2201,Southwest,Nevada,Henderson,Swift Core Trading,Enterprise,Electronics,Kindle Paperwhite,139.99,62.0,11,1539.89,682.0,857.89,0,Robert Adams
SO-10515,2022-06-16,2022-06-22,Wholesale,WARE-MCD2201,South,Mississippi,Jackson,Summit Atlantic Co,Enterprise,Electronics,Tablet Pro,899.99,450.0,14,11969.86,6300.0,5669.86,5,Rachel Scott
SO-10516,2022-07-24,2022-07-29,Wholesale,WARE-NBV1002,South,Alabama,Birmingham,Horizon Advanced Distributors,Retail,Furniture,Partition Wall,349.99,168.0,17,5473.83,2856.0,2617.83,8,Lisa Chen
SO-10517,2022-02-11,2022-02-15,Online,WARE-PJW3508,Southeast,Virginia,Richmond,National Summit Enterprises,Retail,Clothing,Polo Shirt,44.99,18.0,17,688.33,306.0,382.33,10,David Park
SO-10518,2023-12-02,2023-12-09,Online,WARE-ATL5509,Northeast,Maine,Bangor,Central Sterling Distributors,Corporate,Office Supplies,Document Scanner,299.99,145.0,22,5807.78,3190.0,2617.78,12,James Carter
SO-10519,2022-04-07,2022-04-13,Online,WARE-ATL5509,Southeast,North Carolina,Winston-Salem,Advanced Apex Co,Corporate,Clothing,Holiday Sweater,69.99,28.0,15,892.35,420.0,472.35,15,Sarah Mitchell
SO-10520,2022-02-16,2022-02-21,Wholesale,WARE-MCD2201,Southwest,Hawaii,Hilo,Pioneer Bright Supply,Government,Office Supplies,Electric Stapler,49.99,19.0,3,142.47,57.0,85.47,5,Michael Brown
SO-10521,2024-02-04,2024-02-11,Online,WARE-MCD2201,Midwest,Michigan,Grand Rapids,Central Swift Inc,Corporate,Office Supplies,Paper Shredder,129.99,62.0,9,1169.91,558.0,611.91,0,James Carter
SO-10522,2024-02-02,2024-02-06,Online,WARE-UHY1004,South,Arkansas,Springdale,Apex Coastal Co,Small Business,Clothing,Swimwear,49.99,19.0,16,679.84,304.0,375.84,15,James Carter
SO-10523,2022-08-03,2022-08-09,Online,WARE-PJW3508,South,Florida,Miami,Central Swift Group,Retail,Office Supplies,Ergonomic Chair,349.99,175.0,17,5771.33,2975.0,2796.33,3,Robert Adams
SO-10524,2022-06-06,2022-06-16,In-Store,WARE-UHY1004,West,Utah,Salt Lake City,Global Digital Distributors,Enterprise,Electronics,AirPods Pro,249.99,135.0,16,3599.84,2160.0,1439.84,10,Rachel Scott
SO-10525,2023-10-08,2023-10-22,Distributor,WARE-NBV1002,West,California,Fresno,Bright Core Supply,Retail,Electronics,iPhone 15 Pro,1199.99,780.0,14,15119.86,10920.0,4199.86,10,David Park
SO-10526,2024-01-02,2024-01-07,Online,WARE-PJW3508,West,Idaho,Pocatello,Bright Pioneer Commerce,Retail,Clothing,Sports Jacket,109.99,46.0,2,202.38,92.0,110.38,8,Amanda Torres
SO-10527,2023-12-16,2023-12-18,Wholesale,WARE-UHY1004,Northeast,Maine,Auburn,Elite Horizon Solutions,Government,Furniture,Lateral File Cabinet,399.99,192.0,30,11399.7,5760.0,5639.7,5,Emily Johnson
SO-10528,2022-10-28,2022-11-07,In-Store,WARE-PJW3508,Southeast,District of Columbia,Washington,Horizon Premier Distributors,Corporate,Clothing,Casual Pants,69.99,28.0,13,864.37,364.0,500.37,5,Amanda Torres
SO-10529,2023-05-19,2023-05-25,Online,WARE-NBV1002,South,Georgia,Savannah,Sterling National Group,Enterprise,Office Supplies,Copier Machine,1299.99,680.0,4,4679.96,2720.0,1959.96,10,Michael Brown
SO-10530,2022-12-12,2022-12-15,Wholesale,WARE-PJW3508,Midwest,Michigan,Grand Rapids,Atlantic Swift Group,Enterprise,Electronics,Surface Laptop,1399.99,870.0,30,40739.7,26100.0,14639.7,3,Lisa Chen
SO-10531,2023-06-12,2023-06-18,Online,WARE-ATL5509,Northeast,New Hampshire,Concord,Digital Digital LLC,Government,Office Supplies,Wireless Keyboard,89.99,38.0,21,1889.79,798.0,1091.79,0,Sarah Mitchell
SO-10532,2023-10-08,2023-10-15,Wholesale,WARE-ATL5509,Southeast,North Carolina,Winston-Salem,Premier Sterling Supply,Retail,Electronics,AirPods Pro,249.99,135.0,4,949.96,540.0,409.96,5,Sarah Mitchell
SO-10533,2022-07-26,2022-08-05,Distributor,WARE-ATL5509,South,Alabama,Montgomery,National Horizon Solutions,Small Business,Office Supplies,Label Printer,179.99,82.0,16,2879.84,1312.0,1567.84,0,Sarah Mitchell
SO-10534,2023-11-12,2023-11-16,Wholesale,WARE-MCD2201,Midwest,Indiana,South Bend,Central National Corp,Retail,Furniture,Accent Table,199.99,92.0,18,3167.82,1656.0,1511.82,12,Amanda Torres
SO-10535,2022-05-30,2022-06-05,Distributor,WARE-MCD2201,Southeast,Kentucky,Bowling Green,Pacific Pacific Solutions,Small Business,Electronics,Smart Thermostat,249.99,115.0,1,219.99,115.0,104.99,12,David Park
SO-10536,2022-03-01,2022-03-15,Distributor,WARE-PJW3508,Northeast,Vermont,Burlington,Coastal Swift Co,Corporate,Office Supplies,Label Maker,59.99,24.0,17,938.23,408.0,530.23,8,Michael Brown
SO-10537,2023-10-22,2023-10-29,Distributor,WARE-MCD2201,Southeast,Delaware,Dover,Core Digital Supply,Small Business,Clothing,Golf Polo,64.99,26.0,7,386.68,182.0,204.68,15,Michael Brown
SO-10538,2024-01-13,2024-01-18,Distributor,WARE-ATL5509,Northeast,New York,Syracuse,Sterling Elite LLC,Enterprise,Furniture,Bookshelf,249.99,110.0,5,1099.95,550.0,549.95,12,Robert Adams
SO-10539,2024-03-03,2024-03-09,Distributor,WARE-ATL5509,Northeast,New York,Syracuse,Atlantic Metro Solutions,Enterprise,Furniture,Lounge Chair,399.99,195.0,10,3519.9,1950.0,1569.9,12,Sarah Mitchell
SO-10540,2024-01-25,2024-01-30,In-Store,WARE-PJW3508,Northeast,Massachusetts,Cambridge,Bright Bright Supply,Enterprise,Furniture,TV Stand,249.99,118.0,1,242.49,118.0,124.49,3,Michael Brown
SO-10541,2022-12-02,2022-12-09,Wholesale,WARE-MCD2201,Southwest,Nevada,North Las Vegas,Digital Atlantic Corp,Corporate,Office Supplies,Label Printer,179.99,82.0,15,2564.85,1230.0,1334.85,5,Sarah Mitchell
SO-10542,2023-04-02,2023-04-07,Wholesale,WARE-PJW3508,Northeast,Vermont,South Burlington,Coastal Bright Commerce,Government,Clothing,Denim Jacket,89.99,38.0,3,237.57,114.0,123.57,12,Amanda Torres
SO-10543,2023-03-03,2023-03-06,Online,WARE-UHY1004,Southwest,Alaska,Sitka,Horizon Digital Corp,Retail,Clothing,Suit Set,299.99,135.0,6,1799.94,810.0,989.94,0,Amanda Torres
SO-10544,2023-09-09,2023-09-12,In-Store,WARE-NBV1002,Northeast,Connecticut,Waterbury,Bright Sterling Inc,Enterprise,Furniture,Corner Desk,699.99,345.0,14,9309.86,4830.0,4479.86,5,Michael Brown
SO-10545,2024-03-21,2024-03-24,Distributor,WARE-UHY1004,Midwest,Wisconsin,Green Bay,Central Metro Co,Small Business,Clothing,Business Casual Shirt,59.99,22.0,5,254.95,110.0,144.95,15,Amanda Torres
SO-10546,2022-02-15,2022-02-20,Wholesale,WARE-MCD2201,Northeast,Massachusetts,Lowell,Bright Digital Solutions,Government,Furniture,Executive Desk,1199.99,620.0,14,15959.86,8680.0,7279.86,5,Robert Adams
SO-10547,2023-04-05,2023-04-12,Wholesale,WARE-MCD2201,South,Oklahoma,Broken Arrow,Pacific Core Retail,Small Business,Clothing,Swimwear,49.99,19.0,5,237.45,95.0,142.45,5,David Park
SO-10548,2022-10-12,2022-10-19,Online,WARE-ATL5509,Midwest,Kansas,Wichita,Bright Sterling Commerce,Corporate,Clothing,Suit Set,299.99,135.0,3,899.97,405.0,494.97,0,Emily Johnson
SO-10549,2023-06-19,2023-06-25,In-Store,WARE-NBV1002,Southeast,Delaware,Smyrna,Global Atlantic Retail,Enterprise,Electronics,NAS Storage,899.99,450.0,8,6335.92,3600.0,2735.92,12,Emily Johnson
SO-10550,2023-09-14,2023-09-19,Wholesale,WARE-UHY1004,South,South Carolina,Spartanburg,Horizon Global Solutions,Retail,Electronics,Wireless Router,199.99,85.0,11,2199.89,935.0,1264.89,0,James Carter
SO-10551,2022-04-28,2022-05-03,Online,WARE-UHY1004,Southeast,Maryland,Gaithersburg,Summit Premier Co,Enterprise,Furniture,Executive Desk,1199.99,620.0,4,4559.96,2480.0,2079.96,5,David Park
SO-10552,2022-01-28,2022-02-01,Distributor,WARE-PJW3508,Southwest,Nevada,Las Vegas,Pioneer Summit Trading,Retail,Furniture,Work Bench,549.99,270.0,2,1099.98,540.0,559.98,0,Sarah Mitchell
SO-10553,2023-06-05,2023-06-10,Wholesale,WARE-ATL5509,Northeast,Pennsylvania,Pittsburgh,Advanced Metro Solutions,Retail,Office Supplies,Desk Organizer,29.99,11.0,18,539.82,198.0,341.82,0,Sarah Mitchell
SO-10554,2022-10-03,2022-10-13,In-Store,WARE-PJW3508,West,California,Long Beach,National Swift Retail,Government,Office Supplies,Ergonomic Chair,349.99,175.0,18,6299.82,3150.0,3149.82,0,David Park
SO-10555,2023-01-18,2023-02-01,Wholesale,WARE-NBV1002,West,Washington,Everett,Swift Central Commerce,Corporate,Office Supplies,Document Scanner,299.99,145.0,18,5237.82,2610.0,2627.82,3,Amanda Torres
SO-10556,2023-05-09,2023-05-14,Distributor,WARE-NBV1002,Southeast,Maryland,Frederick,Apex Elite Distributors,Small Business,Electronics,MacBook Pro 16,2499.99,1650.0,9,20699.91,14850.0,5849.91,8,Kevin Williams
SO-10557,2023-12-17,2023-12-24,Distributor,WARE-PJW3508,Southeast,North Carolina,Greensboro,Advanced Central Group,Enterprise,Electronics,Smart Speaker,199.99,90.0,10,1759.9,900.0,859.9,12,Amanda Torres
SO-10558,2023-04-16,2023-04-18,Online,WARE-NBV1002,Midwest,Minnesota,Rochester,Global Core Enterprises,Small Business,Furniture,Modular Sofa,1499.99,750.0,11,16499.89,8250.0,8249.89,0,David Park
SO-10559,2022-03-25,2022-03-30,Distributor,WARE-MCD2201,Southeast,District of Columbia,Washington,Atlantic Apex Trading,Small Business,Clothing,Linen Pants,64.99,26.0,3,175.47,78.0,97.47,10,James Carter
SO-10560,2022-01-10,2022-01-16,Distributor,WARE-UHY1004,Northeast,Maine,Bangor,Apex Elite LLC,Small Business,Office Supplies,Tape Dispenser,24.99,9.0,8,189.92,72.0,117.92,5,Amanda Torres
SO-10561,2023-12-25,2023-12-27,Wholesale,WARE-UHY1004,Midwest,Illinois,Rockford,Atlantic Advanced Distributors,Government,Clothing,Sun Hat,34.99,13.0,16,515.04,208.0,307.04,8,Emily Johnson
SO-10562,2022-03-08,2022-03-12,Distributor,WARE-UHY1004,Southwest,Nevada,Las Vegas,National Unity Supply,Corporate,Office Supplies,Letter Opener,14.99,5.0,5,63.7,25.0,38.7,15,Kevin Williams
SO-10563,2023-03-14,2023-03-21,Online,WARE-ATL5509,Southeast,Maryland,Bowie,Central Central Co,Retail,Clothing,Business Casual Shirt,59.99,22.0,2,113.98,44.0,69.98,5,Amanda Torres
SO-10564,2022-10-12,2022-10-17,Distributor,WARE-NBV1002,Midwest,Kansas,Wichita,Global Coastal Group,Government,Office Supplies,Printer Cartridges,89.99,32.0,14,1196.86,448.0,748.86,5,James Carter
SO-10565,2022-07-21,2022-07-25,Wholesale,WARE-NBV1002,Southwest,Utah,West Jordan,Atlantic Global Enterprises,Government,Electronics,Gaming PC,2499.99,1450.0,7,17499.93,10150.0,7349.93,0,Lisa Chen
SO-10566,2022-12-15,2022-12-22,Wholesale,WARE-NBV1002,Midwest,Minnesota,Minneapolis,National Pacific Distributors,Retail,Clothing,Sports Jacket,109.99,46.0,6,580.74,276.0,304.74,12,Rachel Scott
SO-10567,2022-11-17,2022-11-23,Wholesale,WARE-NBV1002,Northeast,Massachusetts,Boston,Digital Metro Co,Corporate,Electronics,Action Camera,349.99,170.0,7,2449.93,1190.0,1259.93,0,James Carter
SO-10568,2022-04-09,2022-04-13,Wholesale,WARE-MCD2201,Southeast,North Carolina,Greensboro,Core Global Enterprises,Retail,Clothing,Velvet Blazer,179.99,80.0,14,2141.86,1120.0,1021.86,15,Rachel Scott
SO-10569,2023-06-14,2023-06-19,Online,WARE-ATL5509,Southeast,North Carolina,Greensboro,Atlantic Global Distributors,Small Business,Electronics,Smart Lock,249.99,115.0,12,2999.88,1380.0,1619.88,0,Rachel Scott
SO-10570,2023-05-08,2023-05-12,Distributor,WARE-ATL5509,South,Oklahoma,Norman,Metro Metro Corp,Retail,Furniture,Storage Cabinet,449.99,215.0,15,6749.85,3225.0,3524.85,0,Kevin Williams
SO-10571,2023-04-26,2023-05-02,In-Store,WARE-NBV1002,Southwest,Wyoming,Laramie,Apex Global Commerce,Small Business,Office Supplies,Document Scanner,299.99,145.0,10,2849.9,1450.0,1399.9,5,Kevin Williams
SO-10572,2022-07-20,2022-07-26,Wholesale,WARE-MCD2201,Southeast,Kentucky,Louisville,Pacific Pioneer Group,Government,Clothing,Turtleneck,59.99,24.0,8,465.52,192.0,273.52,3,Lisa Chen
SO-10573,2022-12-03,2022-12-06,In-Store,WARE-UHY1004,Southeast,Delaware,Newark,Horizon National Inc,Retail,Furniture,Storage Cabinet,449.99,215.0,13,5849.87,2795.0,3054.87,0,Rachel Scott
SO-10574,2023-01-20,2023-01-25,Distributor,WARE-NBV1002,South,Tennessee,Chattanooga,Apex Global LLC,Government,Furniture,Adjustable Monitor Stand,129.99,58.0,7,909.93,406.0,503.93,0,Sarah Mitchell
SO-10575,2023-08-23,2023-08-25,In-Store,WARE-UHY1004,South,Louisiana,Lafayette,Elite Elite Co,Enterprise,Office Supplies,Ink Tank Printer,399.99,195.0,13,5199.87,2535.0,2664.87,0,Robert Adams
SO-10576,2022-01-23,2022-01-30,Online,WARE-PJW3508,Midwest,Kansas,Overland Park,Global Summit Trading,Small Business,Office Supplies,Filing Cabinet,199.99,95.0,6,1199.94,570.0,629.94,0,Michael Brown
SO-10577,2022-06-25,2022-07-09,In-Store,WARE-UHY1004,West,Colorado,Aurora,Central Pacific LLC,Small Business,Furniture,Hallway Table,279.99,132.0,18,4283.82,2376.0,1907.82,15,Emily Johnson
SO-10578,2023-03-16,2023-03-26,Distributor,WARE-UHY1004,Southeast,West Virginia,Morgantown,Bright Elite Commerce,Enterprise,Furniture,Bar Cart,299.99,140.0,8,2039.92,1120.0,919.92,15,Emily Johnson
SO-10579,2024-01-15,2024-01-21,Wholesale,WARE-ATL5509,Northeast,New Jersey,Jersey City,Pacific Premier Commerce,Enterprise,Clothing,Denim Jacket,89.99,38.0,3,229.47,114.0,115.47,15,Amanda Torres
SO-10580,2023-01-18,2023-01-24,Wholesale,WARE-ATL5509,Southeast,West Virginia,Huntington,Horizon Advanced Distributors,Corporate,Furniture,Floor Lamp,159.99,72.0,17,2447.83,1224.0,1223.83,10,Emily Johnson
SO-10581,2022-08-12,2022-08-17,Distributor,WARE-ATL5509,South,Tennessee,Chattanooga,Bright Premier Solutions,Corporate,Office Supplies,Electric Stapler,49.99,19.0,11,505.89,209.0,296.89,8,Robert Adams
SO-10582,2023-08-21,2023-08-26,Wholesale,WARE-MCD2201,Northeast,New Jersey,Elizabeth,Pioneer Central Enterprises,Retail,Furniture,Lounge Chair,399.99,195.0,3,1019.97,585.0,434.97,15,Lisa Chen
SO-10583,2022-07-03,2022-07-07,Online,WARE-PJW3508,West,Nevada,Reno,Apex Pacific Co,Small Business,Clothing,Business Casual Shirt,59.99,22.0,16,959.84,352.0,607.84,0,Sarah Mitchell
SO-10584,2022-07-25,2022-07-29,Distributor,WARE-UHY1004,Northeast,Massachusetts,Springfield,Advanced Sterling Supply,Government,Electronics,Wireless Router,199.99,85.0,12,2279.88,1020.0,1259.88,5,Robert Adams
SO-10585,2022-12-21,2022-12-31,In-Store,WARE-MCD2201,Southwest,Colorado,Denver,Global Horizon Retail,Small Business,Furniture,Mesh Chair,319.99,155.0,28,7615.72,4340.0,3275.72,15,Emily Johnson
SO-10586,2023-08-25,2023-08-31,In-Store,WARE-MCD2201,Southwest,Utah,West Jordan,Pioneer Pacific Solutions,Retail,Office Supplies,Card Reader,39.99,15.0,19,683.81,285.0,398.81,10,Emily Johnson
SO-10587,2022-05-23,2022-05-27,In-Store,WARE-MCD2201,West,New Mexico,Roswell,Horizon Apex Solutions,Retail,Electronics,4K Camera,1199.99,600.0,5,5999.95,3000.0,2999.95,0,David Park
SO-10588,2024-03-15,2024-03-25,Wholesale,WARE-MCD2201,Southwest,Colorado,Aurora,Pioneer Bright Retail,Small Business,Electronics,NAS Storage,899.99,450.0,2,1799.98,900.0,899.98,0,David Park
SO-10589,2022-04-22,2022-04-27,Online,WARE-ATL5509,Northeast,New Hampshire,Derry,Sterling Pacific Corp,Small Business,Office Supplies,Desk Organizer,29.99,11.0,11,296.89,121.0,175.89,10,James Carter
SO-10590,2022-03-13,2022-03-17,Wholesale,WARE-NBV1002,Southwest,Hawaii,Honolulu,Sterling Unity LLC,Enterprise,Office Supplies,Filing Cabinet,199.99,95.0,13,2521.87,1235.0,1286.87,3,Kevin Williams
SO-10591,2022-06-10,2022-06-13,In-Store,WARE-UHY1004,Northeast,Connecticut,Bridgeport,Horizon Pacific Trading,Small Business,Clothing,Velvet Blazer,179.99,80.0,5,827.95,400.0,427.95,8,Michael Brown
SO-10592,2022-07-27,2022-08-02,In-Store,WARE-MCD2201,West,New Mexico,Las Cruces,Advanced Elite Inc,Corporate,Furniture,TV Stand,249.99,118.0,18,4049.82,2124.0,1925.82,10,David Park
SO-10593,2023-05-18,2023-05-23,Wholesale,WARE-PJW3508,Southeast,Kentucky,Lexington,Pacific Sterling Retail,Enterprise,Furniture,TV Stand,249.99,118.0,15,3749.85,1770.0,1979.85,0,David Park
SO-10594,2022-07-03,2022-07-09,Online,WARE-MCD2201,Southeast,Kentucky,Lexington,Coastal Premier Supply,Corporate,Clothing,Sports Jacket,109.99,46.0,21,2078.79,966.0,1112.79,10,Emily Johnson
SO-10595,2022-03-10,2022-03-20,Online,WARE-NBV1002,South,Louisiana,Lake Charles,Swift Atlantic Solutions,Government,Furniture,Hallway Table,279.99,132.0,7,1803.13,924.0,879.13,8,Lisa Chen
SO-10596,2023-06-03,2023-06-08,Wholesale,WARE-UHY1004,West,New Mexico,Las Cruces,Digital Coastal Solutions,Retail,Furniture,Modular Sofa,1499.99,750.0,3,4499.97,2250.0,2249.97,0,James Carter
SO-10597,2023-11-18,2023-11-23,In-Store,WARE-MCD2201,Northeast,New Jersey,Newark,Pacific Swift Retail,Small Business,Office Supplies,Binding Machine,149.99,68.0,32,4799.68,2176.0,2623.68,0,Amanda Torres
SO-10598,2022-04-13,2022-04-17,Online,WARE-PJW3508,Midwest,Michigan,Grand Rapids,Coastal Premier LLC,Small Business,Electronics,USB-C Hub,79.99,32.0,6,422.34,192.0,230.34,12,Amanda Torres
SO-10599,2023-06-30,2023-07-05,Distributor,WARE-MCD2201,Midwest,Michigan,Grand Rapids,Unity Atlantic Trading,Corporate,Electronics,Laptop Cooling Pad,49.99,19.0,8,399.92,152.0,247.92,0,Rachel Scott
SO-10600,2023-01-19,2023-01-23,Distributor,WARE-UHY1004,Northeast,New York,Rochester,Central Global Inc,Corporate,Office Supplies,Whiteboard,159.99,72.0,8,1279.92,576.0,703.92,0,Emily Johnson
SO-10601,2023-06-09,2023-06-16,In-Store,WARE-ATL5509,Northeast,Connecticut,New Haven,Swift Elite Distributors,Retail,Electronics,Smart Display,349.99,165.0,5,1662.45,825.0,837.45,5,David Park
SO-10602,2022-11-28,2022-11-30,Wholesale,WARE-UHY1004,Northeast,Pennsylvania,Pittsburgh,Global Coastal Group,Corporate,Electronics,Drone Camera,799.99,400.0,14,10639.86,5600.0,5039.86,5,Michael Brown
SO-10603,2023-02-25,2023-03-03,In-Store,WARE-PJW3508,Southwest,Wyoming,Cheyenne,Atlantic Swift Distributors,Corporate,Electronics,Tablet Pro,899.99,450.0,10,8099.9,4500.0,3599.9,10,Rachel Scott
SO-10604,2023-10-13,2023-10-27,Wholesale,WARE-MCD2201,Midwest,Missouri,St. Louis,Pacific Pioneer Inc,Government,Furniture,Work Bench,549.99,270.0,11,5444.89,2970.0,2474.89,10,Emily Johnson
SO-10605,2023-09-24,2023-09-28,Online,WARE-UHY1004,Southeast,Delaware,Wilmington,National Core LLC,Enterprise,Office Supplies,Ergonomic Chair,349.99,175.0,4,1287.96,700.0,587.96,8,Amanda Torres
SO-10606,2023-10-20,2023-10-24,Distributor,WARE-PJW3508,Midwest,Minnesota,Saint Paul,Digital Pioneer Corp,Corporate,Clothing,Denim Jacket,89.99,38.0,2,152.98,76.0,76.98,15,Kevin Williams
SO-10607,2022-12-06,2022-12-10,In-Store,WARE-ATL5509,West,Arizona,Phoenix,Metro National Retail,Retail,Office Supplies,Letter Opener,14.99,5.0,24,316.56,120.0,196.56,12,Kevin Williams
SO-10608,2023-05-19,2023-05-29,Online,WARE-UHY1004,Midwest,Michigan,Sterling Heights,Summit Elite Corp,Government,Electronics,Surface Laptop,1399.99,870.0,3,4199.97,2610.0,1589.97,0,Kevin Williams
SO-10609,2024-01-13,2024-01-17,In-Store,WARE-PJW3508,South,Tennessee,Clarksville,National Central Corp,Enterprise,Electronics,Smart Home Hub,299.99,140.0,15,4364.85,2100.0,2264.85,3,Rachel Scott
SO-10610,2023-01-04,2023-01-09,Wholesale,WARE-UHY1004,West,Colorado,Aurora,Digital Central Commerce,Retail,Clothing,Polo Shirt,44.99,18.0,13,526.37,234.0,292.37,10,James Carter
SO-10611,2023-07-05,2023-07-10,Distributor,WARE-MCD2201,West,Utah,Salt Lake City,Advanced Coastal Enterprises,Enterprise,Furniture,Bar Cart,299.99,140.0,6,1799.94,840.0,959.94,0,David Park
SO-10612,2022-05-20,2022-05-24,Distributor,WARE-MCD2201,Southeast,Delaware,Middletown,Global Global Commerce,Retail,Electronics,VR Headset,599.99,280.0,16,9311.84,4480.0,4831.84,3,David Park
SO-10613,2023-10-19,2023-10-24,In-Store,WARE-UHY1004,West,Nevada,North Las Vegas,Atlantic Coastal Distributors,Retail,Clothing,Winter Coat,149.99,65.0,3,449.97,195.0,254.97,0,Michael Brown
SO-10614,2023-12-07,2023-12-13,Wholesale,WARE-NBV1002,Southwest,Wyoming,Rock Springs,Central National Group,Enterprise,Clothing,Board Shorts,54.99,21.0,26,1315.34,546.0,769.34,8,James Carter
SO-10615,2022-05-31,2022-06-04,Online,WARE-MCD2201,Southwest,Nevada,Reno,Premier Global LLC,Retail,Clothing,Swimwear,49.99,19.0,9,382.41,171.0,211.41,15,Rachel Scott
SO-10616,2023-03-14,2023-03-20,Distributor,WARE-MCD2201,Northeast,New Hampshire,Nashua,Swift Coastal Distributors,Corporate,Clothing,Chinos,74.99,30.0,9,593.91,270.0,323.91,12,Sarah Mitchell
SO-10617,2022-08-03,2022-08-09,Online,WARE-NBV1002,Southwest,Wyoming,Casper,Premier Horizon Inc,Retail,Furniture,Adjustable Monitor Stand,129.99,58.0,14,1819.86,812.0,1007.86,0,Kevin Williams
SO-10618,2023-01-19,2023-01-25,Online,WARE-MCD2201,West,Arizona,Chandler,Horizon Premier Commerce,Government,Office Supplies,Projector,699.99,340.0,6,4073.94,2040.0,2033.94,3,Emily Johnson
SO-10619,2022-09-23,2022-09-28,Distributor,WARE-NBV1002,South,Tennessee,Nashville,Atlantic Premier LLC,Retail,Office Supplies,Filing Cabinet,199.99,95.0,14,2379.86,1330.0,1049.86,15,Sarah Mitchell
SO-10620,2022-08-29,2022-09-03,Online,WARE-ATL5509,Midwest,Ohio,Cincinnati,Global Metro Co,Corporate,Electronics,External SSD,129.99,55.0,17,2209.83,935.0,1274.83,0,Sarah Mitchell
SO-10621,2023-06-17,2023-06-27,Distributor,WARE-PJW3508,South,Oklahoma,Oklahoma City,Pioneer Core Trading,Enterprise,Clothing,Country Boots,119.99,52.0,10,1079.9,520.0,559.9,10,Lisa Chen
SO-10622,2022-02-28,2022-03-07,Wholesale,WARE-UHY1004,South,Alabama,Mobile,Global Digital Supply,Corporate,Clothing,Country Boots,119.99,52.0,12,1439.88,624.0,815.88,0,Rachel Scott
SO-10623,2023-04-08,2023-04-13,Distributor,WARE-NBV1002,Northeast,New Hampshire,Concord,Global Pioneer Inc,Enterprise,Office Supplies,Laminator,89.99,40.0,16,1396.64,640.0,756.64,3,Amanda Torres
SO-10624,2023-09-20,2023-09-24,In-Store,WARE-UHY1004,South,South Carolina,Spartanburg,Atlantic Coastal Co,Government,Clothing,Suit Set,299.99,135.0,3,809.97,405.0,404.97,10,Rachel Scott
SO-10625,2022-11-05,2022-11-09,In-Store,WARE-UHY1004,Southwest,New Mexico,Las Cruces,Atlantic Horizon Retail,Small Business,Clothing,Polo Shirt,44.99,18.0,32,1295.68,576.0,719.68,10,Robert Adams
SO-10626,2022-01-30,2022-02-09,Distributor,WARE-MCD2201,Southwest,Arizona,Phoenix,Coastal Advanced Group,Corporate,Clothing,Sun Hat,34.99,13.0,6,199.44,78.0,121.44,5,Robert Adams
SO-10627,2022-12-07,2022-12-17,Wholesale,WARE-ATL5509,Southeast,District of Columbia,Washington,Pacific Pioneer Trading,Retail,Electronics,Portable Projector,499.99,245.0,17,7224.83,4165.0,3059.83,15,Emily Johnson
SO-10628,2022-04-25,2022-04-29,Distributor,WARE-UHY1004,South,Louisiana,New Orleans,Elite Atlantic Distributors,Enterprise,Furniture,Executive Desk,1199.99,620.0,3,3059.97,1860.0,1199.97,15,David Park
SO-10629,2023-08-28,2023-09-01,In-Store,WARE-ATL5509,Southeast,District of Columbia,Washington,Central Pioneer Solutions,Government,Furniture,Conference Table,999.99,520.0,19,17479.81,9880.0,7599.81,8,Rachel Scott
SO-10630,2023-04-17,2023-04-20,Wholesale,WARE-UHY1004,South,Florida,Pensacola,National Horizon Retail,Government,Electronics,Wireless Router,199.99,85.0,11,2089.89,935.0,1154.89,5,Michael Brown
SO-10631,2023-12-07,2023-12-11,Distributor,WARE-MCD2201,South,Texas,El Paso,Horizon Elite Enterprises,Corporate,Furniture,Partition Wall,349.99,168.0,10,2974.9,1680.0,1294.9,15,Lisa Chen
SO-10632,2023-05-15,2023-05-19,Distributor,WARE-MCD2201,South,Tennessee,Memphis,Global Swift Trading,Retail,Electronics,Bluetooth Speaker,149.99,58.0,13,1949.87,754.0,1195.87,0,Lisa Chen
SO-10633,2023-12-15,2023-12-21,Distributor,WARE-ATL5509,West,Utah,Salt Lake City,Coastal Atlantic Corp,Corporate,Furniture,Mesh Chair,319.99,155.0,15,4223.85,2325.0,1898.85,12,Michael Brown
SO-10634,2023-12-14,2023-12-18,In-Store,WARE-NBV1002,West,Oregon,Hillsboro,Elite Elite Supply,Enterprise,Office Supplies,Tape Dispenser,24.99,9.0,33,824.67,297.0,527.67,0,Rachel Scott
SO-10635,2022-06-22,2022-06-25,Distributor,WARE-ATL5509,Northeast,Connecticut,Stamford,Premier Metro LLC,Retail,Clothing,Swimwear,49.99,19.0,3,134.97,57.0,77.97,10,Robert Adams
SO-10636,2022-09-04,2022-09-09,Online,WARE-MCD2201,Southwest,Alaska,Fairbanks,Premier Coastal Supply,Retail,Electronics,iPhone 15,999.99,620.0,13,11049.87,8060.0,2989.87,15,Michael Brown
SO-10637,2022-04-30,2022-05-03,Wholesale,WARE-PJW3508,Southwest,Hawaii,Kailua,National Global Distributors,Corporate,Electronics,iPhone 15,999.99,620.0,3,2639.97,1860.0,779.97,12,Rachel Scott
SO-10638,2023-08-09,2023-08-12,Online,WARE-MCD2201,South,Mississippi,Hattiesburg,Swift Premier Trading,Government,Clothing,Winter Coat,149.99,65.0,6,899.94,390.0,509.94,0,Kevin Williams
SO-10639,2023-11-06,2023-11-10,Wholesale,WARE-PJW3508,Southeast,West Virginia,Charleston,Premier Global Commerce,Corporate,Electronics,Tablet Pro,899.99,450.0,10,7649.9,4500.0,3149.9,15,James Carter
SO-10640,2023-07-30,2023-08-06,Distributor,WARE-PJW3508,South,South Carolina,Charleston,Pacific Atlantic Commerce,Government,Office Supplies,Paper Shredder,129.99,62.0,10,1299.9,620.0,679.9,0,Robert Adams
SO-10641,2023-06-16,2023-06-22,Distributor,WARE-ATL5509,West,California,Sacramento,Summit Bright Enterprises,Enterprise,Furniture,Conference Table,999.99,520.0,11,9899.89,5720.0,4179.89,10,Rachel Scott
SO-10642,2022-02-15,2022-02-17,In-Store,WARE-ATL5509,Southeast,Delaware,Dover,Sterling Elite Corp,Enterprise,Electronics,Satellite Phone,799.99,420.0,8,6399.92,3360.0,3039.92,0,Michael Brown
SO-10643,2022-09-19,2022-09-24,Distributor,WARE-MCD2201,South,South Carolina,Spartanburg,Coastal Digital LLC,Small Business,Electronics,Wi-Fi Mesh System,399.99,190.0,9,3599.91,1710.0,1889.91,0,Kevin Williams
SO-10644,2023-01-17,2023-01-23,Wholesale,WARE-NBV1002,South,Florida,Fort Lauderdale,Summit Pioneer Trading,Government,Office Supplies,Wireless Keyboard,89.99,38.0,17,1407.43,646.0,761.43,8,Emily Johnson
SO-10645,2023-07-16,2023-07-19,In-Store,WARE-UHY1004,Northeast,New Jersey,Newark,Apex Pioneer Co,Enterprise,Electronics,Laptop Cooling Pad,49.99,19.0,15,749.85,285.0,464.85,0,James Carter
SO-10646,2024-03-12,2024-03-16,Distributor,WARE-ATL5509,Northeast,Vermont,South Burlington,Bright Horizon LLC,Enterprise,Clothing,Summer Dress,79.99,30.0,4,303.96,120.0,183.96,5,Kevin Williams
SO-10647,2022-11-22,2022-11-26,Wholesale,WARE-ATL5509,Midwest,Nebraska,Omaha,Swift Core Trading,Small Business,Electronics,AirPods Pro,249.99,135.0,27,5939.73,3645.0,2294.73,12,Michael Brown
SO-10648,2023-01-23,2023-01-26,Wholesale,WARE-UHY1004,Northeast,New Hampshire,Nashua,National Core Trading,Retail,Office Supplies,Document Scanner,299.99,145.0,9,2564.91,1305.0,1259.91,5,Lisa Chen
SO-10649,2023-06-18,2023-06-22,Online,WARE-NBV1002,West,Idaho,Meridian,Sterling Central Solutions,Corporate,Furniture,Storage Cabinet,449.99,215.0,9,4049.91,1935.0,2114.91,0,Emily Johnson
SO-10650,2024-02-01,2024-02-06,In-Store,WARE-MCD2201,Northeast,Connecticut,Waterbury,Global Central Retail,Retail,Electronics,iPad Pro,1099.99,680.0,10,9899.9,6800.0,3099.9,10,Kevin Williams
SO-10651,2022-07-14,2022-07-20,Online,WARE-ATL5509,Southwest,Arizona,Chandler,Apex National Supply,Retail,Electronics,Portable Charger,79.99,34.0,2,140.78,68.0,72.78,12,Robert Adams
SO-10652,2022-05-17,2022-05-22,In-Store,WARE-PJW3508,Southwest,Utah,West Valley City,Central Horizon Trading,Corporate,Electronics,4K Camera,1199.99,600.0,17,20399.83,10200.0,10199.83,0,Lisa Chen
SO-10653,2022-11-03,2022-11-07,In-Store,WARE-PJW3508,Southwest,Utah,Orem,Global Bright Trading,Government,Electronics,Server Unit,4999.99,2800.0,33,160049.67,92400.0,67649.67,3,James Carter
SO-10654,2022-01-07,2022-01-11,In-Store,WARE-MCD2201,West,Montana,Bozeman,Atlantic Global Solutions,Enterprise,Electronics,Drone Camera,799.99,400.0,15,11399.85,6000.0,5399.85,5,James Carter
SO-10655,2023-06-26,2023-07-03,In-Store,WARE-PJW3508,Northeast,Vermont,Barre,Atlantic Horizon Inc,Small Business,Office Supplies,Paper Shredder,129.99,62.0,18,2152.62,1116.0,1036.62,8,Amanda Torres
SO-10656,2022-07-06,2022-07-13,In-Store,WARE-PJW3508,West,Nevada,Reno,Digital Digital Corp,Retail,Furniture,Storage Cabinet,449.99,215.0,19,8549.81,4085.0,4464.81,0,James Carter
SO-10657,2022-02-11,2022-02-16,In-Store,WARE-MCD2201,Midwest,Minnesota,Minneapolis,Metro Premier Retail,Enterprise,Office Supplies,Heavy Duty Punch,79.99,34.0,5,379.95,170.0,209.95,5,Sarah Mitchell
SO-10658,2024-01-02,2024-01-06,Online,WARE-NBV1002,West,New Mexico,Roswell,Unity Coastal Corp,Corporate,Clothing,Swimwear,49.99,19.0,5,229.95,95.0,134.95,8,Robert Adams
SO-10659,2022-08-31,2022-09-06,Online,WARE-MCD2201,South,Alabama,Tuscaloosa,Central Core Supply,Retail,Electronics,Laptop Cooling Pad,49.99,19.0,3,142.47,57.0,85.47,5,Michael Brown
SO-10660,2023-09-25,2023-10-01,Distributor,WARE-UHY1004,Midwest,Iowa,Des Moines,National Advanced LLC,Retail,Clothing,Sports Jacket,109.99,46.0,5,549.95,230.0,319.95,0,Emily Johnson
SO-10661,2023-08-29,2023-09-04,Online,WARE-PJW3508,West,Washington,Everett,Atlantic Summit Trading,Small Business,Office Supplies,Filing Cabinet,199.99,95.0,22,4267.78,2090.0,2177.78,3,Robert Adams
SO-10662,2022-02-22,2022-02-27,Wholesale,WARE-MCD2201,West,California,Riverside,National National Solutions,Corporate,Office Supplies,Paper Shredder,129.99,62.0,13,1605.37,806.0,799.37,5,Kevin Williams
SO-10663,2023-01-08,2023-01-18,In-Store,WARE-NBV1002,West,California,Oakland,National Pioneer Inc,Corporate,Electronics,Desktop Computer,1499.99,890.0,9,12419.91,8010.0,4409.91,8,James Carter
SO-10664,2022-10-14,2022-10-19,Distributor,WARE-NBV1002,Southwest,Wyoming,Casper,Horizon Apex Solutions,Corporate,Furniture,Credenza,649.99,320.0,4,2469.96,1280.0,1189.96,5,James Carter
SO-10665,2023-01-06,2023-01-12,Wholesale,WARE-NBV1002,Southwest,Nevada,Reno,Advanced Elite Distributors,Corporate,Furniture,Adjustable Monitor Stand,129.99,58.0,17,2143.53,986.0,1157.53,3,Robert Adams
SO-10666,2023-12-23,2024-01-02,Distributor,WARE-MCD2201,Southwest,Arizona,Phoenix,Swift Core Solutions,Small Business,Office Supplies,Filing Cabinet,199.99,95.0,31,6199.69,2945.0,3254.69,0,Kevin Williams
SO-10667,2023-03-05,2023-03-11,Online,WARE-MCD2201,Southwest,Nevada,Las Vegas,Apex Apex Enterprises,Corporate,Office Supplies,Filing Cabinet,199.99,95.0,18,3167.82,1710.0,1457.82,12,Amanda Torres
SO-10668,2023-09-06,2023-09-12,Online,WARE-UHY1004,West,Idaho,Pocatello,Sterling Metro Distributors,Retail,Electronics,AirPods Pro,249.99,135.0,9,2249.91,1215.0,1034.91,0,Amanda Torres
SO-10669,2023-01-29,2023-02-04,In-Store,WARE-NBV1002,Southwest,Arizona,Tucson,Core Advanced Group,Small Business,Clothing,Linen Shirt,54.99,21.0,18,910.62,378.0,532.62,8,Rachel Scott
SO-10670,2023-12-26,2023-12-30,Online,WARE-UHY1004,South,South Carolina,Columbia,Sterling Advanced Commerce,Small Business,Clothing,Linen Shirt,54.99,21.0,19,1013.46,399.0,614.46,3,James Carter
SO-10671,2022-06-01,2022-06-11,Online,WARE-NBV1002,Southeast,Virginia,Chesapeake,Metro National Group,Enterprise,Electronics,Smartband,199.99,88.0,10,1899.9,880.0,1019.9,5,Rachel Scott
SO-10672,2022-05-17,2022-05-24,Online,WARE-PJW3508,Midwest,Indiana,Indianapolis,Pioneer Metro Retail,Small Business,Furniture,Adjustable Monitor Stand,129.99,58.0,14,1728.86,812.0,916.86,5,Michael Brown
SO-10673,2024-02-03,2024-02-13,Wholesale,WARE-UHY1004,South,Louisiana,New Orleans,Core Swift Group,Enterprise,Electronics,Bloomberg Terminal,5999.99,3800.0,13,74099.87,49400.0,24699.87,5,Michael Brown
SO-10674,2022-08-26,2022-08-31,Wholesale,WARE-UHY1004,South,South Carolina,Spartanburg,Pacific Horizon Corp,Small Business,Office Supplies,Tape Dispenser,24.99,9.0,15,337.35,135.0,202.35,10,Emily Johnson
SO-10675,2022-11-14,2022-11-21,In-Store,WARE-NBV1002,Southeast,West Virginia,Huntington,Core Elite LLC,Retail,Furniture,Standing Desk,699.99,350.0,13,8371.87,4550.0,3821.87,8,Emily Johnson
SO-10676,2024-02-08,2024-02-14,Online,WARE-NBV1002,West,Utah,Salt Lake City,Coastal Global LLC,Small Business,Office Supplies,Letter Opener,14.99,5.0,1,13.79,5.0,8.79,8,Emily Johnson
SO-10677,2024-03-21,2024-03-26,Wholesale,WARE-ATL5509,Northeast,New Jersey,Jersey City,Pacific Elite Corp,Retail,Electronics,Laptop Pro 15,1299.99,780.0,4,4939.96,3120.0,1819.96,5,Robert Adams
SO-10678,2022-02-27,2022-03-05,Online,WARE-ATL5509,Midwest,Indiana,South Bend,Atlantic Global Inc,Enterprise,Office Supplies,Whiteboard,159.99,72.0,18,2534.22,1296.0,1238.22,12,Sarah Mitchell
SO-10679,2022-08-18,2022-08-22,Distributor,WARE-UHY1004,Southeast,Kentucky,Owensboro,Summit Apex Retail,Retail,Office Supplies,Ergonomic Chair,349.99,175.0,2,643.98,350.0,293.98,8,Sarah Mitchell
SO-10680,2022-10-16,2022-10-19,Online,WARE-ATL5509,West,Oregon,Portland,Atlantic Apex LLC,Small Business,Office Supplies,Label Printer,179.99,82.0,12,2051.88,984.0,1067.88,5,Robert Adams
SO-10681,2023-03-12,2023-03-19,Online,WARE-PJW3508,West,Idaho,Meridian,Core Sterling Solutions,Retail,Office Supplies,Ergonomic Mouse,59.99,24.0,5,284.95,120.0,164.95,5,Lisa Chen
SO-10682,2022-05-31,2022-06-03,Wholesale,WARE-PJW3508,Midwest,Ohio,Columbus,Horizon Pacific LLC,Small Business,Office Supplies,Ink Tank Printer,399.99,195.0,11,3959.89,2145.0,1814.89,10,Sarah Mitchell
SO-10683,2022-11-23,2022-11-28,In-Store,WARE-MCD2201,Midwest,Michigan,Grand Rapids,Core Pioneer Corp,Retail,Clothing,Turtleneck,59.99,24.0,34,1876.46,816.0,1060.46,8,Kevin Williams
SO-10684,2023-07-04,2023-07-09,In-Store,WARE-NBV1002,West,Idaho,Pocatello,Central Unity Distributors,Small Business,Clothing,Linen Pants,64.99,26.0,9,497.16,234.0,263.16,15,Lisa Chen
SO-10685,2023-05-01,2023-05-11,Distributor,WARE-MCD2201,Northeast,Pennsylvania,Philadelphia,Apex Apex Corp,Small Business,Furniture,Laptop Cart,299.99,145.0,5,1499.95,725.0,774.95,0,Kevin Williams
SO-10686,2024-02-04,2024-02-07,Wholesale,WARE-PJW3508,West,Colorado,Colorado Springs,Coastal Global Supply,Corporate,Office Supplies,Printer Cartridges,89.99,32.0,5,449.95,160.0,289.95,0,Sarah Mitchell
SO-10687,2022-05-31,2022-06-03,Wholesale,WARE-UHY1004,Southwest,Arizona,Chandler,Pacific Global Distributors,Small Business,Office Supplies,Ergonomic Chair,349.99,175.0,12,4073.88,2100.0,1973.88,3,Amanda Torres
SO-10688,2023-02-26,2023-03-03,Online,WARE-NBV1002,Southwest,Nevada,Sparks,Sterling Atlantic Corp,Government,Furniture,Credenza,649.99,320.0,11,7149.89,3520.0,3629.89,0,Robert Adams
SO-10689,2023-11-28,2023-12-03,In-Store,WARE-MCD2201,Southeast,Virginia,Virginia Beach,Bright Unity Co,Small Business,Clothing,Holiday Sweater,69.99,28.0,32,2127.68,896.0,1231.68,5,Michael Brown
SO-10690,2022-08-05,2022-08-11,Online,WARE-MCD2201,Northeast,New Hampshire,Derry,Coastal Premier Supply,Retail,Office Supplies,Letter Opener,14.99,5.0,14,203.56,70.0,133.56,3,Lisa Chen
SO-10691,2023-01-16,2023-01-20,Distributor,WARE-NBV1002,Southwest,Alaska,Sitka,Atlantic Pacific Solutions,Small Business,Office Supplies,Printer Cartridges,89.99,32.0,14,1259.86,448.0,811.86,0,Michael Brown
SO-10692,2023-09-04,2023-09-10,Online,WARE-UHY1004,South,Oklahoma,Oklahoma City,Elite Swift Group,Enterprise,Electronics,Tablet Pro,899.99,450.0,1,854.99,450.0,404.99,5,Sarah Mitchell
SO-10693,2022-02-19,2022-02-22,Wholesale,WARE-ATL5509,Southeast,Delaware,Wilmington,Global Apex Co,Small Business,Clothing,Formal Jacket,129.99,55.0,11,1358.39,605.0,753.39,5,Lisa Chen
SO-10694,2023-02-22,2023-02-25,Wholesale,WARE-ATL5509,West,Nevada,Henderson,Global Bright Trading,Corporate,Electronics,VR Headset,599.99,280.0,17,10199.83,4760.0,5439.83,0,Michael Brown
SO-10695,2023-10-03,2023-10-13,In-Store,WARE-ATL5509,South,Georgia,Athens,Elite Summit Supply,Government,Clothing,Polo Shirt,44.99,18.0,3,130.92,54.0,76.92,3,Rachel Scott
SO-10696,2022-10-25,2022-10-31,In-Store,WARE-ATL5509,Southwest,Wyoming,Gillette,Metro Coastal Group,Government,Office Supplies,Binding Machine,149.99,68.0,12,1655.88,816.0,839.88,8,Sarah Mitchell
SO-10697,2022-05-27,2022-06-01,Distributor,WARE-UHY1004,South,South Carolina,Spartanburg,Horizon Atlantic Enterprises,Enterprise,Electronics,Laptop Pro 15,1299.99,780.0,10,12999.9,7800.0,5199.9,0,Robert Adams
SO-10698,2022-04-02,2022-04-06,Wholesale,WARE-UHY1004,Northeast,New Jersey,Edison,Advanced Horizon Co,Corporate,Furniture,Reception Desk,849.99,430.0,3,2294.97,1290.0,1004.97,10,Rachel Scott
SO-10699,2023-02-23,2023-02-28,Online,WARE-MCD2201,West,California,Fresno,Core Pioneer Solutions,Government,Furniture,Bookshelf,249.99,110.0,5,1099.95,550.0,549.95,12,Amanda Torres
SO-10700,2024-03-20,2024-03-26,Distributor,WARE-MCD2201,Midwest,Illinois,Naperville,Global Summit LLC,Small Business,Electronics,Webcam HD,99.99,42.0,8,703.92,336.0,367.92,12,Rachel Scott
SO-10701,2023-11-17,2023-11-21,Online,WARE-UHY1004,West,Washington,Spokane,Swift Digital LLC,Corporate,Clothing,Golf Polo,64.99,26.0,8,467.92,208.0,259.92,10,David Park
SO-10702,2022-11-21,2022-12-05,Distributor,WARE-MCD2201,West,Colorado,Fort Collins,Elite Horizon LLC,Corporate,Furniture,Executive Desk,1199.99,620.0,24,25919.76,14880.0,11039.76,10,Kevin Williams
SO-10703,2023-08-05,2023-08-19,Wholesale,WARE-UHY1004,South,Arkansas,Fort Smith,Metro Apex Trading,Corporate,Office Supplies,Binding Machine,149.99,68.0,3,413.97,204.0,209.97,8,Emily Johnson
SO-10704,2022-06-30,2022-07-03,Wholesale,WARE-MCD2201,Northeast,Vermont,Rutland,Coastal Pacific Co,Government,Furniture,Accent Table,199.99,92.0,4,759.96,368.0,391.96,5,Emily Johnson
SO-10705,2023-03-15,2023-03-25,Wholesale,WARE-MCD2201,Southwest,Colorado,Colorado Springs,Premier Elite Solutions,Retail,Electronics,iPad Pro,1099.99,680.0,11,11494.89,7480.0,4014.89,5,Kevin Williams
SO-10706,2023-08-08,2023-08-15,In-Store,WARE-PJW3508,Southwest,Nevada,North Las Vegas,Core Elite LLC,Enterprise,Furniture,Floor Lamp,159.99,72.0,14,1971.06,1008.0,963.06,12,James Carter
SO-10707,2022-04-27,2022-05-01,Wholesale,WARE-ATL5509,South,Arkansas,Fort Smith,Digital Summit Retail,Corporate,Clothing,Fleece Hoodie,74.99,30.0,14,1049.86,420.0,629.86,0,James Carter
SO-10708,2023-01-22,2023-01-26,Distributor,WARE-NBV1002,South,Tennessee,Chattanooga,Bright Global Solutions,Enterprise,Office Supplies,Copier Machine,1299.99,680.0,7,8826.93,4760.0,4066.93,3,Michael Brown
SO-10709,2023-04-12,2023-04-17,Distributor,WARE-NBV1002,Southeast,Kentucky,Louisville,Swift Central Commerce,Small Business,Clothing,Board Shorts,54.99,21.0,14,731.36,294.0,437.36,5,Amanda Torres
SO-10710,2023-03-23,2023-03-27,Online,WARE-NBV1002,West,Nevada,Henderson,Sterling Core LLC,Corporate,Office Supplies,Calligraphy Set,39.99,15.0,13,478.27,195.0,283.27,8,James Carter
SO-10711,2024-02-09,2024-02-12,Distributor,WARE-MCD2201,Southeast,West Virginia,Charleston,Unity Bright Inc,Small Business,Clothing,Suit Set,299.99,135.0,18,4859.82,2430.0,2429.82,10,Emily Johnson
SO-10712,2023-04-26,2023-05-01,Distributor,WARE-UHY1004,West,Idaho,Idaho Falls,Central Coastal Inc,Government,Electronics,Smart Watch,399.99,180.0,4,1439.96,720.0,719.96,10,Michael Brown
SO-10713,2022-09-05,2022-09-15,In-Store,WARE-PJW3508,Midwest,Wisconsin,Green Bay,Metro Global Inc,Government,Clothing,Swimwear,49.99,19.0,1,45.99,19.0,26.99,8,Rachel Scott
SO-10714,2023-07-24,2023-07-28,In-Store,WARE-MCD2201,Midwest,Indiana,Fort Wayne,Metro Bright Trading,Small Business,Clothing,Sports Jacket,109.99,46.0,14,1416.66,644.0,772.66,8,David Park
SO-10715,2022-04-12,2022-04-17,In-Store,WARE-PJW3508,Midwest,Kansas,Overland Park,Coastal Advanced Commerce,Small Business,Clothing,Sports Jacket,109.99,46.0,5,467.45,230.0,237.45,15,Sarah Mitchell
SO-10716,2024-02-28,2024-03-01,Online,WARE-UHY1004,Northeast,New York,Rochester,Pacific Bright Trading,Retail,Electronics,Smartband,199.99,88.0,5,879.95,440.0,439.95,12,Lisa Chen
SO-10717,2023-07-03,2023-07-09,Online,WARE-UHY1004,South,Tennessee,Memphis,Advanced Metro Co,Corporate,Furniture,Modular Sofa,1499.99,750.0,9,12419.91,6750.0,5669.91,8,Rachel Scott
SO-10718,2022-05-26,2022-05-30,Distributor,WARE-UHY1004,Northeast,Massachusetts,Cambridge,Pacific Pacific Enterprises,Retail,Electronics,iPhone 15 Pro,1199.99,780.0,10,11999.9,7800.0,4199.9,0,Sarah Mitchell
SO-10719,2023-10-03,2023-10-07,Wholesale,WARE-UHY1004,West,California,Long Beach,Coastal Pioneer Retail,Small Business,Electronics,Ring Light,89.99,36.0,3,248.37,108.0,140.37,8,Michael Brown
SO-10720,2022-12-18,2022-12-23,In-Store,WARE-ATL5509,Northeast,Connecticut,Waterbury,Core Swift Inc,Enterprise,Electronics,iPhone 15,999.99,620.0,25,21249.75,15500.0,5749.75,15,Sarah Mitchell
SO-10721,2023-06-09,2023-06-13,Distributor,WARE-UHY1004,South,South Carolina,Columbia,Atlantic Elite Inc,Small Business,Electronics,USB Microphone,179.99,78.0,6,1025.94,468.0,557.94,5,Sarah Mitchell
SO-10722,2022-07-24,2022-07-28,Wholesale,WARE-MCD2201,Southwest,Nevada,Reno,Sterling Digital Supply,Government,Furniture,Credenza,649.99,320.0,4,2287.96,1280.0,1007.96,12,David Park
SO-10723,2024-01-05,2024-01-15,In-Store,WARE-UHY1004,South,Louisiana,Baton Rouge,Bright Bright Co,Retail,Office Supplies,Ergonomic Mouse,59.99,24.0,9,539.91,216.0,323.91,0,David Park
SO-10724,2023-09-30,2023-10-06,Distributor,WARE-NBV1002,West,Utah,Orem,Elite Bright Solutions,Retail,Furniture,Office Chair,299.99,145.0,4,1103.96,580.0,523.96,8,Robert Adams
SO-10725,2023-09-11,2023-09-16,Wholesale,WARE-UHY1004,Northeast,New Hampshire,Concord,Atlantic Premier Solutions,Enterprise,Clothing,Winter Coat,149.99,65.0,17,2549.83,1105.0,1444.83,0,Emily Johnson
SO-10726,2024-03-09,2024-03-12,Wholesale,WARE-ATL5509,Northeast,Pennsylvania,Allentown,Global Pioneer Group,Enterprise,Furniture,Glass Desk,799.99,400.0,11,8359.89,4400.0,3959.89,5,Emily Johnson
SO-10727,2022-08-06,2022-08-10,Online,WARE-ATL5509,Southeast,North Carolina,Durham,Advanced Core Retail,Retail,Furniture,Bar Cart,299.99,140.0,18,4751.82,2520.0,2231.82,12,David Park
SO-10728,2023-05-21,2023-05-23,Wholesale,WARE-UHY1004,Midwest,Indiana,Fort Wayne,Central Atlantic LLC,Government,Office Supplies,Printer Cartridges,89.99,32.0,16,1367.84,512.0,855.84,5,Lisa Chen
SO-10729,2022-01-19,2022-01-29,Online,WARE-PJW3508,Southeast,West Virginia,Huntington,Summit Coastal Inc,Corporate,Electronics,Server Unit,4999.99,2800.0,1,4749.99,2800.0,1949.99,5,Sarah Mitchell
SO-10730,2022-11-21,2022-11-26,Online,WARE-MCD2201,West,Washington,Bellevue,Pioneer Horizon Distributors,Enterprise,Furniture,Ergonomic Chair Pro,449.99,218.0,25,9899.75,5450.0,4449.75,12,Amanda Torres
SO-10731,2022-08-18,2022-08-25,Wholesale,WARE-UHY1004,West,Washington,Tacoma,Atlantic Pioneer Supply,Small Business,Electronics,Laptop Pro 13,1099.99,650.0,3,3299.97,1950.0,1349.97,0,Sarah Mitchell
SO-10732,2022-02-23,2022-03-02,Online,WARE-PJW3508,South,Alabama,Tuscaloosa,Atlantic Metro Co,Enterprise,Electronics,Portable Projector,499.99,245.0,9,4499.91,2205.0,2294.91,0,Rachel Scott
SO-10733,2023-04-17,2023-04-20,Wholesale,WARE-NBV1002,West,Arizona,Tucson,Bright Central Retail,Government,Office Supplies,Label Maker,59.99,24.0,4,239.96,96.0,143.96,0,Kevin Williams
SO-10734,2022-11-26,2022-11-30,In-Store,WARE-UHY1004,South,South Carolina,Spartanburg,Sterling Pacific Solutions,Corporate,Clothing,Rain Jacket,99.99,42.0,33,3134.67,1386.0,1748.67,5,Sarah Mitchell
SO-10735,2022-08-10,2022-08-17,In-Store,WARE-ATL5509,West,California,Sacramento,Horizon Atlantic Solutions,Government,Electronics,Satellite Phone,799.99,420.0,16,12415.84,6720.0,5695.84,3,Kevin Williams
SO-10736,2022-04-19,2022-04-23,In-Store,WARE-MCD2201,Midwest,Wisconsin,Kenosha,Coastal Digital Distributors,Small Business,Office Supplies,Card Reader,39.99,15.0,5,189.95,75.0,114.95,5,Sarah Mitchell
SO-10737,2023-10-26,2023-10-29,Wholesale,WARE-UHY1004,Midwest,Missouri,St. Louis,Atlantic National Inc,Enterprise,Furniture,TV Stand,249.99,118.0,4,999.96,472.0,527.96,0,James Carter
SO-10738,2022-05-02,2022-05-05,Wholesale,WARE-ATL5509,West,Idaho,Idaho Falls,Elite Summit Trading,Enterprise,Furniture,Ergonomic Chair Pro,449.99,218.0,18,7451.82,3924.0,3527.82,8,James Carter
SO-10739,2023-10-27,2023-11-02,Wholesale,WARE-UHY1004,West,Arizona,Mesa,Elite Sterling Group,Government,Electronics,MacBook Pro 16,2499.99,1650.0,13,29899.87,21450.0,8449.87,8,Michael Brown
SO-10740,2023-11-29,2023-12-05,Online,WARE-ATL5509,Southeast,Delaware,Middletown,National Atlantic Inc,Enterprise,Clothing,Summer Dress,79.99,30.0,6,479.94,180.0,299.94,0,Emily Johnson
SO-10741,2023-09-28,2023-10-03,In-Store,WARE-UHY1004,Northeast,New Hampshire,Manchester,National Advanced Enterprises,Small Business,Furniture,Lounge Chair,399.99,195.0,13,5199.87,2535.0,2664.87,0,Lisa Chen
SO-10742,2022-01-04,2022-01-08,In-Store,WARE-UHY1004,Southwest,Colorado,Lakewood,Horizon Sterling Supply,Enterprise,Furniture,Adjustable Monitor Stand,129.99,58.0,4,441.96,232.0,209.96,15,Sarah Mitchell
SO-10743,2022-01-14,2022-01-19,In-Store,WARE-NBV1002,South,Georgia,Augusta,Premier Advanced LLC,Government,Clothing,Casual Pants,69.99,28.0,16,1119.84,448.0,671.84,0,Lisa Chen
SO-10744,2023-04-29,2023-05-01,In-Store,WARE-UHY1004,West,Montana,Billings,Bright Sterling Group,Corporate,Clothing,Sports Jacket,109.99,46.0,4,439.96,184.0,255.96,0,Sarah Mitchell
SO-10745,2022-12-26,2023-01-01,Distributor,WARE-PJW3508,Midwest,Indiana,South Bend,Apex Digital Inc,Enterprise,Clothing,Suit Set,299.99,135.0,19,5414.81,2565.0,2849.81,5,Kevin Williams
SO-10746,2023-06-16,2023-06-18,Wholesale,WARE-NBV1002,Southwest,Hawaii,Honolulu,National Summit Solutions,Small Business,Furniture,Hallway Table,279.99,132.0,22,5666.98,2904.0,2762.98,8,Rachel Scott
SO-10747,2022-04-02,2022-04-12,Wholesale,WARE-ATL5509,Southwest,Alaska,Juneau,Atlantic Advanced Retail,Small Business,Office Supplies,Letter Opener,14.99,5.0,7,96.53,35.0,61.53,8,Michael Brown
SO-10748,2023-03-04,2023-03-08,Distributor,WARE-ATL5509,Southwest,Wyoming,Laramie,Bright Unity Supply,Corporate,Clothing,Running Shoes,89.99,38.0,9,809.91,342.0,467.91,0,David Park
SO-10749,2022-01-09,2022-01-19,Distributor,WARE-ATL5509,West,Montana,Great Falls,Digital Summit Commerce,Government,Furniture,Corner Desk,699.99,345.0,16,11199.84,5520.0,5679.84,0,Robert Adams
SO-10750,2022-01-16,2022-01-18,Wholesale,WARE-PJW3508,Midwest,Iowa,Davenport,Bright Atlantic Inc,Corporate,Electronics,Server Unit,4999.99,2800.0,15,71249.85,42000.0,29249.85,5,David Park
SO-10751,2022-12-25,2022-12-31,Distributor,WARE-UHY1004,Midwest,Illinois,Chicago,Swift Summit LLC,Small Business,Furniture,Glass Desk,799.99,400.0,21,14783.79,8400.0,6383.79,12,David Park
SO-10752,2023-04-30,2023-05-04,Distributor,WARE-PJW3508,Southeast,North Carolina,Greensboro,Central Coastal LLC,Government,Office Supplies,Printer Cartridges,89.99,32.0,12,993.48,384.0,609.48,8,Michael Brown
SO-10753,2022-05-23,2022-05-27,Distributor,WARE-NBV1002,South,South Carolina,Spartanburg,Swift Elite Co,Enterprise,Furniture,TV Stand,249.99,118.0,7,1609.93,826.0,783.93,8,Rachel Scott
SO-10754,2024-03-12,2024-03-15,Distributor,WARE-MCD2201,Southwest,Hawaii,Kaneohe,Digital Pioneer Commerce,Enterprise,Office Supplies,Electric Stapler,49.99,19.0,14,615.86,266.0,349.86,12,David Park
SO-10755,2023-07-27,2023-08-06,Distributor,WARE-UHY1004,West,Utah,West Jordan,Pacific Summit Distributors,Government,Clothing,Business Casual Shirt,59.99,22.0,2,110.38,44.0,66.38,8,Kevin Williams
SO-10756,2024-02-13,2024-02-16,Online,WARE-NBV1002,Midwest,Michigan,Ann Arbor,Digital Unity Enterprises,Corporate,Furniture,Conference Table,999.99,520.0,13,12999.87,6760.0,6239.87,0,Michael Brown
SO-10757,2023-08-03,2023-08-09,Online,WARE-UHY1004,Southwest,Arizona,Mesa,Atlantic Bright Retail,Government,Electronics,Server Unit,4999.99,2800.0,17,84999.83,47600.0,37399.83,0,Robert Adams
SO-10758,2023-11-23,2023-11-27,In-Store,WARE-NBV1002,Southeast,District of Columbia,Washington,Global Horizon Distributors,Corporate,Office Supplies,Whiteboard,159.99,72.0,12,1823.88,864.0,959.88,5,James Carter
SO-10759,2022-07-29,2022-08-03,Online,WARE-PJW3508,South,South Carolina,Columbia,Digital Coastal Inc,Retail,Electronics,Gaming PC,2499.99,1450.0,5,10999.95,7250.0,3749.95,12,Amanda Torres
SO-10760,2023-11-29,2023-12-06,Online,WARE-UHY1004,South,Tennessee,Clarksville,Atlantic Central Corp,Small Business,Furniture,Bar Cart,299.99,140.0,31,7904.69,4340.0,3564.69,15,Emily Johnson
SO-10761,2023-05-07,2023-05-11,Distributor,WARE-MCD2201,South,Oklahoma,Lawton,Bright Horizon Solutions,Retail,Office Supplies,Desk Organizer,29.99,11.0,10,299.9,110.0,189.9,0,Sarah Mitchell
SO-10762,2022-10-18,2022-10-21,Online,WARE-ATL5509,West,Utah,West Jordan,Global Bright Co,Retail,Office Supplies,Ergonomic Chair,349.99,175.0,15,4829.85,2625.0,2204.85,8,James Carter
SO-10763,2022-01-10,2022-01-15,Wholesale,WARE-ATL5509,Midwest,Michigan,Sterling Heights,Elite Apex Supply,Corporate,Clothing,Rain Jacket,99.99,42.0,6,527.94,252.0,275.94,12,Robert Adams
SO-10764,2024-01-03,2024-01-07,Wholesale,WARE-MCD2201,Southwest,Nevada,Reno,Coastal Pacific Retail,Retail,Furniture,Lateral File Cabinet,399.99,192.0,5,1899.95,960.0,939.95,5,Rachel Scott
SO-10765,2023-12-16,2023-12-21,Wholesale,WARE-NBV1002,Southwest,Nevada,Sparks,Apex Bright Distributors,Corporate,Furniture,Glass Desk,799.99,400.0,23,15639.77,9200.0,6439.77,15,James Carter
SO-10766,2022-04-19,2022-04-29,In-Store,WARE-NBV1002,Southwest,Nevada,Henderson,Pioneer National Supply,Small Business,Electronics,Satellite Phone,799.99,420.0,16,11519.84,6720.0,4799.84,10,David Park
SO-10767,2022-02-08,2022-02-13,Distributor,WARE-NBV1002,West,Washington,Seattle,Core Global Corp,Retail,Furniture,Corner Desk,699.99,345.0,3,1994.97,1035.0,959.97,5,David Park
SO-10768,2022-09-16,2022-09-21,In-Store,WARE-MCD2201,South,South Carolina,Rock Hill,National Elite Supply,Government,Office Supplies,Filing Cabinet,199.99,95.0,16,3039.84,1520.0,1519.84,5,Emily Johnson
SO-10769,2022-05-24,2022-05-29,Distributor,WARE-UHY1004,Northeast,New York,New York City,Bright Swift LLC,Government,Office Supplies,Printer Cartridges,89.99,32.0,1,82.79,32.0,50.79,8,Amanda Torres
SO-10770,2022-12-27,2023-01-02,Wholesale,WARE-MCD2201,South,Tennessee,Clarksville,Summit Pacific Enterprises,Corporate,Clothing,Linen Shirt,54.99,21.0,25,1209.75,525.0,684.75,12,Rachel Scott
SO-10771,2022-05-01,2022-05-05,In-Store,WARE-PJW3508,Northeast,Connecticut,Waterbury,Swift Pioneer Inc,Enterprise,Furniture,Corner Desk,699.99,345.0,16,9519.84,5520.0,3999.84,15,David Park
SO-10772,2022-03-18,2022-03-23,Wholesale,WARE-ATL5509,Southwest,Wyoming,Cheyenne,Core Unity Co,Corporate,Office Supplies,Heavy Duty Punch,79.99,34.0,18,1267.02,612.0,655.02,12,Kevin Williams
SO-10773,2023-10-31,2023-11-02,Online,WARE-UHY1004,Southwest,Arizona,Scottsdale,Advanced Elite Solutions,Small Business,Clothing,Rain Jacket,99.99,42.0,1,91.99,42.0,49.99,8,Kevin Williams
SO-10774,2022-03-16,2022-03-20,Online,WARE-ATL5509,Southwest,Wyoming,Cheyenne,Central Core Supply,Retail,Office Supplies,Desk Organizer,29.99,11.0,2,59.98,22.0,37.98,0,Robert Adams
SO-10775,2023-06-04,2023-06-10,Online,WARE-NBV1002,Midwest,Illinois,Chicago,Horizon Sterling Group,Corporate,Electronics,Ring Light,89.99,36.0,9,745.11,324.0,421.11,8,Emily Johnson
SO-10776,2023-05-09,2023-05-14,Wholesale,WARE-ATL5509,Southeast,Delaware,Middletown,Summit Central Supply,Small Business,Electronics,Wi-Fi Mesh System,399.99,190.0,2,735.98,380.0,355.98,8,Sarah Mitchell
SO-10777,2022-07-18,2022-07-23,Online,WARE-UHY1004,West,Washington,Everett,National National LLC,Retail,Furniture,Reception Desk,849.99,430.0,12,10199.88,5160.0,5039.88,0,Kevin Williams
SO-10778,2022-03-20,2022-03-23,Distributor,WARE-ATL5509,Southeast,North Carolina,Charlotte,Sterling Metro Solutions,Small Business,Office Supplies,Printer Cartridges,89.99,32.0,2,179.98,64.0,115.98,0,Michael Brown
SO-10779,2022-05-06,2022-05-09,Distributor,WARE-UHY1004,South,South Carolina,Spartanburg,Elite Horizon Supply,Retail,Clothing,Swimwear,49.99,19.0,3,131.97,57.0,74.97,12,Michael Brown
SO-10780,2022-10-01,2022-10-07,Wholesale,WARE-ATL5509,Midwest,Kansas,Kansas City,Atlantic Metro Solutions,Retail,Office Supplies,Card Reader,39.99,15.0,11,387.09,165.0,222.09,12,Michael Brown
SO-10781,2024-01-30,2024-02-03,Wholesale,WARE-MCD2201,Northeast,Pennsylvania,Pittsburgh,Summit Metro Group,Corporate,Office Supplies,Heavy Duty Punch,79.99,34.0,18,1367.82,612.0,755.82,5,James Carter
SO-10782,2023-01-29,2023-02-05,Wholesale,WARE-MCD2201,West,California,Oakland,Metro Advanced Distributors,Corporate,Furniture,TV Stand,249.99,118.0,10,2499.9,1180.0,1319.9,0,David Park
SO-10783,2023-01-24,2023-01-30,Distributor,WARE-NBV1002,West,New Mexico,Albuquerque,Metro Sterling Inc,Government,Office Supplies,Filing Cabinet,199.99,95.0,6,1055.94,570.0,485.94,12,Lisa Chen
SO-10784,2024-01-14,2024-01-21,Distributor,WARE-ATL5509,Midwest,Nebraska,Lincoln,Atlantic Swift Trading,Retail,Electronics,VR Headset,599.99,280.0,14,8399.86,3920.0,4479.86,0,David Park
SO-10785,2023-04-24,2023-04-27,In-Store,WARE-ATL5509,Southeast,District of Columbia,Washington,Advanced Advanced LLC,Enterprise,Office Supplies,Electric Stapler,49.99,19.0,8,399.92,152.0,247.92,0,Lisa Chen
SO-10786,2022-10-03,2022-10-09,Distributor,WARE-PJW3508,Southeast,West Virginia,Charleston,Global Atlantic Co,Small Business,Furniture,Reception Desk,849.99,430.0,9,6502.41,3870.0,2632.41,15,Amanda Torres
SO-10787,2022-02-07,2022-02-12,Online,WARE-PJW3508,West,California,Bakersfield,Elite Central Inc,Government,Electronics,Smart Lock,249.99,115.0,12,2639.88,1380.0,1259.88,12,Kevin Williams
SO-10788,2024-02-24,2024-02-28,In-Store,WARE-UHY1004,Midwest,Ohio,Toledo,Summit National Retail,Government,Office Supplies,Flip Chart,69.99,29.0,9,566.91,261.0,305.91,10,James Carter
SO-10789,2023-06-03,2023-06-08,Distributor,WARE-PJW3508,South,Florida,Miami,Swift National Inc,Corporate,Office Supplies,Ergonomic Mouse,59.99,24.0,16,959.84,384.0,575.84,0,Lisa Chen
SO-10790,2022-04-22,2022-04-27,In-Store,WARE-PJW3508,Southeast,District of Columbia,Washington,Unity Pacific Group,Government,Office Supplies,Laminator,89.99,40.0,3,269.97,120.0,149.97,0,Lisa Chen
SO-10791,2022-05-27,2022-05-31,Distributor,WARE-MCD2201,Southwest,Alaska,Anchorage,Pioneer Central Retail,Enterprise,Clothing,Winter Coat,149.99,65.0,1,142.49,65.0,77.49,5,Rachel Scott
SO-10792,2022-06-03,2022-06-05,Distributor,WARE-UHY1004,Northeast,Connecticut,Bridgeport,Elite Pioneer Commerce,Retail,Electronics,Server Unit,4999.99,2800.0,20,84999.8,56000.0,28999.8,15,Rachel Scott
SO-10793,2022-08-18,2022-08-23,Online,WARE-ATL5509,Northeast,Connecticut,Stamford,Swift Central Commerce,Corporate,Electronics,Surface Laptop,1399.99,870.0,20,23799.8,17400.0,6399.8,15,Rachel Scott
SO-10794,2022-10-03,2022-10-10,Distributor,WARE-UHY1004,West,Idaho,Pocatello,National Pioneer Group,Retail,Clothing,Fleece Hoodie,74.99,30.0,7,498.68,210.0,288.68,5,Lisa Chen
SO-10795,2023-02-24,2023-02-27,Wholesale,WARE-ATL5509,Southwest,Arizona,Tucson,Unity Pacific Solutions,Small Business,Clothing,Suit Set,299.99,135.0,12,3167.88,1620.0,1547.88,12,Amanda Torres
SO-10796,2022-09-08,2022-09-14,Distributor,WARE-PJW3508,West,Colorado,Lakewood,Core Advanced Co,Corporate,Office Supplies,Calligraphy Set,39.99,15.0,14,559.86,210.0,349.86,0,Sarah Mitchell
SO-10797,2023-05-22,2023-05-29,Wholesale,WARE-PJW3508,West,Utah,Orem,Global Premier LLC,Government,Office Supplies,Label Maker,59.99,24.0,7,377.93,168.0,209.93,10,Amanda Torres
SO-10798,2022-01-25,2022-02-08,Wholesale,WARE-PJW3508,Southwest,Arizona,Tucson,Unity Unity Trading,Small Business,Electronics,Smart Home Hub,299.99,140.0,6,1799.94,840.0,959.94,0,David Park
SO-10799,2022-12-11,2022-12-25,Wholesale,WARE-MCD2201,Southwest,Utah,Provo,Pacific Apex Enterprises,Retail,Electronics,VR Headset,599.99,280.0,9,5399.91,2520.0,2879.91,0,Michael Brown
SO-10800,2022-01-08,2022-01-14,In-Store,WARE-ATL5509,West,Oregon,Salem,Coastal Pioneer Enterprises,Government,Electronics,Wireless Headphones,249.99,99.0,12,2699.88,1188.0,1511.88,10,Michael Brown
SO-10801,2022-02-19,2022-02-26,Distributor,WARE-MCD2201,Northeast,Pennsylvania,Allentown,Unity Central Co,Enterprise,Clothing,Fleece Hoodie,74.99,30.0,17,1083.58,510.0,573.58,15,Robert Adams
SO-10802,2022-10-12,2022-10-15,Distributor,WARE-MCD2201,South,Texas,Austin,Premier Atlantic Co,Retail,Clothing,Linen Shirt,54.99,21.0,11,574.64,231.0,343.64,5,Emily Johnson
SO-10803,2023-11-14,2023-11-17,Online,WARE-ATL5509,South,Louisiana,Shreveport,Swift Unity Corp,Corporate,Electronics,Gaming Console,499.99,250.0,20,9699.8,5000.0,4699.8,3,Kevin Williams
SO-10804,2022-01-27,2022-01-31,In-Store,WARE-MCD2201,Southeast,Kentucky,Lexington,Central Digital Commerce,Enterprise,Electronics,Ring Light,89.99,36.0,12,917.88,432.0,485.88,15,Sarah Mitchell
SO-10805,2022-09-27,2022-10-04,In-Store,WARE-NBV1002,Southwest,Arizona,Chandler,Atlantic Apex LLC,Enterprise,Clothing,Athleisure Set,119.99,50.0,3,341.97,150.0,191.97,5,Robert Adams
SO-10806,2024-01-24,2024-01-30,Online,WARE-ATL5509,Southeast,Maryland,Rockville,Pioneer Metro Trading,Enterprise,Clothing,Board Shorts,54.99,21.0,17,934.83,357.0,577.83,0,Emily Johnson
SO-10807,2022-05-21,2022-05-28,In-Store,WARE-MCD2201,Southeast,District of Columbia,Washington,Elite Advanced Enterprises,Small Business,Electronics,Gaming PC,2499.99,1450.0,13,31524.87,18850.0,12674.87,3,Amanda Torres
SO-10808,2024-01-11,2024-01-13,In-Store,WARE-UHY1004,Midwest,Michigan,Grand Rapids,Horizon Swift Distributors,Corporate,Electronics,USB Microphone,179.99,78.0,7,1259.93,546.0,713.93,0,David Park
SO-10809,2023-08-21,2023-08-27,In-Store,WARE-PJW3508,Southwest,Colorado,Lakewood,Unity Premier Co,Retail,Clothing,Board Shorts,54.99,21.0,9,445.41,189.0,256.41,10,Amanda Torres
SO-10810,2023-05-08,2023-05-11,Distributor,WARE-UHY1004,Southwest,Alaska,Ketchikan,Sterling Central Enterprises,Retail,Furniture,Laptop Cart,299.99,145.0,10,2999.9,1450.0,1549.9,0,Sarah Mitchell
SO-10811,2023-12-15,2023-12-21,In-Store,WARE-NBV1002,South,Arkansas,Fayetteville,Horizon Core Trading,Enterprise,Electronics,Drone Camera,799.99,400.0,28,20159.72,11200.0,8959.72,10,Michael Brown
SO-10812,2024-03-01,2024-03-05,Wholesale,WARE-MCD2201,Southeast,Virginia,Richmond,Central Coastal Enterprises,Enterprise,Electronics,Wi-Fi Mesh System,399.99,190.0,11,4179.89,2090.0,2089.89,5,James Carter
SO-10813,2022-02-16,2022-02-21,In-Store,WARE-NBV1002,Midwest,Iowa,Cedar Rapids,Bright Premier Commerce,Government,Furniture,Accent Table,199.99,92.0,10,1939.9,920.0,1019.9,3,Rachel Scott
SO-10814,2022-01-22,2022-01-25,Online,WARE-ATL5509,Midwest,Michigan,Ann Arbor,Apex Swift LLC,Small Business,Electronics,Bloomberg Terminal,5999.99,3800.0,13,74099.87,49400.0,24699.87,5,Lisa Chen
SO-10815,2022-08-23,2022-08-30,In-Store,WARE-NBV1002,Southeast,Virginia,Norfolk,Pioneer Central Group,Corporate,Clothing,Sun Hat,34.99,13.0,11,365.64,143.0,222.64,5,James Carter
SO-10816,2022-02-13,2022-02-17,Distributor,WARE-NBV1002,Southeast,North Carolina,Winston-Salem,National National Inc,Retail,Clothing,Athleisure Set,119.99,50.0,6,719.94,300.0,419.94,0,David Park
SO-10817,2023-06-01,2023-06-03,Wholesale,WARE-UHY1004,South,Louisiana,New Orleans,Core Summit LLC,Government,Electronics,Surface Laptop,1399.99,870.0,15,18479.85,13050.0,5429.85,12,Michael Brown
SO-10818,2022-10-08,2022-10-12,Distributor,WARE-MCD2201,Midwest,Missouri,Independence,Bright Horizon Trading,Corporate,Electronics,Smart TV 55,799.99,400.0,15,11399.85,6000.0,5399.85,5,Emily Johnson
SO-10819,2023-12-21,2023-12-25,Online,WARE-MCD2201,West,Idaho,Meridian,Horizon Coastal Solutions,Small Business,Clothing,Winter Coat,149.99,65.0,35,5249.65,2275.0,2974.65,0,Rachel Scott
SO-10820,2023-05-04,2023-05-10,In-Store,WARE-UHY1004,Northeast,Vermont,South Burlington,Summit Pacific LLC,Retail,Clothing,Turtleneck,59.99,24.0,4,227.96,96.0,131.96,5,Rachel Scott
SO-10821,2023-04-30,2023-05-06,Distributor,WARE-MCD2201,South,Florida,Tampa,National Metro Enterprises,Enterprise,Clothing,Country Boots,119.99,52.0,17,1733.83,884.0,849.83,15,Lisa Chen
SO-10822,2022-10-02,2022-10-08,In-Store,WARE-PJW3508,South,Texas,El Paso,Swift Horizon Solutions,Retail,Clothing,Business Casual Shirt,59.99,22.0,7,377.93,154.0,223.93,10,Amanda Torres
SO-10823,2023-12-18,2023-12-23,Online,WARE-UHY1004,Southeast,Delaware,Wilmington,Premier Unity Supply,Small Business,Electronics,Smart Home Hub,299.99,140.0,7,2099.93,980.0,1119.93,0,Amanda Torres
SO-10824,2023-10-04,2023-10-09,Distributor,WARE-NBV1002,Northeast,New York,Rochester,Central Coastal Inc,Retail,Clothing,Chinos,74.99,30.0,17,1121.83,510.0,611.83,12,Michael Brown
SO-10825,2023-01-16,2023-01-19,Distributor,WARE-ATL5509,Southwest,Colorado,Lakewood,Elite Core Supply,Government,Furniture,Bar Cart,299.99,140.0,6,1583.94,840.0,743.94,12,Michael Brown
SO-10826,2024-01-08,2024-01-12,In-Store,WARE-UHY1004,West,New Mexico,Las Cruces,Global Pioneer Trading,Retail,Furniture,Adjustable Monitor Stand,129.99,58.0,5,584.95,290.0,294.95,10,Sarah Mitchell
SO-10827,2022-04-07,2022-04-12,In-Store,WARE-NBV1002,Northeast,New Jersey,Jersey City,Metro Core Enterprises,Enterprise,Office Supplies,Wireless Keyboard,89.99,38.0,18,1619.82,684.0,935.82,0,Kevin Williams
SO-10828,2022-10-19,2022-10-24,Distributor,WARE-ATL5509,South,Alabama,Birmingham,Apex Core Trading,Government,Office Supplies,Flip Chart,69.99,29.0,14,930.86,406.0,524.86,5,Emily Johnson
SO-10829,2022-07-02,2022-07-07,Wholesale,WARE-PJW3508,Northeast,Connecticut,Hartford,Unity Bright Retail,Government,Office Supplies,Flip Chart,69.99,29.0,10,699.9,290.0,409.9,0,Rachel Scott
SO-10830,2022-06-22,2022-06-28,In-Store,WARE-UHY1004,Southeast,Maryland,Bowie,Pacific Core Corp,Retail,Clothing,Denim Jacket,89.99,38.0,2,174.58,76.0,98.58,3,James Carter
SO-10831,2023-03-27,2023-04-02,In-Store,WARE-ATL5509,Midwest,Ohio,Columbus,Sterling Unity LLC,Retail,Office Supplies,Card Reader,39.99,15.0,14,531.86,210.0,321.86,5,David Park
SO-10832,2022-11-21,2022-11-28,In-Store,WARE-MCD2201,West,New Mexico,Rio Rancho,Premier Advanced Supply,Government,Furniture,Partition Wall,349.99,168.0,8,2715.92,1344.0,1371.92,3,Amanda Torres
SO-10833,2022-12-23,2022-12-25,Wholesale,WARE-UHY1004,West,Arizona,Phoenix,Digital Apex Supply,Government,Clothing,Board Shorts,54.99,21.0,14,731.36,294.0,437.36,5,Kevin Williams
SO-10834,2022-01-11,2022-01-16,Distributor,WARE-PJW3508,South,Mississippi,Biloxi,Elite Global Distributors,Corporate,Office Supplies,Letter Opener,14.99,5.0,7,92.33,35.0,57.33,12,Lisa Chen
SO-10835,2023-10-25,2023-10-31,Online,WARE-ATL5509,Midwest,Kansas,Wichita,Metro Advanced Co,Corporate,Furniture,Conference Table,999.99,520.0,9,8279.91,4680.0,3599.91,8,Amanda Torres
SO-10836,2023-04-30,2023-05-07,In-Store,WARE-UHY1004,Southeast,District of Columbia,Washington,Apex Global Distributors,Small Business,Clothing,Chinos,74.99,30.0,18,1349.82,540.0,809.82,0,Sarah Mitchell
SO-10837,2023-12-29,2024-01-02,Online,WARE-PJW3508,West,Washington,Seattle,Advanced Elite Retail,Enterprise,Clothing,Board Shorts,54.99,21.0,6,290.34,126.0,164.34,12,Robert Adams
SO-10838,2023-02-17,2023-02-24,In-Store,WARE-PJW3508,Southeast,District of Columbia,Washington,Pacific Elite Commerce,Corporate,Electronics,Satellite Phone,799.99,420.0,14,11199.86,5880.0,5319.86,0,Robert Adams
SO-10839,2023-06-02,2023-06-06,Distributor,WARE-NBV1002,West,California,Oakland,Sterling Advanced Commerce,Enterprise,Office Supplies,Wireless Keyboard,89.99,38.0,15,1349.85,570.0,779.85,0,Amanda Torres
SO-10840,2022-04-30,2022-05-04,Online,WARE-UHY1004,Southeast,Kentucky,Louisville,Premier Pioneer Distributors,Corporate,Clothing,Polo Shirt,44.99,18.0,3,134.97,54.0,80.97,0,Emily Johnson
SO-10841,2022-09-10,2022-09-17,Wholesale,WARE-PJW3508,Southwest,Wyoming,Gillette,Summit Sterling Inc,Small Business,Electronics,Bloomberg Terminal,5999.99,3800.0,10,58199.9,38000.0,20199.9,3,Michael Brown
SO-10842,2022-07-12,2022-07-19,Wholesale,WARE-PJW3508,South,South Carolina,Greenville,Sterling Advanced Supply,Corporate,Clothing,Sports Jacket,109.99,46.0,10,1099.9,460.0,639.9,0,Amanda Torres
SO-10843,2023-06-20,2023-06-27,In-Store,WARE-ATL5509,Midwest,Nebraska,Bellevue,Metro Bright Trading,Government,Furniture,Accent Table,199.99,92.0,16,3199.84,1472.0,1727.84,0,Emily Johnson
SO-10844,2022-12-17,2022-12-22,Distributor,WARE-UHY1004,Southwest,Alaska,Juneau,Pacific Unity Group,Retail,Furniture,Modular Sofa,1499.99,750.0,35,49874.65,26250.0,23624.65,5,Michael Brown
SO-10845,2022-05-24,2022-05-29,Online,WARE-PJW3508,Northeast,Massachusetts,Lowell,Bright Coastal Retail,Corporate,Office Supplies,Desk Organizer,29.99,11.0,15,427.35,165.0,262.35,5,Lisa Chen
SO-10846,2022-12-11,2022-12-15,In-Store,WARE-NBV1002,Northeast,Connecticut,Stamford,Sterling Premier Enterprises,Retail,Clothing,Fleece Hoodie,74.99,30.0,9,641.16,270.0,371.16,5,Rachel Scott
SO-10847,2023-02-13,2023-02-20,Wholesale,WARE-MCD2201,West,Montana,Helena,Apex Core Solutions,Enterprise,Clothing,Suit Set,299.99,135.0,16,4559.84,2160.0,2399.84,5,James Carter
SO-10848,2024-03-03,2024-03-13,In-Store,WARE-PJW3508,South,Oklahoma,Oklahoma City,Bright Global Corp,Government,Clothing,Holiday Sweater,69.99,28.0,9,579.51,252.0,327.51,8,Kevin Williams
SO-10849,2022-12-08,2022-12-22,Wholesale,WARE-UHY1004,South,South Carolina,Charleston,Summit Apex Enterprises,Retail,Office Supplies,Ergonomic Mouse,59.99,24.0,6,341.94,144.0,197.94,5,James Carter
SO-10850,2022-11-11,2022-11-15,In-Store,WARE-UHY1004,Southwest,Nevada,Henderson,Central Pacific Supply,Government,Office Supplies,Heavy Duty Punch,79.99,34.0,8,620.72,272.0,348.72,3,Lisa Chen
SO-10851,2023-04-28,2023-05-04,In-Store,WARE-NBV1002,Northeast,Maine,Lewiston,Horizon Coastal Enterprises,Retail,Furniture,Corner Desk,699.99,345.0,18,12221.82,6210.0,6011.82,3,Robert Adams
SO-10852,2023-11-22,2023-11-27,Online,WARE-UHY1004,Midwest,Michigan,Sterling Heights,Pacific Apex Enterprises,Government,Furniture,Mesh Chair,319.99,155.0,30,8447.7,4650.0,3797.7,12,Robert Adams
SO-10853,2022-01-02,2022-01-12,Online,WARE-UHY1004,South,Alabama,Montgomery,Summit Horizon Group,Enterprise,Furniture,Partition Wall,349.99,168.0,13,4413.37,2184.0,2229.37,3,David Park
SO-10854,2022-06-04,2022-06-08,In-Store,WARE-UHY1004,Northeast,Rhode Island,Pawtucket,Metro Advanced Trading,Retail,Office Supplies,Stapler Heavy Duty,29.99,11.0,11,296.89,121.0,175.89,10,Kevin Williams
SO-10855,2024-01-21,2024-01-27,In-Store,WARE-ATL5509,Northeast,Maine,Portland,Global Premier Solutions,Government,Furniture,Hallway Table,279.99,132.0,4,1030.36,528.0,502.36,8,David Park
SO-10856,2023-11-18,2023-11-23,Online,WARE-ATL5509,Southwest,Hawaii,Honolulu,Sterling Central Co,Retail,Clothing,Board Shorts,54.99,21.0,28,1539.72,588.0,951.72,0,Kevin Williams
SO-10857,2024-03-15,2024-03-29,Online,WARE-PJW3508,Midwest,Iowa,Davenport,Coastal Pacific Corp,Government,Furniture,Corner Desk,699.99,345.0,6,3695.94,2070.0,1625.94,12,Michael Brown
SO-10858,2022-02-19,2022-02-23,Online,WARE-ATL5509,South,Oklahoma,Lawton,Horizon Digital Solutions,Enterprise,Clothing,Holiday Sweater,69.99,28.0,15,1049.85,420.0,629.85,0,Michael Brown
SO-10859,2022-10-01,2022-10-05,Distributor,WARE-NBV1002,West,Nevada,Reno,Global Digital Solutions,Government,Electronics,Wireless Router,199.99,85.0,6,1103.94,510.0,593.94,8,Sarah Mitchell
SO-10860,2022-06-29,2022-07-04,Distributor,WARE-PJW3508,Midwest,Illinois,Naperville,Summit Horizon Trading,Retail,Clothing,Sports Jacket,109.99,46.0,4,439.96,184.0,255.96,0,Rachel Scott
SO-10861,2022-03-20,2022-03-25,Online,WARE-PJW3508,South,Oklahoma,Lawton,Core Atlantic Trading,Enterprise,Clothing,Formal Jacket,129.99,55.0,11,1429.89,605.0,824.89,0,David Park
SO-10862,2023-10-31,2023-11-07,Distributor,WARE-PJW3508,West,California,San Diego,Atlantic Elite Distributors,Government,Furniture,Adjustable Monitor Stand,129.99,58.0,3,358.77,174.0,184.77,8,Kevin Williams
SO-10863,2023-08-11,2023-08-15,Online,WARE-ATL5509,Southeast,Kentucky,Lexington,Advanced Premier Co,Retail,Electronics,4K Camera,1199.99,600.0,17,18767.83,10200.0,8567.83,8,Robert Adams
SO-10864,2022-08-01,2022-08-07,Distributor,WARE-NBV1002,Southwest,Colorado,Aurora,Advanced Advanced Enterprises,Small Business,Electronics,Smart Display,349.99,165.0,2,699.98,330.0,369.98,0,Emily Johnson
SO-10865,2022-10-22,2022-10-27,Wholesale,WARE-ATL5509,Northeast,Rhode Island,Cranston,Pioneer Swift Trading,Corporate,Electronics,Portable Charger,79.99,34.0,15,1019.85,510.0,509.85,15,Lisa Chen
SO-10866,2023-04-19,2023-04-23,Online,WARE-ATL5509,Midwest,Indiana,Evansville,Coastal Advanced Trading,Corporate,Clothing,Casual Pants,69.99,28.0,16,1119.84,448.0,671.84,0,Amanda Torres
SO-10867,2023-06-27,2023-07-01,In-Store,WARE-ATL5509,Southeast,Maryland,Baltimore,Digital Digital Inc,Government,Office Supplies,Letter Opener,14.99,5.0,13,185.12,65.0,120.12,5,Robert Adams
SO-10868,2024-02-23,2024-02-29,Wholesale,WARE-ATL5509,Southeast,Maryland,Bowie,Swift Horizon Group,Small Business,Clothing,Holiday Sweater,69.99,28.0,1,66.49,28.0,38.49,5,David Park
SO-10869,2022-08-12,2022-08-26,Wholesale,WARE-ATL5509,Southeast,Kentucky,Louisville,Sterling Premier Corp,Retail,Electronics,Smart Speaker,199.99,90.0,8,1359.92,720.0,639.92,15,Lisa Chen
SO-10870,2024-02-28,2024-03-05,Wholesale,WARE-UHY1004,South,Mississippi,Meridian,Unity Swift Commerce,Retail,Furniture,Office Chair,299.99,145.0,12,3419.88,1740.0,1679.88,5,Amanda Torres
SO-10871,2023-02-14,2023-02-16,Online,WARE-MCD2201,West,Arizona,Chandler,Digital Premier Retail,Government,Office Supplies,Projector,699.99,340.0,10,6649.9,3400.0,3249.9,5,David Park
SO-10872,2022-08-18,2022-08-24,Wholesale,WARE-NBV1002,West,Utah,West Valley City,Pacific Core Distributors,Enterprise,Electronics,Portable Charger,79.99,34.0,6,422.34,204.0,218.34,12,Rachel Scott
SO-10873,2022-04-04,2022-04-06,In-Store,WARE-UHY1004,South,Georgia,Macon,Coastal Swift Commerce,Retail,Clothing,Swimwear,49.99,19.0,12,509.88,228.0,281.88,15,Lisa Chen
SO-10874,2022-07-24,2022-07-27,Wholesale,WARE-MCD2201,Southwest,Utah,West Valley City,Global Elite Distributors,Small Business,Clothing,Sun Hat,34.99,13.0,12,419.88,156.0,263.88,0,Rachel Scott
SO-10875,2023-10-19,2023-10-26,Online,WARE-NBV1002,West,Colorado,Colorado Springs,Premier National Enterprises,Corporate,Clothing,Linen Shirt,54.99,21.0,4,208.96,84.0,124.96,5,David Park
SO-10876,2022-09-24,2022-09-27,Wholesale,WARE-NBV1002,Southeast,West Virginia,Parkersburg,Swift Global Enterprises,Enterprise,Electronics,Smart Display,349.99,165.0,18,5354.82,2970.0,2384.82,15,David Park
SO-10877,2023-06-08,2023-06-14,Distributor,WARE-ATL5509,Southwest,New Mexico,Rio Rancho,Atlantic Atlantic Corp,Corporate,Clothing,Sun Hat,34.99,13.0,22,708.18,286.0,422.18,8,Robert Adams
SO-10878,2024-03-25,2024-03-29,Wholesale,WARE-UHY1004,Midwest,Missouri,Springfield,Pioneer Pacific Enterprises,Enterprise,Office Supplies,Whiteboard,159.99,72.0,16,2559.84,1152.0,1407.84,0,Lisa Chen
SO-10879,2022-09-22,2022-09-27,Online,WARE-UHY1004,Midwest,Iowa,Davenport,Summit Unity Co,Enterprise,Clothing,Sun Hat,34.99,13.0,9,314.91,117.0,197.91,0,Rachel Scott
SO-10880,2023-10-12,2023-10-17,In-Store,WARE-UHY1004,Midwest,Wisconsin,Green Bay,Sterling Summit Supply,Government,Office Supplies,Label Maker,59.99,24.0,10,539.9,240.0,299.9,10,Michael Brown
SO-10881,2023-08-21,2023-08-24,Wholesale,WARE-MCD2201,West,Arizona,Tucson,Advanced Apex Supply,Government,Electronics,Tablet Pro,899.99,450.0,11,9899.89,4950.0,4949.89,0,Robert Adams
SO-10882,2023-01-19,2023-01-26,In-Store,WARE-MCD2201,Midwest,Michigan,Ann Arbor,Premier Unity Enterprises,Retail,Furniture,Partition Wall,349.99,168.0,13,4094.87,2184.0,1910.87,10,James Carter
SO-10883,2022-07-31,2022-08-04,Wholesale,WARE-MCD2201,Southwest,Arizona,Mesa,Atlantic Elite Solutions,Government,Office Supplies,Heavy Duty Punch,79.99,34.0,9,611.91,306.0,305.91,15,James Carter
SO-10884,2022-02-03,2022-02-09,Online,WARE-NBV1002,Southwest,Utah,West Valley City,Unity Pacific Co,Retail,Furniture,Hallway Table,279.99,132.0,13,3457.87,1716.0,1741.87,5,Rachel Scott
SO-10885,2022-07-07,2022-07-14,Distributor,WARE-ATL5509,Southeast,Virginia,Norfolk,Digital Premier Inc,Enterprise,Furniture,Adjustable Monitor Stand,129.99,58.0,22,2773.98,1276.0,1497.98,3,Sarah Mitchell
SO-10886,2022-11-07,2022-11-11,Wholesale,WARE-NBV1002,Southwest,Utah,Salt Lake City,Bright Bright Enterprises,Government,Office Supplies,Card Reader,39.99,15.0,6,232.74,90.0,142.74,3,James Carter
SO-10887,2023-03-29,2023-04-03,Wholesale,WARE-PJW3508,Midwest,Ohio,Cleveland,Swift Bright Group,Government,Clothing,Summer Dress,79.99,30.0,3,239.97,90.0,149.97,0,James Carter
SO-10888,2022-07-19,2022-07-26,Wholesale,WARE-ATL5509,Southeast,West Virginia,Charleston,Digital Global Co,Enterprise,Clothing,Board Shorts,54.99,21.0,20,934.8,420.0,514.8,15,Amanda Torres
SO-10889,2022-10-18,2022-10-22,Distributor,WARE-MCD2201,Southwest,Nevada,Reno,National Pioneer Co,Corporate,Clothing,Linen Shirt,54.99,21.0,10,483.9,210.0,273.9,12,Robert Adams
SO-10890,2022-06-17,2022-06-20,Distributor,WARE-ATL5509,West,California,Fresno,Sterling Atlantic Enterprises,Small Business,Clothing,Athleisure Set,119.99,50.0,7,772.73,350.0,422.73,8,Emily Johnson
SO-10891,2022-11-09,2022-11-15,In-Store,WARE-ATL5509,Northeast,Pennsylvania,Pittsburgh,Atlantic Sterling Distributors,Small Business,Furniture,Partition Wall,349.99,168.0,23,7244.77,3864.0,3380.77,10,Lisa Chen
SO-10892,2023-09-17,2023-09-21,Distributor,WARE-UHY1004,South,Tennessee,Chattanooga,Horizon Core Trading,Enterprise,Office Supplies,Projector,699.99,340.0,6,3695.94,2040.0,1655.94,12,Amanda Torres
SO-10893,2024-01-15,2024-01-22,Wholesale,WARE-MCD2201,Midwest,Indiana,Fort Wayne,Digital Sterling Trading,Corporate,Furniture,Office Chair,299.99,145.0,12,3419.88,1740.0,1679.88,5,David Park
SO-10894,2024-02-25,2024-02-27,Distributor,WARE-NBV1002,Northeast,Vermont,Rutland,Elite Advanced Co,Enterprise,Office Supplies,Tape Dispenser,24.99,9.0,9,218.16,81.0,137.16,3,David Park
SO-10895,2023-09-25,2023-09-30,In-Store,WARE-PJW3508,West,Nevada,Sparks,Atlantic Pacific Group,Retail,Office Supplies,Filing Cabinet,199.99,95.0,17,3229.83,1615.0,1614.83,5,Rachel Scott
SO-10896,2023-12-25,2023-12-29,Online,WARE-NBV1002,West,California,Stockton,Bright Coastal Inc,Enterprise,Clothing,Sun Hat,34.99,13.0,34,1011.16,442.0,569.16,15,Michael Brown
SO-10897,2023-04-29,2023-05-06,In-Store,WARE-ATL5509,Southeast,Maryland,Gaithersburg,Pioneer Central Corp,Enterprise,Furniture,Corner Desk,699.99,345.0,5,3499.95,1725.0,1774.95,0,Rachel Scott
SO-10898,2022-12-02,2022-12-07,Distributor,WARE-PJW3508,South,Oklahoma,Oklahoma City,Global Summit LLC,Retail,Clothing,Sports Jacket,109.99,46.0,19,1985.31,874.0,1111.31,5,Emily Johnson
SO-10899,2023-01-06,2023-01-10,Online,WARE-UHY1004,South,Alabama,Mobile,Advanced Core Supply,Corporate,Office Supplies,Tape Dispenser,24.99,9.0,11,261.14,99.0,162.14,5,David Park
SO-10900,2022-03-03,2022-03-08,Distributor,WARE-ATL5509,West,Utah,West Jordan,Central Metro Commerce,Retail,Electronics,USB Microphone,179.99,78.0,17,2600.83,1326.0,1274.83,15,Michael Brown
SO-10901,2022-04-05,2022-04-11,Wholesale,WARE-ATL5509,Southeast,Maryland,Baltimore,Premier Unity LLC,Small Business,Electronics,NAS Storage,899.99,450.0,18,14255.82,8100.0,6155.82,12,Sarah Mitchell
SO-10902,2024-01-27,2024-02-02,Wholesale,WARE-ATL5509,Southwest,Alaska,Juneau,Premier Bright Solutions,Retail,Clothing,Golf Polo,64.99,26.0,5,324.95,130.0,194.95,0,James Carter
SO-10903,2023-02-04,2023-02-06,In-Store,WARE-ATL5509,West,Montana,Great Falls,Central Summit Co,Enterprise,Electronics,Portable Charger,79.99,34.0,1,75.99,34.0,41.99,5,Kevin Williams
SO-10904,2023-08-14,2023-08-18,Online,WARE-NBV1002,West,Colorado,Lakewood,Elite Sterling Corp,Government,Furniture,Floor Lamp,159.99,72.0,6,959.94,432.0,527.94,0,Rachel Scott
SO-10905,2022-12-02,2022-12-12,Wholesale,WARE-PJW3508,Northeast,Connecticut,Waterbury,Elite Sterling Corp,Small Business,Furniture,Executive Desk,1199.99,620.0,23,26771.77,14260.0,12511.77,3,Emily Johnson
SO-10906,2023-01-20,2023-01-25,Wholesale,WARE-MCD2201,Midwest,Illinois,Springfield,Coastal Metro Enterprises,Small Business,Clothing,Summer Dress,79.99,30.0,1,77.59,30.0,47.59,3,Emily Johnson
SO-10907,2023-06-03,2023-06-09,Wholesale,WARE-ATL5509,West,Montana,Billings,Premier Elite LLC,Enterprise,Electronics,Bluetooth Speaker,149.99,58.0,20,2999.8,1160.0,1839.8,0,Lisa Chen
SO-10908,2023-01-04,2023-01-08,Wholesale,WARE-MCD2201,West,Colorado,Colorado Springs,Digital Global Inc,Retail,Electronics,Conference Camera,449.99,210.0,16,7199.84,3360.0,3839.84,0,Sarah Mitchell
SO-10909,2023-10-30,2023-11-03,Distributor,WARE-PJW3508,Midwest,Indiana,Evansville,Coastal Horizon Inc,Corporate,Electronics,Smart Home Hub,299.99,140.0,10,2999.9,1400.0,1599.9,0,Robert Adams
SO-10910,2023-06-16,2023-06-19,In-Store,WARE-PJW3508,South,Georgia,Macon,Metro Metro Distributors,Enterprise,Electronics,Smart Monitor 27,599.99,290.0,6,3239.94,1740.0,1499.94,10,Rachel Scott
SO-10911,2023-06-16,2023-06-22,Online,WARE-MCD2201,West,Oregon,Gresham,Apex Atlantic Corp,Small Business,Office Supplies,Projector,699.99,340.0,6,4199.94,2040.0,2159.94,0,Michael Brown
SO-10912,2024-03-13,2024-03-17,Online,WARE-ATL5509,West,Nevada,Reno,Metro Summit Trading,Retail,Furniture,Standing Desk,699.99,350.0,1,629.99,350.0,279.99,10,Rachel Scott
SO-10913,2022-12-24,2022-12-27,Wholesale,WARE-ATL5509,Southwest,Nevada,Henderson,Atlantic Horizon Enterprises,Retail,Electronics,Laptop Pro 15,1299.99,780.0,17,22099.83,13260.0,8839.83,0,Robert Adams
SO-10914,2023-04-26,2023-04-29,Online,WARE-MCD2201,Southeast,Kentucky,Louisville,Apex Core Retail,Retail,Furniture,Credenza,649.99,320.0,9,5147.91,2880.0,2267.91,12,Rachel Scott
SO-10915,2022-08-19,2022-08-25,In-Store,WARE-UHY1004,South,Georgia,Savannah,Sterling Core LLC,Enterprise,Office Supplies,Document Scanner,299.99,145.0,4,1103.96,580.0,523.96,8,Robert Adams
SO-10916,2023-08-28,2023-09-02,Distributor,WARE-UHY1004,Southwest,Colorado,Aurora,Summit Pioneer Trading,Government,Clothing,Swimwear,49.99,19.0,18,854.82,342.0,512.82,5,James Carter
SO-10917,2022-01-15,2022-01-21,Online,WARE-ATL5509,Southwest,Alaska,Anchorage,Premier Coastal Solutions,Retail,Office Supplies,Projector,699.99,340.0,5,3394.95,1700.0,1694.95,3,Amanda Torres
SO-10918,2022-08-08,2022-08-14,Distributor,WARE-ATL5509,Midwest,Minnesota,Bloomington,Digital Atlantic Supply,Enterprise,Clothing,Golf Polo,64.99,26.0,16,915.04,416.0,499.04,12,Lisa Chen
SO-10919,2023-04-13,2023-04-19,Distributor,WARE-MCD2201,South,Louisiana,Shreveport,Unity Advanced LLC,Corporate,Clothing,Linen Pants,64.99,26.0,4,246.96,104.0,142.96,5,Kevin Williams
SO-10920,2022-05-04,2022-05-10,Wholesale,WARE-ATL5509,South,Florida,Jacksonville,Apex Sterling Enterprises,Corporate,Clothing,Summer Dress,79.99,30.0,18,1439.82,540.0,899.82,0,Kevin Williams
SO-10921,2023-11-28,2023-12-04,In-Store,WARE-ATL5509,South,Mississippi,Meridian,Apex Unity Distributors,Government,Office Supplies,Document Scanner,299.99,145.0,17,4946.83,2465.0,2481.83,3,Kevin Williams
SO-10922,2023-06-28,2023-07-03,In-Store,WARE-ATL5509,Northeast,New Hampshire,Concord,Premier Core Group,Government,Office Supplies,Wireless Keyboard,89.99,38.0,7,629.93,266.0,363.93,0,David Park
SO-10923,2023-02-04,2023-02-18,Distributor,WARE-NBV1002,South,Louisiana,New Orleans,Digital Pioneer Corp,Corporate,Clothing,Winter Coat,149.99,65.0,17,2294.83,1105.0,1189.83,10,Michael Brown
SO-10924,2024-02-13,2024-02-16,In-Store,WARE-MCD2201,Southwest,Colorado,Colorado Springs,Premier National Trading,Retail,Electronics,MacBook Pro 16,2499.99,1650.0,14,31499.86,23100.0,8399.86,10,Rachel Scott
SO-10925,2022-10-10,2022-10-17,Wholesale,WARE-UHY1004,South,Tennessee,Knoxville,Bright Summit Group,Enterprise,Electronics,Gaming Console,499.99,250.0,5,2499.95,1250.0,1249.95,0,Lisa Chen
SO-10926,2022-04-16,2022-04-20,Wholesale,WARE-UHY1004,Northeast,Massachusetts,Lowell,Sterling Atlantic Commerce,Corporate,Furniture,Partition Wall,349.99,168.0,16,5039.84,2688.0,2351.84,10,Lisa Chen
SO-10927,2023-10-04,2023-10-09,Online,WARE-NBV1002,Midwest,Illinois,Joliet,Horizon Sterling Group,Government,Furniture,Corner Desk,699.99,345.0,15,10499.85,5175.0,5324.85,0,Rachel Scott
SO-10928,2022-02-28,2022-03-07,Distributor,WARE-MCD2201,Midwest,Minnesota,Duluth,Advanced Advanced Retail,Enterprise,Clothing,Holiday Sweater,69.99,28.0,4,265.96,112.0,153.96,5,Lisa Chen
SO-10929,2023-08-23,2023-08-27,Wholesale,WARE-ATL5509,Northeast,New York,New York City,Advanced Atlantic Supply,Government,Clothing,Sports Jacket,109.99,46.0,17,1720.23,782.0,938.23,8,Rachel Scott
SO-10930,2023-09-09,2023-09-14,In-Store,WARE-PJW3508,West,Montana,Helena,Bright Atlantic LLC,Government,Clothing,Formal Jacket,129.99,55.0,4,519.96,220.0,299.96,0,Rachel Scott
SO-10931,2024-03-18,2024-03-25,Wholesale,WARE-NBV1002,West,Utah,Salt Lake City,Unity Metro Trading,Small Business,Furniture,Accent Table,199.99,92.0,15,2549.85,1380.0,1169.85,15,Rachel Scott
SO-10932,2023-02-27,2023-03-05,In-Store,WARE-PJW3508,South,Texas,El Paso,Apex Apex Solutions,Retail,Electronics,Server Unit,4999.99,2800.0,1,4749.99,2800.0,1949.99,5,James Carter
SO-10933,2023-07-26,2023-08-01,Online,WARE-PJW3508,Midwest,Iowa,Davenport,Apex Premier Enterprises,Enterprise,Office Supplies,Filing Cabinet,199.99,95.0,19,3495.81,1805.0,1690.81,8,Rachel Scott
SO-10934,2022-04-14,2022-04-20,In-Store,WARE-MCD2201,Southeast,District of Columbia,Washington,Core Horizon Retail,Small Business,Furniture,Mesh Chair,319.99,155.0,3,911.97,465.0,446.97,5,Michael Brown
SO-10935,2023-01-06,2023-01-16,Distributor,WARE-ATL5509,Southwest,Hawaii,Kailua,Global Atlantic Group,Government,Furniture,Lateral File Cabinet,399.99,192.0,6,2279.94,1152.0,1127.94,5,Michael Brown
SO-10936,2023-12-14,2023-12-18,In-Store,WARE-PJW3508,Southeast,Delaware,Dover,Core Coastal Co,Government,Clothing,Country Boots,119.99,52.0,7,839.93,364.0,475.93,0,Lisa Chen
SO-10937,2024-03-28,2024-04-03,Online,WARE-UHY1004,West,Oregon,Gresham,Pioneer National Enterprises,Government,Electronics,Webcam HD,99.99,42.0,10,999.9,420.0,579.9,0,Robert Adams
SO-10938,2023-12-13,2023-12-17,Online,WARE-PJW3508,Southwest,Colorado,Denver,Digital Elite Corp,Small Business,Clothing,Sports Jacket,109.99,46.0,17,1813.73,782.0,1031.73,3,James Carter
SO-10939,2023-07-19,2023-07-23,Wholesale,WARE-PJW3508,Southeast,West Virginia,Parkersburg,Unity Bright Trading,Enterprise,Clothing,Linen Pants,64.99,26.0,20,1299.8,520.0,779.8,0,Michael Brown
SO-10940,2023-07-08,2023-07-11,In-Store,WARE-NBV1002,West,Nevada,Reno,Pioneer National Commerce,Government,Office Supplies,Binding Machine,149.99,68.0,13,1949.87,884.0,1065.87,0,Amanda Torres
SO-10941,2022-12-23,2022-12-28,Wholesale,WARE-MCD2201,Southeast,Maryland,Baltimore,Metro Digital Distributors,Government,Office Supplies,Letter Opener,14.99,5.0,17,216.58,85.0,131.58,15,David Park
SO-10942,2023-10-28,2023-11-04,Distributor,WARE-NBV1002,Northeast,Connecticut,Hartford,Summit Pacific Retail,Enterprise,Clothing,Linen Pants,64.99,26.0,2,116.98,52.0,64.98,10,Rachel Scott
SO-10943,2023-12-23,2024-01-06,Distributor,WARE-PJW3508,Midwest,Illinois,Peoria,Digital Sterling Commerce,Small Business,Clothing,Holiday Sweater,69.99,28.0,11,746.79,308.0,438.79,3,Rachel Scott
SO-10944,2023-09-17,2023-09-23,Online,WARE-ATL5509,Southeast,West Virginia,Huntington,Bright Atlantic LLC,Retail,Furniture,Standing Desk,699.99,350.0,2,1329.98,700.0,629.98,5,Robert Adams
SO-10945,2022-01-31,2022-02-06,Wholesale,WARE-MCD2201,Southwest,Utah,West Valley City,Pacific Atlantic Trading,Retail,Office Supplies,Projector,699.99,340.0,16,10639.84,5440.0,5199.84,5,Amanda Torres
SO-10946,2022-12-30,2023-01-05,Distributor,WARE-MCD2201,South,Alabama,Huntsville,Horizon Pacific Corp,Small Business,Electronics,Smart TV 55,799.99,400.0,14,10639.86,5600.0,5039.86,5,Emily Johnson
SO-10947,2023-06-21,2023-06-23,Distributor,WARE-NBV1002,Midwest,Ohio,Cincinnati,Metro Swift Inc,Small Business,Clothing,Summer Dress,79.99,30.0,10,679.9,300.0,379.9,15,James Carter
SO-10948,2022-11-10,2022-11-17,In-Store,WARE-UHY1004,Southeast,North Carolina,Charlotte,Bright Apex LLC,Government,Furniture,Bookshelf,249.99,110.0,4,849.96,440.0,409.96,15,Amanda Torres
SO-10949,2023-12-01,2023-12-06,In-Store,WARE-ATL5509,South,Oklahoma,Tulsa,Premier Digital Supply,Small Business,Furniture,Corner Desk,699.99,345.0,12,7139.88,4140.0,2999.88,15,Amanda Torres
SO-10950,2022-10-26,2022-10-30,Online,WARE-MCD2201,Northeast,New York,Syracuse,Bright Unity Corp,Small Business,Electronics,Smart TV 55,799.99,400.0,4,3199.96,1600.0,1599.96,0,Rachel Scott
SO-10951,2023-07-16,2023-07-22,In-Store,WARE-PJW3508,South,South Carolina,Greenville,Swift Pacific Solutions,Small Business,Clothing,Swimwear,49.99,19.0,14,699.86,266.0,433.86,0,Emily Johnson
SO-10952,2022-03-02,2022-03-09,Distributor,WARE-ATL5509,West,Colorado,Fort Collins,Atlantic Unity LLC,Government,Electronics,Drone Camera,799.99,400.0,16,10879.84,6400.0,4479.84,15,Rachel Scott
SO-10953,2022-11-25,2022-11-30,Wholesale,WARE-MCD2201,Southwest,Alaska,Ketchikan,Sterling Central Trading,Corporate,Office Supplies,Heavy Duty Punch,79.99,34.0,11,853.49,374.0,479.49,3,Amanda Torres
SO-10954,2023-05-11,2023-05-15,In-Store,WARE-NBV1002,Northeast,Maine,Portland,Metro Unity Inc,Enterprise,Furniture,Laptop Cart,299.99,145.0,13,3704.87,1885.0,1819.87,5,Rachel Scott
SO-10955,2022-01-29,2022-02-08,Online,WARE-MCD2201,Southwest,Nevada,Reno,Elite Apex Commerce,Government,Electronics,Wireless Router,199.99,85.0,2,367.98,170.0,197.98,8,Kevin Williams
SO-10956,2022-04-12,2022-04-22,In-Store,WARE-MCD2201,South,Oklahoma,Norman,Pioneer Pacific Supply,Small Business,Electronics,Tablet Pro,899.99,450.0,15,13094.85,6750.0,6344.85,3,Rachel Scott
SO-10957,2023-12-07,2023-12-17,Wholesale,WARE-UHY1004,Southwest,New Mexico,Albuquerque,National Pioneer Corp,Enterprise,Clothing,Denim Jacket,89.99,38.0,10,899.9,380.0,519.9,0,David Park
SO-10958,2023-11-16,2023-11-23,Distributor,WARE-MCD2201,Northeast,Connecticut,New Haven,Bright Sterling Group,Corporate,Office Supplies,Copier Machine,1299.99,680.0,19,22723.81,12920.0,9803.81,8,David Park
SO-10959,2022-09-17,2022-09-23,In-Store,WARE-NBV1002,West,Utah,Provo,Metro Digital Corp,Corporate,Office Supplies,Desk Organizer,29.99,11.0,1,27.59,11.0,16.59,8,Sarah Mitchell
SO-10960,2022-12-02,2022-12-12,Distributor,WARE-PJW3508,South,Arkansas,Little Rock,Coastal Sterling Commerce,Government,Office Supplies,Calligraphy Set,39.99,15.0,13,493.87,195.0,298.87,5,Michael Brown
SO-10961,2023-07-23,2023-07-27,Online,WARE-NBV1002,Northeast,Massachusetts,Cambridge,Metro Horizon Enterprises,Small Business,Office Supplies,Paper Shredder,129.99,62.0,17,1944.63,1054.0,890.63,12,James Carter
SO-10962,2023-03-23,2023-03-28,In-Store,WARE-UHY1004,West,Oregon,Portland,Digital Core Inc,Enterprise,Electronics,Gaming PC,2499.99,1450.0,12,29999.88,17400.0,12599.88,0,James Carter
SO-10963,2022-06-29,2022-07-04,Distributor,WARE-ATL5509,Southeast,North Carolina,Raleigh,Coastal Coastal Corp,Corporate,Furniture,Ergonomic Chair Pro,449.99,218.0,13,5849.87,2834.0,3015.87,0,Emily Johnson
SO-10964,2023-03-28,2023-04-04,In-Store,WARE-UHY1004,South,Tennessee,Knoxville,Unity Sterling Commerce,Government,Clothing,Business Casual Shirt,59.99,22.0,3,152.97,66.0,86.97,15,Lisa Chen
SO-10965,2023-07-02,2023-07-08,In-Store,WARE-NBV1002,Northeast,Massachusetts,Boston,Pioneer Apex Inc,Small Business,Clothing,Linen Shirt,54.99,21.0,2,109.98,42.0,67.98,0,James Carter
SO-10966,2024-02-27,2024-03-05,Online,WARE-MCD2201,West,California,Riverside,Bright Swift LLC,Government,Electronics,Action Camera,349.99,170.0,4,1399.96,680.0,719.96,0,David Park
SO-10967,2022-09-01,2022-09-07,Wholesale,WARE-ATL5509,Midwest,Nebraska,Grand Island,Digital Horizon Corp,Enterprise,Clothing,Suit Set,299.99,135.0,16,4559.84,2160.0,2399.84,5,Emily Johnson
SO-10968,2022-06-14,2022-06-20,Wholesale,WARE-MCD2201,South,Louisiana,Baton Rouge,Sterling Summit Inc,Government,Clothing,Rain Jacket,99.99,42.0,13,1195.87,546.0,649.87,8,Emily Johnson
SO-10969,2023-03-08,2023-03-13,Distributor,WARE-PJW3508,West,Oregon,Eugene,Digital Coastal Enterprises,Enterprise,Office Supplies,Electric Stapler,49.99,19.0,14,629.86,266.0,363.86,10,David Park
SO-10970,2023-12-31,2024-01-05,Wholesale,WARE-PJW3508,South,Oklahoma,Tulsa,Apex Digital Commerce,Enterprise,Office Supplies,Filing Cabinet,199.99,95.0,15,2549.85,1425.0,1124.85,15,Emily Johnson
SO-10971,2023-10-30,2023-11-03,In-Store,WARE-PJW3508,West,Oregon,Gresham,Central Metro Group,Government,Electronics,Wireless Router,199.99,85.0,15,2549.85,1275.0,1274.85,15,Robert Adams
SO-10972,2023-03-30,2023-04-05,In-Store,WARE-MCD2201,Southwest,Alaska,Ketchikan,Bright Premier Co,Government,Clothing,Chinos,74.99,30.0,1,68.99,30.0,38.99,8,Emily Johnson
SO-10973,2024-01-27,2024-02-02,Online,WARE-NBV1002,South,Mississippi,Biloxi,Pioneer Core Distributors,Corporate,Clothing,Sports Jacket,109.99,46.0,5,494.95,230.0,264.95,10,Sarah Mitchell
SO-10974,2022-11-17,2022-11-21,Distributor,WARE-ATL5509,Northeast,New York,New York City,Elite Sterling LLC,Enterprise,Furniture,Executive Desk,1199.99,620.0,25,29999.75,15500.0,14499.75,0,Rachel Scott
SO-10975,2022-11-07,2022-11-14,Online,WARE-ATL5509,West,New Mexico,Rio Rancho,Summit Premier Trading,Government,Office Supplies,Heavy Duty Punch,79.99,34.0,9,719.91,306.0,413.91,0,David Park
SO-10976,2022-10-15,2022-10-29,In-Store,WARE-MCD2201,South,Oklahoma,Lawton,Digital Atlantic Inc,Retail,Clothing,Sun Hat,34.99,13.0,8,279.92,104.0,175.92,0,David Park
SO-10977,2023-08-22,2023-08-26,Distributor,WARE-NBV1002,West,Oregon,Portland,Horizon Bright Solutions,Enterprise,Furniture,Lateral File Cabinet,399.99,192.0,20,7999.8,3840.0,4159.8,0,Sarah Mitchell
SO-10978,2023-02-08,2023-02-11,Online,WARE-PJW3508,South,Georgia,Macon,Pioneer Sterling Supply,Government,Furniture,Hallway Table,279.99,132.0,5,1357.95,660.0,697.95,3,Amanda Torres
SO-10979,2022-07-16,2022-07-20,In-Store,WARE-NBV1002,Northeast,Vermont,South Burlington,Global Horizon Solutions,Small Business,Furniture,Ergonomic Chair Pro,449.99,218.0,18,7127.82,3924.0,3203.82,12,Michael Brown
SO-10980,2022-10-07,2022-10-13,Online,WARE-ATL5509,Midwest,Iowa,Sioux City,Swift Metro Corp,Corporate,Furniture,Conference Table,999.99,520.0,15,14249.85,7800.0,6449.85,5,Michael Brown
SO-10981,2022-02-06,2022-02-12,Wholesale,WARE-PJW3508,West,Colorado,Fort Collins,Apex Unity Trading,Small Business,Clothing,Velvet Blazer,179.99,80.0,9,1538.91,720.0,818.91,5,Lisa Chen
SO-10982,2022-10-16,2022-10-19,Online,WARE-NBV1002,Southwest,Colorado,Lakewood,Pacific Pioneer Commerce,Small Business,Office Supplies,Desk Organizer,29.99,11.0,9,242.91,99.0,143.91,10,Sarah Mitchell
SO-10983,2022-06-07,2022-06-14,Online,WARE-PJW3508,South,Florida,Tampa,Pacific Global Supply,Government,Furniture,Executive Desk,1199.99,620.0,20,23999.8,12400.0,11599.8,0,Sarah Mitchell
SO-10984,2022-04-19,2022-04-22,Online,WARE-NBV1002,South,South Carolina,Spartanburg,Elite Pacific Corp,Corporate,Furniture,Hallway Table,279.99,132.0,4,1119.96,528.0,591.96,0,David Park
SO-10985,2022-03-23,2022-03-27,Wholesale,WARE-ATL5509,Southwest,Utah,West Valley City,Elite Horizon Group,Small Business,Electronics,Digital Whiteboard,1999.99,1100.0,13,22879.87,14300.0,8579.87,12,Amanda Torres
SO-10986,2023-06-04,2023-06-07,In-Store,WARE-NBV1002,Midwest,Nebraska,Omaha,Advanced Summit Commerce,Corporate,Clothing,Chinos,74.99,30.0,2,145.48,60.0,85.48,3,Emily Johnson
SO-10987,2023-10-13,2023-10-19,Distributor,WARE-PJW3508,South,Alabama,Huntsville,Sterling Elite Trading,Small Business,Office Supplies,Electric Stapler,49.99,19.0,10,439.9,190.0,249.9,12,Kevin Williams
SO-10988,2022-03-05,2022-03-10,Wholesale,WARE-NBV1002,Northeast,New Jersey,Paterson,Core Central LLC,Corporate,Office Supplies,Paper Shredder,129.99,62.0,3,389.97,186.0,203.97,0,Lisa Chen
SO-10989,2022-09-26,2022-10-01,Wholesale,WARE-PJW3508,Southeast,Kentucky,Bowling Green,Apex Horizon Co,Government,Electronics,NAS Storage,899.99,450.0,11,8909.89,4950.0,3959.89,10,Emily Johnson
SO-10990,2022-12-28,2023-01-02,Wholesale,WARE-MCD2201,South,South Carolina,Charleston,Pioneer Coastal Enterprises,Small Business,Electronics,Portable Projector,499.99,245.0,29,13049.71,7105.0,5944.71,10,Robert Adams
SO-10991,2024-03-18,2024-03-23,Wholesale,WARE-UHY1004,Southwest,Alaska,Sitka,Coastal Apex Inc,Small Business,Electronics,Smart Monitor 27,599.99,290.0,11,6599.89,3190.0,3409.89,0,Rachel Scott
SO-10992,2023-04-29,2023-05-03,In-Store,WARE-PJW3508,South,Tennessee,Nashville,Global Horizon Trading,Government,Electronics,Smart Speaker,199.99,90.0,5,969.95,450.0,519.95,3,Michael Brown
SO-10993,2023-03-22,2023-03-27,Distributor,WARE-MCD2201,South,Tennessee,Chattanooga,Apex Atlantic LLC,Government,Clothing,Holiday Sweater,69.99,28.0,6,419.94,168.0,251.94,0,Michael Brown
SO-10994,2023-03-03,2023-03-05,Distributor,WARE-ATL5509,South,Tennessee,Clarksville,Premier Pioneer Retail,Retail,Clothing,Denim Jacket,89.99,38.0,16,1367.84,608.0,759.84,5,Rachel Scott
SO-10995,2024-01-13,2024-01-20,Online,WARE-NBV1002,Northeast,Connecticut,Waterbury,Apex Bright Enterprises,Retail,Furniture,Office Chair,299.99,145.0,12,3599.88,1740.0,1859.88,0,Lisa Chen
SO-10996,2022-08-28,2022-09-03,Distributor,WARE-UHY1004,West,Colorado,Colorado Springs,Advanced Swift Solutions,Small Business,Furniture,Floor Lamp,159.99,72.0,12,1727.88,864.0,863.88,10,Lisa Chen
SO-10997,2023-05-16,2023-05-23,In-Store,WARE-ATL5509,Southwest,Utah,Orem,Unity Atlantic Trading,Enterprise,Office Supplies,Whiteboard,159.99,72.0,16,2431.84,1152.0,1279.84,5,Sarah Mitchell
SO-10998,2023-04-06,2023-04-12,Wholesale,WARE-UHY1004,Southeast,West Virginia,Parkersburg,Summit Apex Inc,Small Business,Furniture,Executive Desk,1199.99,620.0,13,14819.87,8060.0,6759.87,5,James Carter
SO-10999,2022-05-30,2022-06-09,In-Store,WARE-UHY1004,Midwest,Indiana,Carmel,Pioneer Core Commerce,Government,Clothing,Linen Pants,64.99,26.0,9,526.41,234.0,292.41,10,Rachel Scott
SO-11000,2024-03-29,2024-04-02,Distributor,WARE-UHY1004,Northeast,New Jersey,Newark,Central Global Co,Small Business,Office Supplies,Card Reader,39.99,15.0,17,625.43,255.0,370.43,8,Michael Brown
SO-11001,2023-04-22,2023-04-27,Wholesale,WARE-PJW3508,Northeast,New York,Rochester,Swift Premier Distributors,Corporate,Electronics,4K Camera,1199.99,600.0,5,5519.95,3000.0,2519.95,8,Michael Brown
SO-11002,2022-06-16,2022-06-19,Wholesale,WARE-PJW3508,West,Arizona,Tucson,Atlantic Metro Solutions,Small Business,Clothing,Winter Coat,149.99,65.0,20,2999.8,1300.0,1699.8,0,Lisa Chen
SO-11003,2023-03-21,2023-03-26,Distributor,WARE-PJW3508,Southwest,Alaska,Ketchikan,Core Metro Retail,Government,Electronics,Smartband,199.99,88.0,11,2089.89,968.0,1121.89,5,Rachel Scott
SO-11004,2022-03-07,2022-03-10,In-Store,WARE-NBV1002,Northeast,New Hampshire,Manchester,Unity Premier Supply,Enterprise,Office Supplies,Desk Organizer,29.99,11.0,3,89.97,33.0,56.97,0,Lisa Chen
SO-11005,2023-05-20,2023-05-25,In-Store,WARE-ATL5509,Midwest,Ohio,Toledo,Central Coastal Supply,Corporate,Furniture,Executive Desk,1199.99,620.0,13,13727.87,8060.0,5667.87,12,Emily Johnson
SO-11006,2022-09-03,2022-09-09,In-Store,WARE-MCD2201,West,Oregon,Portland,Global Metro Retail,Corporate,Furniture,Lounge Chair,399.99,195.0,2,703.98,390.0,313.98,12,James Carter
SO-11007,2022-11-24,2022-11-29,Wholesale,WARE-NBV1002,South,Tennessee,Memphis,Global Unity Co,Retail,Office Supplies,Card Reader,39.99,15.0,23,846.17,345.0,501.17,8,Kevin Williams
SO-11008,2022-08-24,2022-08-29,In-Store,WARE-MCD2201,Northeast,New York,Buffalo,Pacific Bright Solutions,Small Business,Electronics,Tablet Pro,899.99,450.0,20,17099.8,9000.0,8099.8,5,Robert Adams
SO-11009,2023-07-24,2023-07-29,Distributor,WARE-UHY1004,Southeast,North Carolina,Winston-Salem,Elite Core Co,Enterprise,Furniture,Ergonomic Chair Pro,449.99,218.0,13,5849.87,2834.0,3015.87,0,Michael Brown
SO-11010,2023-04-02,2023-04-08,Wholesale,WARE-NBV1002,West,Washington,Tacoma,Premier Atlantic Inc,Small Business,Clothing,Business Casual Shirt,59.99,22.0,17,989.23,374.0,615.23,3,Emily Johnson
SO-11011,2022-11-07,2022-11-12,Online,WARE-PJW3508,Southeast,District of Columbia,Washington,Bright Advanced Group,Corporate,Office Supplies,Label Maker,59.99,24.0,26,1512.94,624.0,888.94,3,Emily Johnson
SO-11012,2023-02-02,2023-02-07,Wholesale,WARE-ATL5509,South,Alabama,Huntsville,Core Premier Enterprises,Government,Clothing,Suit Set,299.99,135.0,11,3035.89,1485.0,1550.89,8,Michael Brown
SO-11013,2022-02-01,2022-02-08,Wholesale,WARE-ATL5509,Southwest,Utah,Salt Lake City,Global Sterling Enterprises,Small Business,Electronics,Laptop Pro 15,1299.99,780.0,2,2469.98,1560.0,909.98,5,Sarah Mitchell
SO-11014,2024-01-30,2024-02-02,Online,WARE-PJW3508,Northeast,Rhode Island,Cranston,Global Sterling Inc,Small Business,Office Supplies,Stapler Heavy Duty,29.99,11.0,12,331.08,132.0,199.08,8,Michael Brown
SO-11015,2022-06-28,2022-07-01,Distributor,WARE-PJW3508,West,Colorado,Denver,Digital Bright Supply,Corporate,Electronics,Video Doorbell,179.99,80.0,2,349.18,160.0,189.18,3,Rachel Scott
SO-11016,2023-02-12,2023-02-14,In-Store,WARE-NBV1002,West,Washington,Spokane,Central Digital Trading,Government,Office Supplies,Paper Shredder,129.99,62.0,13,1520.87,806.0,714.87,10,James Carter
SO-11017,2023-05-06,2023-05-13,Wholesale,WARE-NBV1002,Southwest,Arizona,Mesa,Advanced Elite Group,Corporate,Furniture,Adjustable Monitor Stand,129.99,58.0,7,909.93,406.0,503.93,0,Rachel Scott
SO-11018,2024-01-31,2024-02-04,Wholesale,WARE-ATL5509,West,Idaho,Idaho Falls,Core Apex Enterprises,Small Business,Office Supplies,Wireless Keyboard,89.99,38.0,2,179.98,76.0,103.98,0,Lisa Chen
SO-11019,2024-01-23,2024-01-28,Distributor,WARE-PJW3508,Southwest,Wyoming,Rock Springs,Coastal Apex Enterprises,Small Business,Office Supplies,Binding Machine,149.99,68.0,12,1529.88,816.0,713.88,15,Amanda Torres
SO-11020,2023-09-09,2023-09-16,In-Store,WARE-NBV1002,Southwest,Alaska,Juneau,Apex Digital Enterprises,Enterprise,Clothing,Polo Shirt,44.99,18.0,9,384.66,162.0,222.66,5,Kevin Williams
SO-11021,2023-10-10,2023-10-17,Wholesale,WARE-NBV1002,Southwest,Nevada,Sparks,Summit Elite Supply,Retail,Furniture,Laptop Cart,299.99,145.0,6,1529.94,870.0,659.94,15,Sarah Mitchell
SO-11022,2022-01-05,2022-01-15,Online,WARE-PJW3508,Southeast,Delaware,Wilmington,National Pioneer Enterprises,Enterprise,Electronics,NAS Storage,899.99,450.0,9,8099.91,4050.0,4049.91,0,Kevin Williams
SO-11023,2022-12-26,2023-01-01,In-Store,WARE-NBV1002,West,Idaho,Idaho Falls,National Digital Corp,Government,Office Supplies,Label Maker,59.99,24.0,29,1739.71,696.0,1043.71,0,Sarah Mitchell
SO-11024,2024-02-13,2024-02-17,Online,WARE-NBV1002,West,Oregon,Portland,Swift Atlantic Group,Corporate,Furniture,Lounge Chair,399.99,195.0,13,5043.87,2535.0,2508.87,3,Michael Brown
SO-11025,2022-09-17,2022-09-27,Distributor,WARE-PJW3508,Northeast,Pennsylvania,Pittsburgh,Apex Coastal Inc,Retail,Electronics,Surface Laptop,1399.99,870.0,15,19319.85,13050.0,6269.85,8,Lisa Chen
SO-11026,2023-09-22,2023-09-28,Online,WARE-PJW3508,South,Louisiana,Lafayette,Horizon Pioneer Solutions,Retail,Clothing,Board Shorts,54.99,21.0,2,109.98,42.0,67.98,0,David Park
SO-11027,2023-08-25,2023-09-01,Wholesale,WARE-NBV1002,Southeast,Kentucky,Louisville,Global Coastal Inc,Retail,Clothing,Sun Hat,34.99,13.0,21,661.29,273.0,388.29,10,Michael Brown
SO-11028,2024-01-03,2024-01-08,Online,WARE-PJW3508,Southeast,North Carolina,Charlotte,National Core Enterprises,Enterprise,Office Supplies,Letter Opener,14.99,5.0,4,56.96,20.0,36.96,5,Kevin Williams
SO-11029,2022-01-11,2022-01-16,In-Store,WARE-MCD2201,Southwest,Hawaii,Hilo,Unity Digital LLC,Enterprise,Clothing,Summer Dress,79.99,30.0,5,399.95,150.0,249.95,0,Rachel Scott
SO-11030,2022-05-01,2022-05-06,Distributor,WARE-ATL5509,West,Idaho,Boise,Sterling Premier Inc,Enterprise,Furniture,TV Stand,249.99,118.0,17,3824.83,2006.0,1818.83,10,David Park
SO-11031,2023-05-13,2023-05-15,In-Store,WARE-UHY1004,Northeast,Connecticut,Hartford,Coastal Metro Co,Enterprise,Office Supplies,Desk Organizer,29.99,11.0,8,239.92,88.0,151.92,0,Rachel Scott
SO-11032,2022-06-18,2022-06-21,Wholesale,WARE-PJW3508,West,Colorado,Fort Collins,Bright Global Enterprises,Retail,Electronics,iPhone 15 Pro,1199.99,780.0,6,6119.94,4680.0,1439.94,15,James Carter
SO-11033,2023-05-01,2023-05-05,Online,WARE-PJW3508,Southwest,Wyoming,Rock Springs,Central Pacific LLC,Enterprise,Electronics,Smart Display,349.99,165.0,2,615.98,330.0,285.98,12,Amanda Torres
SO-11034,2022-01-25,2022-01-28,Distributor,WARE-ATL5509,West,Idaho,Nampa,Elite Digital Retail,Enterprise,Office Supplies,Label Printer,179.99,82.0,6,1079.94,492.0,587.94,0,Amanda Torres
SO-11035,2023-07-28,2023-08-01,Wholesale,WARE-NBV1002,Northeast,Connecticut,Waterbury,Sterling Summit Supply,Enterprise,Clothing,Summer Dress,79.99,30.0,3,239.97,90.0,149.97,0,James Carter
SO-11036,2023-11-13,2023-11-18,In-Store,WARE-MCD2201,Southeast,Kentucky,Louisville,Sterling Summit Solutions,Small Business,Electronics,USB Microphone,179.99,78.0,20,3599.8,1560.0,2039.8,0,Emily Johnson
SO-11037,2022-04-12,2022-04-17,In-Store,WARE-ATL5509,Southwest,Hawaii,Kapolei,Pacific Summit Retail,Small Business,Clothing,Denim Jacket,89.99,38.0,6,475.14,228.0,247.14,12,Sarah Mitchell
SO-11038,2023-10-04,2023-10-11,Online,WARE-MCD2201,West,Idaho,Boise,National Advanced Trading,Corporate,Office Supplies,Whiteboard,159.99,72.0,14,2127.86,1008.0,1119.86,5,Lisa Chen
SO-11039,2023-04-06,2023-04-12,Wholesale,WARE-UHY1004,West,California,Sacramento,Horizon Core Commerce,Small Business,Furniture,Bookshelf,249.99,110.0,8,1999.92,880.0,1119.92,0,Rachel Scott
SO-11040,2023-09-07,2023-09-12,Online,WARE-PJW3508,Southeast,Maryland,Gaithersburg,Pacific Summit Retail,Enterprise,Electronics,Smart Home Hub,299.99,140.0,1,263.99,140.0,123.99,12,David Park
SO-11041,2023-09-12,2023-09-22,In-Store,WARE-MCD2201,Midwest,Iowa,Davenport,Unity Horizon Trading,Enterprise,Furniture,Laptop Cart,299.99,145.0,11,2969.89,1595.0,1374.89,10,Sarah Mitchell
SO-11042,2023-10-07,2023-10-17,Distributor,WARE-PJW3508,Southwest,Hawaii,Kailua,Core Unity Group,Small Business,Electronics,GPU Card,999.99,620.0,9,8549.91,5580.0,2969.91,5,Rachel Scott
SO-11043,2023-06-15,2023-06-19,In-Store,WARE-PJW3508,South,Alabama,Montgomery,Central Elite Distributors,Small Business,Office Supplies,Binding Machine,149.99,68.0,15,1912.35,1020.0,892.35,15,Lisa Chen
SO-11044,2023-06-17,2023-06-20,Distributor,WARE-UHY1004,Southwest,Wyoming,Casper,National Elite Distributors,Retail,Clothing,Running Shoes,89.99,38.0,7,598.43,266.0,332.43,5,Lisa Chen
SO-11045,2023-04-16,2023-04-20,Online,WARE-MCD2201,South,Mississippi,Hattiesburg,Core Pacific Co,Government,Furniture,TV Stand,249.99,118.0,18,4274.82,2124.0,2150.82,5,David Park
SO-11046,2023-04-11,2023-04-16,In-Store,WARE-PJW3508,Northeast,Massachusetts,Worcester,Unity Bright Trading,Corporate,Furniture,Credenza,649.99,320.0,18,11114.82,5760.0,5354.82,5,David Park
SO-11047,2023-03-24,2023-03-28,Online,WARE-NBV1002,Southwest,Hawaii,Kaneohe,Premier Atlantic Solutions,Corporate,Electronics,Video Doorbell,179.99,80.0,13,2339.87,1040.0,1299.87,0,Michael Brown
SO-11048,2024-03-13,2024-03-23,Online,WARE-NBV1002,Northeast,New Hampshire,Dover,Elite Metro Retail,Corporate,Furniture,Glass Desk,799.99,400.0,4,2943.96,1600.0,1343.96,8,Lisa Chen
SO-11049,2022-09-04,2022-09-08,Distributor,WARE-UHY1004,Southeast,District of Columbia,Washington,Bright Advanced Commerce,Small Business,Furniture,Storage Cabinet,449.99,215.0,8,3059.92,1720.0,1339.92,15,James Carter
SO-11050,2023-01-28,2023-02-02,Distributor,WARE-MCD2201,Southeast,Delaware,Newark,Premier Pacific Distributors,Corporate,Office Supplies,Projector,699.99,340.0,7,4899.93,2380.0,2519.93,0,Sarah Mitchell
SO-11051,2023-09-17,2023-09-24,In-Store,WARE-PJW3508,South,Mississippi,Gulfport,Advanced Atlantic Inc,Retail,Office Supplies,Tape Dispenser,24.99,9.0,6,145.44,54.0,91.44,3,Rachel Scott
SO-11052,2022-08-26,2022-09-02,Wholesale,WARE-ATL5509,Southeast,Kentucky,Owensboro,Digital Digital Corp,Retail,Clothing,Denim Jacket,89.99,38.0,5,413.95,190.0,223.95,8,James Carter
SO-11053,2023-05-19,2023-05-25,Wholesale,WARE-ATL5509,Southeast,Kentucky,Bowling Green,Pioneer Pioneer Inc,Government,Office Supplies,Ergonomic Mouse,59.99,24.0,14,739.06,336.0,403.06,12,David Park
SO-11054,2023-12-22,2023-12-28,In-Store,WARE-PJW3508,West,Montana,Missoula,Premier Coastal Group,Enterprise,Furniture,Glass Desk,799.99,400.0,7,5151.93,2800.0,2351.93,8,David Park
SO-11055,2023-09-07,2023-09-17,Online,WARE-MCD2201,Midwest,Minnesota,Rochester,National Pacific Enterprises,Government,Office Supplies,Electric Stapler,49.99,19.0,16,679.84,304.0,375.84,15,Lisa Chen
SO-11056,2024-01-12,2024-01-22,In-Store,WARE-PJW3508,Midwest,Missouri,Kansas City,Central Advanced Solutions,Enterprise,Clothing,Holiday Sweater,69.99,28.0,15,1049.85,420.0,629.85,0,Michael Brown
SO-11057,2023-10-23,2023-10-28,Online,WARE-UHY1004,West,Oregon,Salem,Metro Coastal Solutions,Corporate,Office Supplies,Label Maker,59.99,24.0,17,989.23,408.0,581.23,3,Robert Adams
SO-11058,2023-06-22,2023-06-27,In-Store,WARE-UHY1004,Northeast,New Hampshire,Manchester,Summit Central Co,Retail,Furniture,Executive Desk,1199.99,620.0,10,11399.9,6200.0,5199.9,5,Michael Brown
SO-11059,2023-09-28,2023-10-03,Wholesale,WARE-UHY1004,South,Oklahoma,Oklahoma City,Sterling Swift Enterprises,Small Business,Office Supplies,Paper Shredder,129.99,62.0,2,259.98,124.0,135.98,0,James Carter
SO-11060,2022-10-03,2022-10-08,In-Store,WARE-UHY1004,South,South Carolina,Columbia,Swift Apex Supply,Government,Electronics,iPhone 15 Pro,1199.99,780.0,6,6479.94,4680.0,1799.94,10,Robert Adams
SO-11061,2023-06-10,2023-06-15,Online,WARE-MCD2201,South,Texas,El Paso,Coastal Summit Corp,Small Business,Office Supplies,Flip Chart,69.99,29.0,2,139.98,58.0,81.98,0,Robert Adams
SO-11062,2022-09-09,2022-09-13,Online,WARE-NBV1002,South,South Carolina,Greenville,National Premier Retail,Retail,Furniture,Lateral File Cabinet,399.99,192.0,15,5999.85,2880.0,3119.85,0,Robert Adams
SO-11063,2024-02-12,2024-02-17,Distributor,WARE-ATL5509,Northeast,New Jersey,Elizabeth,Unity Digital Retail,Government,Clothing,Swimwear,49.99,19.0,13,597.87,247.0,350.87,8,David Park
SO-11064,2023-05-27,2023-06-03,Distributor,WARE-NBV1002,Midwest,Kansas,Olathe,Pacific Core Solutions,Government,Office Supplies,Card Reader,39.99,15.0,5,193.95,75.0,118.95,3,David Park
SO-11065,2022-11-19,2022-11-23,In-Store,WARE-MCD2201,West,Utah,Provo,Elite Central Retail,Government,Furniture,Standing Desk,699.99,350.0,34,23799.66,11900.0,11899.66,0,Robert Adams
SO-11066,2022-01-17,2022-01-27,Wholesale,WARE-PJW3508,Southwest,Colorado,Fort Collins,Horizon Coastal Enterprises,Small Business,Office Supplies,Document Scanner,299.99,145.0,8,2279.92,1160.0,1119.92,5,Amanda Torres
SO-11067,2023-10-18,2023-10-22,Wholesale,WARE-NBV1002,South,Mississippi,Jackson,Apex Digital Trading,Government,Office Supplies,Document Scanner,299.99,145.0,4,1199.96,580.0,619.96,0,Michael Brown
SO-11068,2023-05-06,2023-05-11,Online,WARE-NBV1002,Midwest,Kansas,Topeka,Sterling Unity Corp,Small Business,Clothing,Formal Jacket,129.99,55.0,3,378.27,165.0,213.27,3,Kevin Williams
SO-11069,2023-06-18,2023-06-20,Distributor,WARE-ATL5509,Midwest,Illinois,Chicago,Pioneer Core Enterprises,Enterprise,Office Supplies,Ink Tank Printer,399.99,195.0,13,4783.87,2535.0,2248.87,8,Michael Brown
SO-11070,2024-02-16,2024-02-21,Online,WARE-UHY1004,Midwest,Illinois,Naperville,Metro Swift Supply,Retail,Electronics,Smart Thermostat,249.99,115.0,16,3519.84,1840.0,1679.84,12,Lisa Chen
SO-11071,2024-02-20,2024-02-23,Online,WARE-NBV1002,Southwest,Hawaii,Kailua,Advanced Coastal Group,Enterprise,Office Supplies,Document Scanner,299.99,145.0,7,1931.93,1015.0,916.93,8,James Carter
SO-11072,2024-03-29,2024-04-03,Online,WARE-UHY1004,South,Tennessee,Chattanooga,Advanced Elite Inc,Corporate,Office Supplies,Stapler Heavy Duty,29.99,11.0,5,127.45,55.0,72.45,15,Michael Brown
SO-11073,2022-06-19,2022-06-22,Distributor,WARE-MCD2201,Southwest,Hawaii,Honolulu,Pioneer Core Supply,Enterprise,Office Supplies,Tape Dispenser,24.99,9.0,17,382.33,153.0,229.33,10,Rachel Scott
SO-11074,2022-06-09,2022-06-14,Online,WARE-MCD2201,Southeast,Delaware,Newark,Core National Group,Retail,Furniture,Partition Wall,349.99,168.0,20,6649.8,3360.0,3289.8,5,Michael Brown
SO-11075,2023-02-19,2023-03-01,In-Store,WARE-UHY1004,Midwest,Kansas,Kansas City,Advanced Atlantic Corp,Small Business,Clothing,Suit Set,299.99,135.0,2,569.98,270.0,299.98,5,Amanda Torres
SO-11076,2023-02-14,2023-02-19,Wholesale,WARE-NBV1002,South,Florida,Clearwater,Pacific National Corp,Enterprise,Clothing,Suit Set,299.99,135.0,14,3989.86,1890.0,2099.86,5,James Carter
SO-11077,2023-04-30,2023-05-04,Wholesale,WARE-MCD2201,West,Utah,West Jordan,Atlantic Sterling Group,Retail,Office Supplies,Stapler Heavy Duty,29.99,11.0,1,28.49,11.0,17.49,5,Rachel Scott
SO-11078,2022-09-07,2022-09-11,Online,WARE-NBV1002,South,Mississippi,Hattiesburg,Pioneer Bright Trading,Corporate,Office Supplies,Heavy Duty Punch,79.99,34.0,6,407.94,204.0,203.94,15,Sarah Mitchell
SO-11079,2022-04-05,2022-04-19,In-Store,WARE-PJW3508,Southwest,New Mexico,Las Cruces,Horizon Premier Inc,Enterprise,Clothing,Athleisure Set,119.99,50.0,5,599.95,250.0,349.95,0,Lisa Chen
SO-11080,2022-12-05,2022-12-07,Online,WARE-UHY1004,Southwest,Arizona,Phoenix,Pacific Metro Distributors,Small Business,Office Supplies,Heavy Duty Punch,79.99,34.0,9,611.91,306.0,305.91,15,David Park
SO-11081,2023-06-23,2023-06-30,Distributor,WARE-UHY1004,West,Washington,Tacoma,Summit Pacific Enterprises,Government,Furniture,Bar Cart,299.99,140.0,4,1139.96,560.0,579.96,5,Sarah Mitchell
SO-11082,2023-02-07,2023-02-13,Distributor,WARE-PJW3508,West,Montana,Missoula,Digital Apex Commerce,Retail,Furniture,Conference Table,999.99,520.0,11,9899.89,5720.0,4179.89,10,David Park
SO-11083,2023-04-18,2023-04-24,Online,WARE-UHY1004,South,Louisiana,Shreveport,Pacific Metro Distributors,Corporate,Office Supplies,Whiteboard,159.99,72.0,5,799.95,360.0,439.95,0,Amanda Torres
SO-11084,2024-02-28,2024-03-05,Wholesale,WARE-NBV1002,South,Georgia,Athens,National Horizon Trading,Government,Electronics,Server Unit,4999.99,2800.0,11,46749.89,30800.0,15949.89,15,Rachel Scott
SO-11085,2022-06-10,2022-06-14,Wholesale,WARE-UHY1004,Midwest,Minnesota,Duluth,Metro Metro Co,Retail,Electronics,4K Camera,1199.99,600.0,14,16799.86,8400.0,8399.86,0,Amanda Torres
SO-11086,2022-12-01,2022-12-07,Distributor,WARE-MCD2201,Southwest,Alaska,Juneau,Premier Global Corp,Corporate,Clothing,Casual Pants,69.99,28.0,30,1784.7,840.0,944.7,15,Amanda Torres
SO-11087,2023-06-10,2023-06-15,Online,WARE-NBV1002,Midwest,Michigan,Detroit,Elite Premier Trading,Enterprise,Office Supplies,Whiteboard,159.99,72.0,21,3191.79,1512.0,1679.79,5,Lisa Chen
SO-11088,2023-05-10,2023-05-14,Wholesale,WARE-ATL5509,Southeast,Maryland,Rockville,Pioneer Unity Co,Government,Electronics,iPhone 15 Pro,1199.99,780.0,17,20399.83,13260.0,7139.83,0,Rachel Scott
SO-11089,2024-01-07,2024-01-11,Online,WARE-MCD2201,Southeast,Virginia,Richmond,Metro Sterling Solutions,Government,Electronics,Smart Lock,249.99,115.0,18,4049.82,2070.0,1979.82,10,Sarah Mitchell
SO-11090,2023-08-29,2023-09-03,Distributor,WARE-MCD2201,West,Utah,West Jordan,Metro National Retail,Enterprise,Office Supplies,Binding Machine,149.99,68.0,9,1282.41,612.0,670.41,5,James Carter
SO-11091,2022-09-02,2022-09-04,Wholesale,WARE-NBV1002,Southeast,Virginia,Virginia Beach,Pacific Advanced Commerce,Government,Office Supplies,Tape Dispenser,24.99,9.0,13,324.87,117.0,207.87,0,Michael Brown
SO-11092,2022-08-07,2022-08-13,Distributor,WARE-UHY1004,Southeast,District of Columbia,Washington,Atlantic National Trading,Government,Clothing,Running Shoes,89.99,38.0,19,1624.31,722.0,902.31,5,Emily Johnson
SO-11093,2022-09-09,2022-09-11,Distributor,WARE-PJW3508,Northeast,Vermont,Burlington,Advanced Premier Retail,Retail,Furniture,Accent Table,199.99,92.0,16,3199.84,1472.0,1727.84,0,Robert Adams
SO-11094,2024-02-23,2024-02-27,In-Store,WARE-NBV1002,West,Colorado,Colorado Springs,Swift Pacific LLC,Corporate,Furniture,Corner Desk,699.99,345.0,10,6159.9,3450.0,2709.9,12,Emily Johnson
SO-11095,2022-12-12,2022-12-17,Wholesale,WARE-ATL5509,Northeast,New Jersey,Jersey City,Digital Unity LLC,Enterprise,Electronics,Smart Thermostat,249.99,115.0,10,2199.9,1150.0,1049.9,12,Sarah Mitchell
SO-11096,2022-07-13,2022-07-23,In-Store,WARE-UHY1004,Midwest,Ohio,Cincinnati,Core Pacific LLC,Enterprise,Office Supplies,Electric Stapler,49.99,19.0,19,949.81,361.0,588.81,0,Robert Adams
SO-11097,2024-02-15,2024-02-17,Wholesale,WARE-UHY1004,Southeast,Kentucky,Covington,Central Atlantic Commerce,Small Business,Office Supplies,Desk Organizer,29.99,11.0,12,331.08,132.0,199.08,8,Emily Johnson
SO-11098,2022-08-21,2022-08-26,Distributor,WARE-UHY1004,Southeast,District of Columbia,Washington,Coastal Pioneer Retail,Corporate,Electronics,Webcam HD,99.99,42.0,17,1529.83,714.0,815.83,10,James Carter
SO-11099,2023-11-12,2023-11-18,Online,WARE-UHY1004,West,Colorado,Denver,Global Pioneer Enterprises,Corporate,Furniture,Standing Desk,699.99,350.0,26,16743.74,9100.0,7643.74,8,Rachel Scott
SO-11100,2023-05-22,2023-06-05,Distributor,WARE-UHY1004,Southeast,Delaware,Wilmington,Atlantic Core Inc,Enterprise,Office Supplies,Desk Organizer,29.99,11.0,18,512.82,198.0,314.82,5,Kevin Williams
SO-11101,2022-11-04,2022-11-10,Wholesale,WARE-NBV1002,West,Arizona,Phoenix,Summit Advanced Solutions,Government,Electronics,MacBook Pro 16,2499.99,1650.0,11,25299.89,18150.0,7149.89,8,Lisa Chen
SO-11102,2022-01-24,2022-02-07,Online,WARE-PJW3508,Northeast,Maine,Bangor,Premier Pacific Corp,Corporate,Furniture,Storage Cabinet,449.99,215.0,1,427.49,215.0,212.49,5,Sarah Mitchell
SO-11103,2023-08-14,2023-08-19,Distributor,WARE-ATL5509,Midwest,Indiana,Evansville,National Metro Co,Government,Electronics,Bluetooth Speaker,149.99,58.0,8,1199.92,464.0,735.92,0,Sarah Mitchell
SO-11104,2023-02-18,2023-02-22,Online,WARE-UHY1004,Southwest,Colorado,Lakewood,Pacific Pioneer Co,Corporate,Furniture,Corner Desk,699.99,345.0,2,1287.98,690.0,597.98,8,Sarah Mitchell
SO-11105,2023-04-26,2023-05-01,In-Store,WARE-NBV1002,Southeast,North Carolina,Charlotte,Advanced Premier Distributors,Enterprise,Clothing,Formal Jacket,129.99,55.0,12,1559.88,660.0,899.88,0,Robert Adams
SO-11106,2022-08-12,2022-08-16,Distributor,WARE-ATL5509,South,South Carolina,Columbia,National Central Inc,Small Business,Electronics,Video Doorbell,179.99,80.0,6,950.34,480.0,470.34,12,Amanda Torres
SO-11107,2023-09-20,2023-09-24,Wholesale,WARE-ATL5509,Southeast,Virginia,Virginia Beach,Sterling Apex Corp,Retail,Clothing,Denim Jacket,89.99,38.0,13,1029.47,494.0,535.47,12,Rachel Scott
SO-11108,2023-03-07,2023-03-13,In-Store,WARE-PJW3508,Midwest,Wisconsin,Madison,Global Atlantic Trading,Small Business,Electronics,Digital Whiteboard,1999.99,1100.0,9,16199.91,9900.0,6299.91,10,Rachel Scott
SO-11109,2023-12-30,2024-01-03,Wholesale,WARE-UHY1004,South,South Carolina,Columbia,Metro Pacific Retail,Small Business,Office Supplies,Document Scanner,299.99,145.0,5,1454.95,725.0,729.95,3,Michael Brown
SO-11110,2022-01-15,2022-01-18,Online,WARE-PJW3508,Northeast,New York,Buffalo,Digital Summit Corp,Enterprise,Electronics,Portable Projector,499.99,245.0,14,6789.86,3430.0,3359.86,3,David Park
SO-11111,2022-07-26,2022-07-29,In-Store,WARE-MCD2201,West,Idaho,Meridian,Apex Elite Retail,Retail,Clothing,Swimwear,49.99,19.0,22,1011.78,418.0,593.78,8,Michael Brown
SO-11112,2023-04-20,2023-04-23,In-Store,WARE-MCD2201,West,California,Oakland,Digital Unity Co,Corporate,Electronics,Smart Home Hub,299.99,140.0,6,1799.94,840.0,959.94,0,Michael Brown
SO-11113,2024-02-27,2024-03-03,Distributor,WARE-PJW3508,South,Louisiana,Shreveport,Pacific Bright Enterprises,Small Business,Office Supplies,Stapler Heavy Duty,29.99,11.0,1,26.39,11.0,15.39,12,Amanda Torres
SO-11114,2022-06-14,2022-06-18,Wholesale,WARE-MCD2201,South,Louisiana,Lafayette,Global National Retail,Small Business,Clothing,Rain Jacket,99.99,42.0,17,1699.83,714.0,985.83,0,Kevin Williams
SO-11115,2024-01-09,2024-01-14,Wholesale,WARE-NBV1002,Southeast,District of Columbia,Washington,Advanced Unity Co,Corporate,Electronics,Desktop Computer,1499.99,890.0,12,17999.88,10680.0,7319.88,0,Rachel Scott
SO-11116,2024-02-15,2024-02-22,Wholesale,WARE-ATL5509,Northeast,Pennsylvania,Allentown,Unity Premier Retail,Corporate,Furniture,Lounge Chair,399.99,195.0,18,6119.82,3510.0,2609.82,15,Robert Adams
SO-11117,2022-12-16,2022-12-21,Wholesale,WARE-PJW3508,Northeast,Rhode Island,East Providence,Atlantic Sterling Supply,Enterprise,Clothing,Running Shoes,89.99,38.0,3,269.97,114.0,155.97,0,Rachel Scott
SO-11118,2023-01-25,2023-01-31,Distributor,WARE-MCD2201,South,Mississippi,Meridian,Pioneer Metro Solutions,Small Business,Furniture,Corner Desk,699.99,345.0,16,10863.84,5520.0,5343.84,3,Kevin Williams
SO-11119,2022-01-17,2022-01-20,In-Store,WARE-MCD2201,Midwest,Iowa,Cedar Rapids,National Central Inc,Retail,Clothing,Linen Pants,64.99,26.0,3,194.97,78.0,116.97,0,Kevin Williams
SO-11120,2022-05-19,2022-05-25,Distributor,WARE-NBV1002,Southwest,Arizona,Phoenix,Apex Atlantic Inc,Government,Clothing,Sun Hat,34.99,13.0,8,271.52,104.0,167.52,3,David Park
SO-11121,2022-04-06,2022-04-16,In-Store,WARE-NBV1002,Northeast,New Jersey,Edison,Atlantic Pacific Co,Retail,Clothing,Denim Jacket,89.99,38.0,11,841.39,418.0,423.39,15,Michael Brown
SO-11122,2024-03-25,2024-04-01,In-Store,WARE-ATL5509,Southeast,Virginia,Virginia Beach,Pacific Unity Distributors,Enterprise,Clothing,Denim Jacket,89.99,38.0,14,1259.86,532.0,727.86,0,James Carter
SO-11123,2023-12-14,2023-12-16,Distributor,WARE-UHY1004,West,Nevada,Reno,Bright Global Retail,Small Business,Clothing,Linen Pants,64.99,26.0,13,844.87,338.0,506.87,0,Robert Adams
SO-11124,2022-07-22,2022-07-26,In-Store,WARE-NBV1002,South,Texas,San Antonio,Digital National Distributors,Corporate,Office Supplies,Filing Cabinet,199.99,95.0,6,1199.94,570.0,629.94,0,Emily Johnson
SO-11125,2022-03-06,2022-03-11,In-Store,WARE-MCD2201,Midwest,Wisconsin,Kenosha,Premier Apex Inc,Corporate,Office Supplies,Wireless Keyboard,89.99,38.0,6,539.94,228.0,311.94,0,Sarah Mitchell
SO-11126,2022-04-22,2022-04-26,Distributor,WARE-MCD2201,South,Tennessee,Nashville,Advanced Unity Supply,Small Business,Office Supplies,Stapler Heavy Duty,29.99,11.0,14,419.86,154.0,265.86,0,Rachel Scott
SO-11127,2022-06-26,2022-07-03,In-Store,WARE-NBV1002,Southeast,District of Columbia,Washington,Advanced Pioneer Co,Small Business,Clothing,Holiday Sweater,69.99,28.0,21,1322.79,588.0,734.79,10,David Park
SO-11128,2023-08-19,2023-08-25,Online,WARE-ATL5509,Midwest,Missouri,Independence,Metro National Supply,Retail,Clothing,Polo Shirt,44.99,18.0,5,224.95,90.0,134.95,0,David Park
SO-11129,2022-08-26,2022-08-30,Online,WARE-UHY1004,Southwest,Nevada,Las Vegas,Unity Core Commerce,Government,Office Supplies,Calligraphy Set,39.99,15.0,6,239.94,90.0,149.94,0,Kevin Williams
SO-11130,2022-09-25,2022-09-30,In-Store,WARE-UHY1004,Northeast,Rhode Island,East Providence,Metro Central Enterprises,Small Business,Electronics,GPU Card,999.99,620.0,11,10999.89,6820.0,4179.89,0,Sarah Mitchell
SO-11131,2023-03-09,2023-03-12,Distributor,WARE-PJW3508,Southeast,Virginia,Newport News,Digital Premier Retail,Corporate,Clothing,Polo Shirt,44.99,18.0,18,769.32,324.0,445.32,5,James Carter
SO-11132,2022-11-27,2022-12-03,In-Store,WARE-MCD2201,Northeast,New York,New York City,Pacific Pacific Supply,Corporate,Electronics,iPad Pro,1099.99,680.0,13,12154.87,8840.0,3314.87,15,Amanda Torres
SO-11133,2024-02-06,2024-02-12,Online,WARE-ATL5509,Southeast,District of Columbia,Washington,Pioneer Coastal Retail,Enterprise,Electronics,Smartband,199.99,88.0,1,189.99,88.0,101.99,5,Michael Brown
SO-11134,2023-11-16,2023-11-20,Distributor,WARE-ATL5509,Midwest,Michigan,Detroit,Pacific Summit Corp,Government,Office Supplies,Copier Machine,1299.99,680.0,33,37751.67,22440.0,15311.67,12,James Carter
SO-11135,2023-03-22,2023-03-24,Distributor,WARE-UHY1004,Midwest,Missouri,Columbia,Metro Global Retail,Retail,Electronics,Conference Camera,449.99,210.0,15,5737.35,3150.0,2587.35,15,Lisa Chen
SO-11136,2023-06-13,2023-06-18,In-Store,WARE-MCD2201,Southwest,Wyoming,Cheyenne,Coastal Bright LLC,Small Business,Furniture,Adjustable Monitor Stand,129.99,58.0,10,1195.9,580.0,615.9,8,Michael Brown
SO-11137,2022-02-20,2022-02-24,Online,WARE-ATL5509,Southeast,Virginia,Chesapeake,Bright Coastal Supply,Corporate,Furniture,Hallway Table,279.99,132.0,12,3359.88,1584.0,1775.88,0,Amanda Torres
SO-11138,2023-09-09,2023-09-14,In-Store,WARE-UHY1004,Northeast,Vermont,South Burlington,Global Core Retail,Corporate,Office Supplies,Stapler Heavy Duty,29.99,11.0,18,512.82,198.0,314.82,5,James Carter
SO-11139,2023-06-26,2023-07-03,Distributor,WARE-UHY1004,Midwest,Illinois,Chicago,Global Advanced Retail,Government,Clothing,Rain Jacket,99.99,42.0,5,439.95,210.0,229.95,12,Amanda Torres
SO-11140,2024-01-06,2024-01-11,In-Store,WARE-NBV1002,West,Colorado,Lakewood,Coastal Advanced Group,Small Business,Office Supplies,Electric Stapler,49.99,19.0,7,349.93,133.0,216.93,0,David Park
SO-11141,2023-08-09,2023-08-15,Online,WARE-UHY1004,Southeast,District of Columbia,Washington,Central Sterling Corp,Retail,Office Supplies,Card Reader,39.99,15.0,22,835.78,330.0,505.78,5,Robert Adams
SO-11142,2022-11-14,2022-11-17,Wholesale,WARE-UHY1004,Midwest,Kansas,Olathe,Coastal Sterling Retail,Enterprise,Office Supplies,Label Printer,179.99,82.0,19,3419.81,1558.0,1861.81,0,Lisa Chen
SO-11143,2024-01-09,2024-01-13,Online,WARE-NBV1002,Midwest,Illinois,Springfield,Sterling Elite Supply,Retail,Clothing,Sports Jacket,109.99,46.0,12,1319.88,552.0,767.88,0,David Park
SO-11144,2023-08-13,2023-08-18,In-Store,WARE-ATL5509,Midwest,Missouri,Springfield,National Atlantic Solutions,Government,Furniture,Partition Wall,349.99,168.0,18,6299.82,3024.0,3275.82,0,Kevin Williams
SO-11145,2023-09-17,2023-09-23,Online,WARE-PJW3508,South,Louisiana,Shreveport,Metro Sterling Retail,Small Business,Office Supplies,Tape Dispenser,24.99,9.0,2,47.48,18.0,29.48,5,Emily Johnson
SO-11146,2022-09-21,2022-09-28,Online,WARE-NBV1002,South,Tennessee,Knoxville,Coastal National Corp,Corporate,Office Supplies,Card Reader,39.99,15.0,11,439.89,165.0,274.89,0,Rachel Scott
SO-11147,2022-02-19,2022-02-23,In-Store,WARE-MCD2201,West,Idaho,Idaho Falls,Elite Horizon Group,Enterprise,Electronics,Wireless Router,199.99,85.0,7,1399.93,595.0,804.93,0,Emily Johnson
SO-11148,2024-02-08,2024-02-13,Wholesale,WARE-ATL5509,Northeast,Vermont,Burlington,Coastal Atlantic Enterprises,Government,Electronics,iPad Pro,1099.99,680.0,17,17764.83,11560.0,6204.83,5,James Carter
SO-11149,2023-08-24,2023-08-28,Online,WARE-UHY1004,Northeast,Connecticut,New Haven,Atlantic Swift Corp,Retail,Electronics,Laptop Pro 13,1099.99,650.0,5,5059.95,3250.0,1809.95,8,Lisa Chen
SO-11150,2022-05-03,2022-05-13,Distributor,WARE-UHY1004,West,New Mexico,Rio Rancho,Elite Coastal Solutions,Corporate,Furniture,Bar Cart,299.99,140.0,14,3569.86,1960.0,1609.86,15,Sarah Mitchell
SO-11151,2023-10-17,2023-10-20,Wholesale,WARE-PJW3508,Midwest,Nebraska,Omaha,National National Trading,Corporate,Electronics,USB Microphone,179.99,78.0,10,1709.9,780.0,929.9,5,Rachel Scott
SO-11152,2022-06-11,2022-06-17,Wholesale,WARE-PJW3508,South,Mississippi,Gulfport,Summit Pacific Group,Enterprise,Office Supplies,Letter Opener,14.99,5.0,8,105.52,40.0,65.52,12,Lisa Chen
SO-11153,2023-12-14,2023-12-17,Online,WARE-PJW3508,West,Washington,Seattle,Central Metro Solutions,Small Business,Furniture,Conference Table,999.99,520.0,21,18479.79,10920.0,7559.79,12,Amanda Torres
SO-11154,2023-12-12,2023-12-15,In-Store,WARE-NBV1002,West,Utah,West Jordan,Central Global Inc,Government,Electronics,USB Microphone,179.99,78.0,9,1619.91,702.0,917.91,0,Emily Johnson
SO-11155,2023-01-31,2023-02-06,In-Store,WARE-UHY1004,Midwest,Missouri,Columbia,Pioneer Elite LLC,Enterprise,Electronics,Laptop Pro 13,1099.99,650.0,5,5499.95,3250.0,2249.95,0,Lisa Chen
SO-11156,2023-08-09,2023-08-14,In-Store,WARE-ATL5509,Midwest,Illinois,Joliet,Central Swift Retail,Small Business,Office Supplies,Stapler Heavy Duty,29.99,11.0,5,134.95,55.0,79.95,10,Kevin Williams
SO-11157,2022-11-08,2022-11-14,In-Store,WARE-MCD2201,Midwest,Wisconsin,Milwaukee,Elite Pioneer Co,Government,Electronics,Gaming PC,2499.99,1450.0,3,6749.97,4350.0,2399.97,10,Kevin Williams
SO-11158,2023-10-23,2023-10-29,Distributor,WARE-MCD2201,South,Mississippi,Jackson,Metro Atlantic Retail,Corporate,Office Supplies,Whiteboard,159.99,72.0,12,1919.88,864.0,1055.88,0,Rachel Scott
SO-11159,2022-10-20,2022-10-30,Wholesale,WARE-ATL5509,Northeast,New Hampshire,Concord,Advanced Bright Corp,Government,Electronics,Server Unit,4999.99,2800.0,6,26999.94,16800.0,10199.94,10,Rachel Scott
SO-11160,2022-10-31,2022-11-06,Distributor,WARE-UHY1004,Southwest,Alaska,Ketchikan,Digital Pacific Commerce,Government,Clothing,Swimwear,49.99,19.0,18,764.82,342.0,422.82,15,Lisa Chen
SO-11161,2022-12-05,2022-12-09,In-Store,WARE-UHY1004,Southeast,West Virginia,Wheeling,Sterling Bright Distributors,Small Business,Office Supplies,Document Scanner,299.99,145.0,9,2375.91,1305.0,1070.91,12,Sarah Mitchell
SO-11162,2023-02-18,2023-02-28,Online,WARE-ATL5509,South,Tennessee,Knoxville,Central Core Supply,Retail,Office Supplies,Stapler Heavy Duty,29.99,11.0,18,539.82,198.0,341.82,0,Robert Adams
SO-11163,2023-10-20,2023-10-24,In-Store,WARE-ATL5509,West,Washington,Bellevue,Sterling Swift Supply,Government,Clothing,Business Casual Shirt,59.99,22.0,15,872.85,330.0,542.85,3,Emily Johnson
SO-11164,2022-05-22,2022-05-28,Online,WARE-UHY1004,Midwest,Nebraska,Bellevue,Global Apex Trading,Government,Office Supplies,Card Reader,39.99,15.0,18,683.82,270.0,413.82,5,Rachel Scott
SO-11165,2023-08-28,2023-09-02,Wholesale,WARE-ATL5509,West,Nevada,Las Vegas,Central Advanced LLC,Retail,Office Supplies,Electric Stapler,49.99,19.0,13,649.87,247.0,402.87,0,Lisa Chen
SO-11166,2023-05-09,2023-05-12,Distributor,WARE-NBV1002,West,Washington,Spokane,Elite Unity Solutions,Enterprise,Electronics,Wi-Fi Mesh System,399.99,190.0,14,5599.86,2660.0,2939.86,0,Emily Johnson
SO-11167,2023-08-25,2023-09-01,Wholesale,WARE-UHY1004,Midwest,Missouri,Independence,Metro Global Corp,Corporate,Office Supplies,Whiteboard,159.99,72.0,11,1671.89,792.0,879.89,5,James Carter
SO-11168,2022-03-06,2022-03-09,Online,WARE-UHY1004,Southwest,Alaska,Ketchikan,Unity Elite LLC,Government,Clothing,Velvet Blazer,179.99,80.0,2,331.18,160.0,171.18,8,Lisa Chen
SO-11169,2022-02-27,2022-03-02,Wholesale,WARE-MCD2201,Northeast,New York,New York City,Pacific Pioneer Inc,Small Business,Clothing,Linen Shirt,54.99,21.0,9,420.66,189.0,231.66,15,Kevin Williams
SO-11170,2022-05-28,2022-06-03,Wholesale,WARE-MCD2201,South,South Carolina,Spartanburg,Advanced Advanced Inc,Retail,Clothing,Board Shorts,54.99,21.0,2,106.68,42.0,64.68,3,Rachel Scott
SO-11171,2023-04-05,2023-04-11,Distributor,WARE-NBV1002,Midwest,Missouri,St. Louis,Summit Core Corp,Government,Electronics,Digital Whiteboard,1999.99,1100.0,5,9199.95,5500.0,3699.95,8,Sarah Mitchell
SO-11172,2022-06-14,2022-06-20,Wholesale,WARE-ATL5509,Southwest,Hawaii,Kapolei,Pacific Advanced Inc,Government,Clothing,Formal Jacket,129.99,55.0,20,2209.8,1100.0,1109.8,15,Michael Brown
SO-11173,2022-08-26,2022-09-05,Distributor,WARE-MCD2201,Northeast,Pennsylvania,Pittsburgh,Apex Premier Group,Corporate,Office Supplies,Tape Dispenser,24.99,9.0,4,94.96,36.0,58.96,5,Amanda Torres
SO-11174,2022-06-18,2022-06-21,In-Store,WARE-MCD2201,Southeast,North Carolina,Durham,Global Coastal LLC,Small Business,Electronics,Tablet Pro,899.99,450.0,5,4499.95,2250.0,2249.95,0,Kevin Williams
SO-11175,2023-07-14,2023-07-28,Wholesale,WARE-NBV1002,Southwest,Wyoming,Casper,Atlantic Elite Group,Government,Clothing,Athleisure Set,119.99,50.0,20,2207.8,1000.0,1207.8,8,Michael Brown
SO-11176,2022-06-22,2022-06-26,Online,WARE-NBV1002,Midwest,Wisconsin,Racine,Coastal Sterling Commerce,Retail,Electronics,Bloomberg Terminal,5999.99,3800.0,20,119999.8,76000.0,43999.8,0,Michael Brown
SO-11177,2023-11-30,2023-12-07,In-Store,WARE-MCD2201,Midwest,Illinois,Springfield,Horizon Swift LLC,Retail,Clothing,Denim Jacket,89.99,38.0,19,1573.01,722.0,851.01,8,Kevin Williams
SO-11178,2023-10-17,2023-10-24,In-Store,WARE-PJW3508,South,Georgia,Atlanta,Swift Premier LLC,Government,Electronics,AirPods Pro,249.99,135.0,3,637.47,405.0,232.47,15,David Park
SO-11179,2023-05-19,2023-05-23,Online,WARE-ATL5509,South,South Carolina,Rock Hill,National Swift Group,Small Business,Furniture,Adjustable Monitor Stand,129.99,58.0,15,1793.85,870.0,923.85,8,Kevin Williams
SO-11180,2022-08-23,2022-08-29,Wholesale,WARE-MCD2201,Southwest,Wyoming,Gillette,Horizon Bright Commerce,Corporate,Electronics,VR Headset,599.99,280.0,20,11999.8,5600.0,6399.8,0,Amanda Torres
SO-11181,2023-02-19,2023-02-25,Wholesale,WARE-ATL5509,West,California,Long Beach,Global Apex Inc,Small Business,Clothing,Sports Jacket,109.99,46.0,17,1869.83,782.0,1087.83,0,Sarah Mitchell
SO-11182,2022-12-24,2022-12-30,Distributor,WARE-ATL5509,Southwest,Nevada,Henderson,Coastal Apex Inc,Retail,Office Supplies,Ink Tank Printer,399.99,195.0,23,9199.77,4485.0,4714.77,0,Sarah Mitchell
SO-11183,2022-03-16,2022-03-22,Distributor,WARE-ATL5509,Southwest,Colorado,Fort Collins,Pacific Bright Corp,Retail,Office Supplies,Letter Opener,14.99,5.0,17,254.83,85.0,169.83,0,Amanda Torres
SO-11184,2023-03-17,2023-03-21,Online,WARE-PJW3508,Southeast,North Carolina,Winston-Salem,Global Premier Corp,Corporate,Furniture,Lounge Chair,399.99,195.0,18,6335.82,3510.0,2825.82,12,Rachel Scott
SO-11185,2023-09-05,2023-09-10,Distributor,WARE-ATL5509,Southwest,Utah,Orem,Summit Sterling Distributors,Government,Clothing,Suit Set,299.99,135.0,9,2564.91,1215.0,1349.91,5,Kevin Williams
SO-11186,2023-04-08,2023-04-13,In-Store,WARE-UHY1004,Southwest,Arizona,Phoenix,Digital Pacific Solutions,Government,Furniture,Reception Desk,849.99,430.0,18,15299.82,7740.0,7559.82,0,David Park
SO-11187,2024-02-27,2024-02-29,Online,WARE-ATL5509,West,Utah,West Jordan,Digital Advanced Trading,Corporate,Office Supplies,Calligraphy Set,39.99,15.0,6,203.94,90.0,113.94,15,Amanda Torres
SO-11188,2023-07-09,2023-07-16,In-Store,WARE-UHY1004,West,Montana,Helena,Central Unity Enterprises,Enterprise,Clothing,Velvet Blazer,179.99,80.0,6,917.94,480.0,437.94,15,Kevin Williams
SO-11189,2023-06-29,2023-07-05,In-Store,WARE-PJW3508,Southeast,Virginia,Richmond,Coastal Premier Retail,Corporate,Electronics,Kindle Paperwhite,139.99,62.0,12,1679.88,744.0,935.88,0,Michael Brown
SO-11190,2023-09-27,2023-10-03,Online,WARE-UHY1004,Northeast,Rhode Island,Pawtucket,Metro Global Retail,Enterprise,Clothing,Suit Set,299.99,135.0,11,2804.89,1485.0,1319.89,15,Kevin Williams
SO-11191,2022-07-06,2022-07-11,Distributor,WARE-ATL5509,South,Alabama,Montgomery,Coastal Elite Corp,Enterprise,Furniture,Ergonomic Chair Pro,449.99,218.0,18,6884.82,3924.0,2960.82,15,Robert Adams
SO-11192,2022-08-16,2022-08-21,In-Store,WARE-PJW3508,Southwest,Utah,West Valley City,Atlantic Pioneer Trading,Corporate,Furniture,Bookshelf,249.99,110.0,8,1699.92,880.0,819.92,15,Lisa Chen
SO-11193,2022-12-18,2022-12-22,In-Store,WARE-UHY1004,South,Oklahoma,Norman,Premier Coastal Distributors,Enterprise,Clothing,Chinos,74.99,30.0,27,1720.98,810.0,910.98,15,Kevin Williams
SO-11194,2023-06-01,2023-06-06,Wholesale,WARE-ATL5509,Southeast,Kentucky,Bowling Green,Apex Apex Inc,Enterprise,Electronics,Gaming Console,499.99,250.0,5,2299.95,1250.0,1049.95,8,David Park
SO-11195,2024-03-02,2024-03-09,Online,WARE-ATL5509,Southeast,Maryland,Baltimore,Global Elite Co,Government,Furniture,Credenza,649.99,320.0,10,6304.9,3200.0,3104.9,3,Sarah Mitchell
SO-11196,2022-02-18,2022-02-23,Online,WARE-NBV1002,Northeast,Maine,Auburn,Bright National Co,Enterprise,Clothing,Chinos,74.99,30.0,7,498.68,210.0,288.68,5,Emily Johnson
SO-11197,2023-04-10,2023-04-14,In-Store,WARE-PJW3508,West,Arizona,Phoenix,Elite Atlantic Group,Government,Furniture,Mesh Chair,319.99,155.0,4,1215.96,620.0,595.96,5,Emily Johnson
SO-11198,2024-03-28,2024-04-02,Distributor,WARE-UHY1004,West,New Mexico,Roswell,Metro Global Distributors,Corporate,Electronics,Gaming PC,2499.99,1450.0,14,33249.86,20300.0,12949.86,5,Michael Brown
SO-11199,2023-01-28,2023-02-07,Online,WARE-ATL5509,Northeast,New York,Albany,Bright Unity Enterprises,Small Business,Office Supplies,Tape Dispenser,24.99,9.0,17,424.83,153.0,271.83,0,Amanda Torres
SO-11200,2023-06-11,2023-06-16,Distributor,WARE-ATL5509,Northeast,New Jersey,Paterson,Coastal Premier Corp,Retail,Office Supplies,Whiteboard,159.99,72.0,18,2735.82,1296.0,1439.82,5,David Park
SO-11201,2023-07-06,2023-07-10,Distributor,WARE-ATL5509,Northeast,Rhode Island,East Providence,Summit Horizon Supply,Enterprise,Clothing,Golf Polo,64.99,26.0,16,1039.84,416.0,623.84,0,Michael Brown
SO-11202,2024-03-26,2024-04-01,In-Store,WARE-PJW3508,Southeast,District of Columbia,Washington,Sterling Premier Commerce,Government,Clothing,Turtleneck,59.99,24.0,11,560.89,264.0,296.89,15,Sarah Mitchell
SO-11203,2022-01-07,2022-01-09,In-Store,WARE-NBV1002,Northeast,Vermont,Rutland,Apex National Distributors,Small Business,Electronics,Smart Monitor 27,599.99,290.0,2,1139.98,580.0,559.98,5,Robert Adams
SO-11204,2022-08-02,2022-08-06,Wholesale,WARE-ATL5509,Southwest,Arizona,Mesa,Metro Unity Group,Small Business,Furniture,Executive Desk,1199.99,620.0,2,2159.98,1240.0,919.98,10,Sarah Mitchell
SO-11205,2023-08-24,2023-09-07,In-Store,WARE-MCD2201,Midwest,Wisconsin,Green Bay,Summit Horizon Supply,Retail,Clothing,Velvet Blazer,179.99,80.0,21,3401.79,1680.0,1721.79,10,Amanda Torres
SO-11206,2022-01-07,2022-01-12,In-Store,WARE-NBV1002,Southwest,Colorado,Fort Collins,Premier Apex Co,Government,Office Supplies,Letter Opener,14.99,5.0,5,65.95,25.0,40.95,12,Emily Johnson
SO-11207,2022-03-06,2022-03-10,Online,WARE-NBV1002,South,Oklahoma,Oklahoma City,Global Sterling Distributors,Retail,Office Supplies,Filing Cabinet,199.99,95.0,5,999.95,475.0,524.95,0,James Carter
SO-11208,2023-05-17,2023-05-21,In-Store,WARE-MCD2201,Northeast,New Hampshire,Nashua,Digital Apex Inc,Retail,Clothing,Rain Jacket,99.99,42.0,6,527.94,252.0,275.94,12,Kevin Williams
SO-11209,2022-12-25,2022-12-30,Distributor,WARE-MCD2201,Southwest,Arizona,Chandler,Apex Swift Retail,Small Business,Office Supplies,Projector,699.99,340.0,33,21944.67,11220.0,10724.67,5,David Park
SO-11210,2023-09-26,2023-10-01,Online,WARE-MCD2201,South,South Carolina,Columbia,Coastal Swift Group,Corporate,Furniture,Glass Desk,799.99,400.0,3,2159.97,1200.0,959.97,10,Kevin Williams
SO-11211,2022-03-06,2022-03-12,In-Store,WARE-NBV1002,South,Arkansas,Little Rock,Digital Elite Distributors,Enterprise,Clothing,Chinos,74.99,30.0,15,1091.1,450.0,641.1,3,Robert Adams
SO-11212,2023-02-26,2023-03-08,Distributor,WARE-UHY1004,South,Georgia,Macon,Pioneer Bright LLC,Government,Office Supplies,Letter Opener,14.99,5.0,6,82.74,30.0,52.74,8,Kevin Williams
SO-11213,2023-01-08,2023-01-14,Distributor,WARE-PJW3508,South,Tennessee,Memphis,Elite Pioneer Commerce,Retail,Furniture,Accent Table,199.99,92.0,8,1407.92,736.0,671.92,12,Sarah Mitchell
SO-11214,2023-02-07,2023-02-11,Distributor,WARE-ATL5509,West,New Mexico,Santa Fe,Bright Pioneer Co,Retail,Office Supplies,Projector,699.99,340.0,10,6999.9,3400.0,3599.9,0,Rachel Scott
SO-11215,2023-08-20,2023-08-22,In-Store,WARE-NBV1002,Southwest,Arizona,Tucson,Premier Digital LLC,Enterprise,Clothing,Country Boots,119.99,52.0,16,1631.84,832.0,799.84,15,Emily Johnson
SO-11216,2022-04-26,2022-05-01,In-Store,WARE-UHY1004,Southwest,Hawaii,Kaneohe,Summit Bright Commerce,Small Business,Clothing,Suit Set,299.99,135.0,7,1994.93,945.0,1049.93,5,James Carter
SO-11217,2024-01-17,2024-01-22,Wholesale,WARE-ATL5509,Southwest,Arizona,Tucson,Metro Metro Co,Retail,Furniture,Bookshelf,249.99,110.0,2,499.98,220.0,279.98,0,Kevin Williams
SO-11218,2023-12-02,2023-12-08,In-Store,WARE-ATL5509,Southeast,Delaware,Smyrna,Unity Apex Corp,Retail,Clothing,Turtleneck,59.99,24.0,16,911.84,384.0,527.84,5,James Carter
SO-11219,2022-08-30,2022-09-05,Wholesale,WARE-NBV1002,Northeast,Pennsylvania,Philadelphia,Bright Pioneer LLC,Enterprise,Furniture,Mesh Chair,319.99,155.0,14,3807.86,2170.0,1637.86,15,Robert Adams
SO-11220,2023-10-21,2023-10-27,Distributor,WARE-UHY1004,South,South Carolina,Columbia,Apex Global LLC,Retail,Electronics,Wireless Headphones,249.99,99.0,6,1274.94,594.0,680.94,15,Michael Brown
SO-11221,2023-08-14,2023-08-28,Online,WARE-ATL5509,Southwest,Utah,Salt Lake City,Elite Bright Enterprises,Corporate,Office Supplies,Ergonomic Chair,349.99,175.0,15,5249.85,2625.0,2624.85,0,Robert Adams
SO-11222,2022-06-05,2022-06-09,In-Store,WARE-NBV1002,West,California,Stockton,Digital Central Enterprises,Corporate,Office Supplies,Letter Opener,14.99,5.0,5,74.95,25.0,49.95,0,Rachel Scott
SO-11223,2023-02-17,2023-02-20,Online,WARE-MCD2201,Southwest,Arizona,Phoenix,Metro Atlantic Distributors,Small Business,Electronics,Action Camera,349.99,170.0,4,1399.96,680.0,719.96,0,Lisa Chen
SO-11224,2024-02-04,2024-02-06,Distributor,WARE-UHY1004,Southwest,Hawaii,Hilo,Elite Central Trading,Government,Office Supplies,Copier Machine,1299.99,680.0,7,7734.93,4760.0,2974.93,15,James Carter
SO-11225,2022-04-17,2022-04-23,Distributor,WARE-NBV1002,Southwest,Nevada,North Las Vegas,Premier Atlantic LLC,Government,Furniture,Partition Wall,349.99,168.0,5,1662.45,840.0,822.45,5,David Park
SO-11226,2023-11-12,2023-11-26,In-Store,WARE-NBV1002,Southwest,Nevada,Reno,Core Sterling Trading,Government,Electronics,NAS Storage,899.99,450.0,23,20699.77,10350.0,10349.77,0,Emily Johnson
SO-11227,2024-01-30,2024-02-06,In-Store,WARE-ATL5509,Southwest,Wyoming,Laramie,Bright Core Solutions,Retail,Clothing,Polo Shirt,44.99,18.0,1,43.64,18.0,25.64,3,James Carter
SO-11228,2022-10-10,2022-10-15,Distributor,WARE-MCD2201,Northeast,Pennsylvania,Erie,Swift Pioneer Commerce,Enterprise,Electronics,Wireless Headphones,249.99,99.0,7,1662.43,693.0,969.43,5,Robert Adams
SO-11229,2024-03-08,2024-03-10,Distributor,WARE-ATL5509,South,Texas,Fort Worth,Metro Central LLC,Small Business,Electronics,Webcam HD,99.99,42.0,5,449.95,210.0,239.95,10,Amanda Torres
SO-11230,2022-06-20,2022-06-26,Online,WARE-MCD2201,South,Oklahoma,Broken Arrow,Pacific Central Trading,Small Business,Furniture,Conference Table,999.99,520.0,21,18899.79,10920.0,7979.79,10,Robert Adams
SO-11231,2022-11-24,2022-12-04,Distributor,WARE-NBV1002,South,Louisiana,Lake Charles,Global National Supply,Small Business,Electronics,VR Headset,599.99,280.0,19,11399.81,5320.0,6079.81,0,James Carter
SO-11232,2023-05-24,2023-05-29,Wholesale,WARE-ATL5509,Northeast,New York,Syracuse,Core Pacific Solutions,Enterprise,Furniture,Bookshelf,249.99,110.0,15,3562.35,1650.0,1912.35,5,Lisa Chen
SO-11233,2023-05-07,2023-05-10,Online,WARE-NBV1002,Midwest,Missouri,St. Louis,Digital Central Inc,Government,Office Supplies,Flip Chart,69.99,29.0,4,265.96,116.0,149.96,5,James Carter
SO-11234,2022-01-28,2022-02-02,Online,WARE-MCD2201,Northeast,New Hampshire,Manchester,Digital Coastal Co,Small Business,Electronics,Tablet Pro,899.99,450.0,14,12599.86,6300.0,6299.86,0,David Park
SO-11235,2022-04-10,2022-04-15,Online,WARE-PJW3508,Southeast,North Carolina,Winston-Salem,Bright Global Supply,Corporate,Electronics,USB Microphone,179.99,78.0,12,2159.88,936.0,1223.88,0,Amanda Torres
SO-11236,2023-04-09,2023-04-13,Online,WARE-PJW3508,Northeast,Pennsylvania,Reading,National Pioneer LLC,Enterprise,Electronics,Smart Display,349.99,165.0,4,1259.96,660.0,599.96,10,Kevin Williams
SO-11237,2022-06-29,2022-07-05,In-Store,WARE-PJW3508,Midwest,Iowa,Davenport,Global Bright Trading,Government,Office Supplies,Electric Stapler,49.99,19.0,5,249.95,95.0,154.95,0,Kevin Williams
SO-11238,2023-03-16,2023-03-21,Distributor,WARE-UHY1004,Southwest,Wyoming,Gillette,Atlantic Swift Inc,Small Business,Clothing,Sun Hat,34.99,13.0,9,305.46,117.0,188.46,3,Rachel Scott
SO-11239,2023-02-08,2023-02-15,In-Store,WARE-UHY1004,West,Oregon,Gresham,Apex Bright LLC,Retail,Furniture,Storage Cabinet,449.99,215.0,14,6299.86,3010.0,3289.86,0,James Carter
SO-11240,2023-03-12,2023-03-16,Online,WARE-NBV1002,Northeast,New York,Albany,Bright Global LLC,Retail,Clothing,Holiday Sweater,69.99,28.0,4,265.96,112.0,153.96,5,Rachel Scott
SO-11241,2022-01-21,2022-01-26,Distributor,WARE-ATL5509,West,New Mexico,Albuquerque,Swift Pacific Supply,Corporate,Furniture,Conference Table,999.99,520.0,9,7919.91,4680.0,3239.91,12,Lisa Chen
SO-11242,2022-09-19,2022-09-21,Wholesale,WARE-ATL5509,South,Florida,Clearwater,Sterling Core Enterprises,Government,Office Supplies,Printer Cartridges,89.99,32.0,17,1300.33,544.0,756.33,15,Amanda Torres
SO-11243,2023-08-28,2023-09-03,Distributor,WARE-NBV1002,Southwest,Utah,Salt Lake City,Coastal Core Commerce,Retail,Office Supplies,Tape Dispenser,24.99,9.0,16,367.84,144.0,223.84,8,David Park
SO-11244,2022-02-20,2022-02-25,Distributor,WARE-MCD2201,Northeast,Connecticut,New Haven,National National Corp,Small Business,Clothing,Winter Coat,149.99,65.0,16,2279.84,1040.0,1239.84,5,Emily Johnson
SO-11245,2023-04-02,2023-04-05,In-Store,WARE-NBV1002,Southwest,Colorado,Lakewood,Premier Central Retail,Small Business,Electronics,Portable Charger,79.99,34.0,1,75.99,34.0,41.99,5,Amanda Torres
SO-11246,2022-04-02,2022-04-05,Online,WARE-UHY1004,Northeast,New Hampshire,Derry,Global Advanced LLC,Enterprise,Office Supplies,Label Printer,179.99,82.0,14,2519.86,1148.0,1371.86,0,Rachel Scott
SO-11247,2022-04-25,2022-05-09,Distributor,WARE-ATL5509,Southeast,Delaware,Smyrna,Swift Unity Retail,Corporate,Clothing,Casual Pants,69.99,28.0,3,209.97,84.0,125.97,0,Sarah Mitchell
SO-11248,2022-05-22,2022-05-28,In-Store,WARE-ATL5509,Southeast,West Virginia,Morgantown,Apex Unity Commerce,Retail,Furniture,Laptop Cart,299.99,145.0,6,1619.94,870.0,749.94,10,Kevin Williams
SO-11249,2022-01-27,2022-02-01,Online,WARE-UHY1004,Midwest,Iowa,Des Moines,Horizon Pioneer Enterprises,Small Business,Office Supplies,Printer Cartridges,89.99,32.0,9,745.11,288.0,457.11,8,David Park
SO-11250,2024-02-22,2024-03-03,In-Store,WARE-ATL5509,Southeast,North Carolina,Greensboro,Horizon Bright Co,Retail,Clothing,Polo Shirt,44.99,18.0,3,118.77,54.0,64.77,12,Kevin Williams
SO-11251,2023-11-18,2023-11-24,Distributor,WARE-UHY1004,Southeast,Virginia,Richmond,Advanced Metro Distributors,Corporate,Clothing,Running Shoes,89.99,38.0,33,2969.67,1254.0,1715.67,0,Michael Brown
SO-11252,2022-02-15,2022-02-22,In-Store,WARE-PJW3508,Northeast,Vermont,Burlington,Premier Horizon Co,Retail,Furniture,Storage Cabinet,449.99,215.0,16,6983.84,3440.0,3543.84,3,Lisa Chen
SO-11253,2022-10-27,2022-11-03,Wholesale,WARE-ATL5509,Northeast,Maine,Auburn,Sterling Core Trading,Small Business,Clothing,Chinos,74.99,30.0,2,137.98,60.0,77.98,8,Michael Brown
SO-11254,2023-06-08,2023-06-12,Distributor,WARE-NBV1002,Southeast,West Virginia,Charleston,Global Summit Commerce,Retail,Furniture,Lateral File Cabinet,399.99,192.0,11,3959.89,2112.0,1847.89,10,Robert Adams
SO-11255,2023-02-21,2023-02-26,In-Store,WARE-PJW3508,South,Alabama,Tuscaloosa,Global Unity Distributors,Government,Office Supplies,Ink Tank Printer,399.99,195.0,9,3599.91,1755.0,1844.91,0,David Park
SO-11256,2022-05-21,2022-05-26,Online,WARE-MCD2201,Southeast,District of Columbia,Washington,Unity Digital Distributors,Corporate,Electronics,Smart Home Hub,299.99,140.0,9,2699.91,1260.0,1439.91,0,Rachel Scott
SO-11257,2022-04-26,2022-05-01,Wholesale,WARE-NBV1002,Northeast,Massachusetts,Springfield,Premier Elite Supply,Small Business,Electronics,Tablet Pro,899.99,450.0,8,6119.92,3600.0,2519.92,15,Emily Johnson
SO-11258,2022-09-12,2022-09-22,Wholesale,WARE-PJW3508,West,Utah,Salt Lake City,Swift Unity LLC,Corporate,Furniture,Work Bench,549.99,270.0,2,1044.98,540.0,504.98,5,Robert Adams
SO-11259,2022-09-26,2022-10-02,Distributor,WARE-PJW3508,Midwest,Wisconsin,Green Bay,Pioneer Metro Group,Corporate,Clothing,Casual Pants,69.99,28.0,4,257.56,112.0,145.56,8,Rachel Scott
SO-11260,2023-05-11,2023-05-17,Online,WARE-ATL5509,West,Utah,Salt Lake City,Advanced Core Commerce,Government,Clothing,Suit Set,299.99,135.0,3,899.97,405.0,494.97,0,James Carter
SO-11261,2022-10-06,2022-10-11,Distributor,WARE-ATL5509,West,New Mexico,Roswell,Unity Atlantic Group,Small Business,Office Supplies,Label Printer,179.99,82.0,3,496.77,246.0,250.77,8,David Park
SO-11262,2023-11-11,2023-11-17,Wholesale,WARE-PJW3508,Southwest,Alaska,Juneau,Coastal Core Commerce,Government,Clothing,Country Boots,119.99,52.0,18,1835.82,936.0,899.82,15,David Park
SO-11263,2023-08-26,2023-09-09,In-Store,WARE-ATL5509,Southeast,Maryland,Baltimore,Atlantic Atlantic Distributors,Small Business,Furniture,Office Chair,299.99,145.0,10,2999.9,1450.0,1549.9,0,James Carter
SO-11264,2023-01-26,2023-01-31,Online,WARE-UHY1004,Southwest,Hawaii,Kailua,Horizon Pacific Trading,Government,Office Supplies,Wireless Keyboard,89.99,38.0,2,179.98,76.0,103.98,0,Kevin Williams
SO-11265,2022-11-18,2022-11-23,Distributor,WARE-PJW3508,Southeast,Kentucky,Owensboro,Atlantic Unity Distributors,Enterprise,Office Supplies,Stapler Heavy Duty,29.99,11.0,18,539.82,198.0,341.82,0,Rachel Scott
SO-11266,2022-01-26,2022-02-02,In-Store,WARE-NBV1002,Northeast,Vermont,Barre,Unity Bright Co,Enterprise,Electronics,MacBook Pro 16,2499.99,1650.0,10,23749.9,16500.0,7249.9,5,David Park
SO-11267,2023-05-25,2023-05-28,Distributor,WARE-PJW3508,West,Arizona,Scottsdale,Advanced Premier Inc,Retail,Clothing,Holiday Sweater,69.99,28.0,14,901.46,392.0,509.46,8,Lisa Chen
SO-11268,2023-04-07,2023-04-13,Online,WARE-MCD2201,West,New Mexico,Rio Rancho,Elite Unity Distributors,Small Business,Electronics,NAS Storage,899.99,450.0,10,8729.9,4500.0,4229.9,3,Emily Johnson
SO-11269,2023-10-11,2023-10-17,Wholesale,WARE-PJW3508,Midwest,Wisconsin,Kenosha,Sterling Metro LLC,Government,Clothing,Casual Pants,69.99,28.0,6,398.94,168.0,230.94,5,Rachel Scott
SO-11270,2023-11-23,2023-11-27,Distributor,WARE-UHY1004,Midwest,Minnesota,Minneapolis,Atlantic Premier Corp,Retail,Electronics,Portable Projector,499.99,245.0,30,14999.7,7350.0,7649.7,0,David Park
SO-11271,2024-02-22,2024-02-28,In-Store,WARE-PJW3508,West,New Mexico,Rio Rancho,Global Atlantic LLC,Corporate,Clothing,Casual Pants,69.99,28.0,11,708.29,308.0,400.29,8,Sarah Mitchell
SO-11272,2022-01-07,2022-01-09,Wholesale,WARE-MCD2201,Midwest,Kansas,Kansas City,Bright Unity Trading,Government,Clothing,Formal Jacket,129.99,55.0,18,2105.82,990.0,1115.82,10,Robert Adams
SO-11273,2024-03-15,2024-03-25,Wholesale,WARE-PJW3508,South,Florida,Tampa,Digital Summit Supply,Small Business,Furniture,Lateral File Cabinet,399.99,192.0,1,379.99,192.0,187.99,5,David Park
SO-11274,2022-07-28,2022-08-01,Distributor,WARE-ATL5509,Northeast,Connecticut,Hartford,Pioneer National Trading,Retail,Office Supplies,Printer Cartridges,89.99,32.0,18,1457.82,576.0,881.82,10,Kevin Williams
SO-11275,2022-06-22,2022-07-06,Online,WARE-ATL5509,Northeast,Maine,Auburn,Premier Sterling Corp,Small Business,Furniture,Accent Table,199.99,92.0,13,2287.87,1196.0,1091.87,12,Kevin Williams
SO-11276,2022-02-02,2022-02-06,In-Store,WARE-UHY1004,Midwest,Wisconsin,Green Bay,Sterling Digital Solutions,Corporate,Furniture,Conference Table,999.99,520.0,14,13299.86,7280.0,6019.86,5,Sarah Mitchell
SO-11277,2024-02-28,2024-03-05,Wholesale,WARE-MCD2201,South,Tennessee,Memphis,Core Pacific Enterprises,Small Business,Clothing,Winter Coat,149.99,65.0,18,2429.82,1170.0,1259.82,10,Emily Johnson
SO-11278,2022-02-01,2022-02-08,In-Store,WARE-NBV1002,Southwest,Colorado,Colorado Springs,Swift Coastal Retail,Retail,Clothing,Chinos,74.99,30.0,7,461.93,210.0,251.93,12,Lisa Chen
SO-11279,2023-09-14,2023-09-24,In-Store,WARE-NBV1002,Southwest,New Mexico,Roswell,Advanced Pioneer Supply,Retail,Electronics,Surface Laptop,1399.99,870.0,13,18199.87,11310.0,6889.87,0,Rachel Scott
SO-11280,2023-10-02,2023-10-06,Online,WARE-ATL5509,South,Alabama,Tuscaloosa,Sterling Global Inc,Corporate,Office Supplies,Flip Chart,69.99,29.0,8,543.12,232.0,311.12,3,David Park
SO-11281,2022-03-10,2022-03-14,Distributor,WARE-PJW3508,West,New Mexico,Roswell,Advanced Advanced Co,Enterprise,Furniture,Partition Wall,349.99,168.0,14,4899.86,2352.0,2547.86,0,David Park
SO-11282,2022-03-09,2022-03-15,Online,WARE-PJW3508,Northeast,New Hampshire,Nashua,Digital Swift LLC,Small Business,Furniture,Floor Lamp,159.99,72.0,16,2483.04,1152.0,1331.04,3,Rachel Scott
SO-11283,2023-06-09,2023-06-16,Wholesale,WARE-ATL5509,Northeast,Connecticut,Waterbury,Core Bright Distributors,Government,Clothing,Linen Shirt,54.99,21.0,10,505.9,210.0,295.9,8,Kevin Williams
SO-11284,2023-05-08,2023-05-15,In-Store,WARE-PJW3508,South,South Carolina,Columbia,Advanced Digital Retail,Retail,Furniture,Office Chair,299.99,145.0,5,1499.95,725.0,774.95,0,Emily Johnson
SO-11285,2022-09-16,2022-09-20,Wholesale,WARE-UHY1004,Northeast,Massachusetts,Lowell,Swift National Distributors,Government,Clothing,Sun Hat,34.99,13.0,6,203.64,78.0,125.64,3,Emily Johnson
SO-11286,2023-10-24,2023-10-29,In-Store,WARE-ATL5509,South,South Carolina,Columbia,Premier Bright Group,Government,Office Supplies,Label Printer,179.99,82.0,18,2980.62,1476.0,1504.62,8,James Carter
SO-11287,2022-02-15,2022-02-17,Online,WARE-ATL5509,Southwest,Utah,West Valley City,Premier Global Inc,Retail,Office Supplies,Label Printer,179.99,82.0,4,698.36,328.0,370.36,3,Amanda Torres
SO-11288,2023-06-05,2023-06-10,Online,WARE-ATL5509,West,Utah,Salt Lake City,Horizon Coastal LLC,Corporate,Electronics,Laptop Pro 13,1099.99,650.0,22,21295.78,14300.0,6995.78,12,Michael Brown
SO-11289,2022-03-05,2022-03-12,Online,WARE-ATL5509,South,Alabama,Mobile,Pioneer National Retail,Government,Electronics,Server Unit,4999.99,2800.0,8,37999.92,22400.0,15599.92,5,James Carter
SO-11290,2022-11-19,2022-11-24,Online,WARE-UHY1004,West,Arizona,Chandler,Pioneer Atlantic Inc,Corporate,Office Supplies,Filing Cabinet,199.99,95.0,22,3739.78,2090.0,1649.78,15,Amanda Torres
SO-11291,2022-12-04,2022-12-09,Online,WARE-MCD2201,West,Oregon,Portland,Pioneer Global Supply,Retail,Furniture,Ergonomic Chair Pro,449.99,218.0,27,12149.73,5886.0,6263.73,0,David Park
SO-11292,2023-10-25,2023-11-04,In-Store,WARE-PJW3508,West,Arizona,Phoenix,Pacific Pacific Supply,Corporate,Electronics,Laptop Pro 15,1299.99,780.0,13,16054.87,10140.0,5914.87,5,Amanda Torres
SO-11293,2023-08-29,2023-09-04,Online,WARE-PJW3508,Southeast,Maryland,Baltimore,Metro Unity Distributors,Government,Clothing,Country Boots,119.99,52.0,10,1079.9,520.0,559.9,10,Emily Johnson
SO-11294,2023-07-22,2023-07-27,In-Store,WARE-MCD2201,West,Utah,Orem,Bright Core Trading,Government,Office Supplies,Heavy Duty Punch,79.99,34.0,6,407.94,204.0,203.94,15,Amanda Torres
SO-11295,2023-07-23,2023-07-30,Wholesale,WARE-ATL5509,Northeast,New Hampshire,Nashua,Atlantic Horizon Commerce,Corporate,Clothing,Linen Pants,64.99,26.0,18,994.32,468.0,526.32,15,Lisa Chen
SO-11296,2023-01-07,2023-01-14,In-Store,WARE-UHY1004,Northeast,Rhode Island,East Providence,Digital Coastal Inc,Corporate,Clothing,Chinos,74.99,30.0,15,956.1,450.0,506.1,15,Sarah Mitchell
SO-11297,2023-06-19,2023-06-24,Online,WARE-ATL5509,South,Mississippi,Biloxi,Coastal Global Co,Corporate,Clothing,Board Shorts,54.99,21.0,20,1099.8,420.0,679.8,0,Rachel Scott
SO-11298,2022-12-10,2022-12-14,Distributor,WARE-NBV1002,Midwest,Michigan,Detroit,Digital Horizon Enterprises,Small Business,Clothing,Turtleneck,59.99,24.0,35,2099.65,840.0,1259.65,0,Amanda Torres
SO-11299,2022-04-09,2022-04-15,Wholesale,WARE-UHY1004,Midwest,Missouri,Independence,Summit Advanced LLC,Retail,Office Supplies,Paper Shredder,129.99,62.0,18,2059.02,1116.0,943.02,12,Michael Brown
SO-11300,2023-06-09,2023-06-12,In-Store,WARE-NBV1002,South,Georgia,Savannah,Advanced Apex Co,Government,Clothing,Fleece Hoodie,74.99,30.0,20,1499.8,600.0,899.8,0,Lisa Chen
SO-11301,2022-11-23,2022-11-29,In-Store,WARE-PJW3508,Southwest,Colorado,Aurora,Global Bright Corp,Retail,Clothing,Formal Jacket,129.99,55.0,30,3899.7,1650.0,2249.7,0,James Carter
SO-11302,2023-02-13,2023-02-23,Wholesale,WARE-UHY1004,Southwest,New Mexico,Albuquerque,Central Advanced Inc,Small Business,Electronics,Smartband,199.99,88.0,8,1519.92,704.0,815.92,5,Robert Adams
SO-11303,2023-09-18,2023-09-25,Wholesale,WARE-ATL5509,Midwest,Iowa,Cedar Rapids,Global Metro LLC,Government,Office Supplies,Calligraphy Set,39.99,15.0,11,417.89,165.0,252.89,5,Robert Adams
SO-11304,2022-05-20,2022-05-23,Online,WARE-NBV1002,South,Louisiana,Lafayette,Apex Global Enterprises,Enterprise,Office Supplies,Paper Shredder,129.99,62.0,14,1601.46,868.0,733.46,12,Kevin Williams
SO-11305,2023-01-16,2023-01-22,In-Store,WARE-MCD2201,Southwest,New Mexico,Albuquerque,Atlantic Pacific Solutions,Corporate,Electronics,NAS Storage,899.99,450.0,1,809.99,450.0,359.99,10,James Carter
SO-11306,2023-08-07,2023-08-11,Distributor,WARE-NBV1002,Southwest,Wyoming,Casper,Digital Pacific Trading,Corporate,Clothing,Formal Jacket,129.99,55.0,6,779.94,330.0,449.94,0,Amanda Torres
SO-11307,2023-12-30,2024-01-05,Wholesale,WARE-MCD2201,Midwest,Ohio,Akron,Summit Bright Commerce,Government,Furniture,Laptop Cart,299.99,145.0,23,6692.77,3335.0,3357.77,3,Kevin Williams
SO-11308,2023-09-02,2023-09-06,Online,WARE-ATL5509,Southeast,Virginia,Richmond,Atlantic Central Supply,Government,Furniture,Glass Desk,799.99,400.0,9,6479.91,3600.0,2879.91,10,Robert Adams
SO-11309,2024-02-29,2024-03-02,Wholesale,WARE-UHY1004,West,Colorado,Aurora,Metro Summit Solutions,Small Business,Electronics,Tablet Pro,899.99,450.0,3,2564.97,1350.0,1214.97,5,Sarah Mitchell
SO-11310,2022-09-20,2022-09-26,Online,WARE-MCD2201,West,Arizona,Tucson,Pioneer Summit Trading,Enterprise,Furniture,Lateral File Cabinet,399.99,192.0,17,6595.83,3264.0,3331.83,3,Kevin Williams
SO-11311,2023-08-26,2023-08-30,In-Store,WARE-ATL5509,West,California,Long Beach,Sterling Swift Commerce,Enterprise,Clothing,Denim Jacket,89.99,38.0,19,1624.31,722.0,902.31,5,Robert Adams
SO-11312,2022-05-22,2022-05-24,Distributor,WARE-NBV1002,Midwest,Minnesota,Duluth,Metro Digital Enterprises,Retail,Furniture,Bookshelf,249.99,110.0,18,4274.82,1980.0,2294.82,5,Lisa Chen
SO-11313,2023-01-08,2023-01-12,Online,WARE-ATL5509,West,Montana,Great Falls,Premier Global Distributors,Enterprise,Furniture,Executive Desk,1199.99,620.0,13,13259.87,8060.0,5199.87,15,Lisa Chen
SO-11314,2022-01-29,2022-02-05,Wholesale,WARE-NBV1002,Northeast,New York,Rochester,Pacific Atlantic Enterprises,Government,Furniture,Adjustable Monitor Stand,129.99,58.0,4,519.96,232.0,287.96,0,James Carter
SO-11315,2023-02-03,2023-02-09,Distributor,WARE-UHY1004,South,Alabama,Montgomery,Premier Global Trading,Enterprise,Clothing,Swimwear,49.99,19.0,2,99.98,38.0,61.98,0,Michael Brown
SO-11316,2023-11-14,2023-11-18,Online,WARE-UHY1004,Southwest,Arizona,Tucson,Bright Apex Inc,Retail,Electronics,iPad Pro,1099.99,680.0,11,11494.89,7480.0,4014.89,5,James Carter
SO-11317,2024-01-07,2024-01-17,Distributor,WARE-NBV1002,Northeast,Rhode Island,Providence,Bright Advanced Enterprises,Retail,Furniture,Modular Sofa,1499.99,750.0,6,8549.94,4500.0,4049.94,5,Michael Brown
SO-11318,2022-07-15,2022-07-20,Distributor,WARE-NBV1002,Northeast,Maine,Portland,Metro Apex Supply,Small Business,Clothing,Sun Hat,34.99,13.0,6,184.74,78.0,106.74,12,Sarah Mitchell
SO-11319,2023-09-29,2023-10-09,Online,WARE-PJW3508,Northeast,New York,Rochester,Elite Bright LLC,Enterprise,Furniture,Hallway Table,279.99,132.0,7,1959.93,924.0,1035.93,0,Robert Adams
SO-11320,2023-09-19,2023-09-22,In-Store,WARE-PJW3508,Northeast,Pennsylvania,Erie,Sterling Core LLC,Government,Electronics,Conference Camera,449.99,210.0,10,3959.9,2100.0,1859.9,12,Rachel Scott
SO-11321,2023-01-18,2023-01-21,Online,WARE-MCD2201,South,Oklahoma,Norman,Coastal Pacific Inc,Retail,Furniture,Lounge Chair,399.99,195.0,11,4179.89,2145.0,2034.89,5,Rachel Scott
SO-11322,2023-03-15,2023-03-18,Distributor,WARE-NBV1002,Southeast,North Carolina,Charlotte,Coastal Digital Enterprises,Small Business,Clothing,Running Shoes,89.99,38.0,18,1425.42,684.0,741.42,12,Amanda Torres
SO-11323,2022-07-18,2022-07-25,Online,WARE-NBV1002,Southeast,Maryland,Frederick,Bright Apex Group,Retail,Office Supplies,Ergonomic Mouse,59.99,24.0,20,1139.8,480.0,659.8,5,Amanda Torres
SO-11324,2022-01-09,2022-01-13,In-Store,WARE-MCD2201,West,Utah,West Valley City,Global Pacific Enterprises,Enterprise,Furniture,Office Chair,299.99,145.0,7,1994.93,1015.0,979.93,5,Michael Brown
SO-11325,2023-04-16,2023-04-20,In-Store,WARE-UHY1004,South,Mississippi,Gulfport,Metro Premier Retail,Small Business,Furniture,Corner Desk,699.99,345.0,18,10709.82,6210.0,4499.82,15,Michael Brown
SO-11326,2024-03-17,2024-03-22,Online,WARE-ATL5509,Midwest,Ohio,Columbus,Metro Apex Group,Government,Electronics,Webcam HD,99.99,42.0,2,183.98,84.0,99.98,8,David Park
SO-11327,2022-04-30,2022-05-05,Online,WARE-PJW3508,Southeast,Maryland,Frederick,National Summit Distributors,Enterprise,Electronics,Wireless Headphones,249.99,99.0,3,674.97,297.0,377.97,10,Amanda Torres
SO-11328,2023-08-03,2023-08-06,In-Store,WARE-MCD2201,Midwest,Nebraska,Kearney,Bright Central Co,Corporate,Clothing,Fleece Hoodie,74.99,30.0,7,446.18,210.0,236.18,15,Emily Johnson
SO-11329,2022-05-25,2022-05-30,Wholesale,WARE-MCD2201,South,Mississippi,Gulfport,Premier Pacific Co,Corporate,Electronics,Portable Projector,499.99,245.0,15,6599.85,3675.0,2924.85,12,Rachel Scott
SO-11330,2024-03-31,2024-04-07,In-Store,WARE-MCD2201,South,Texas,Corpus Christi,Swift Global Corp,Small Business,Electronics,iPad Pro,1099.99,680.0,12,12803.88,8160.0,4643.88,3,Sarah Mitchell
SO-11331,2024-03-15,2024-03-20,Online,WARE-MCD2201,Southwest,Nevada,Las Vegas,Global Apex Distributors,Corporate,Furniture,Partition Wall,349.99,168.0,4,1259.96,672.0,587.96,10,Sarah Mitchell
SO-11332,2023-07-18,2023-07-21,Wholesale,WARE-MCD2201,Southeast,West Virginia,Huntington,Pioneer Bright Supply,Small Business,Furniture,Office Chair,299.99,145.0,19,4844.81,2755.0,2089.81,15,Sarah Mitchell
SO-11333,2022-02-21,2022-03-03,Online,WARE-ATL5509,West,Idaho,Pocatello,Swift Core Group,Retail,Electronics,Digital Whiteboard,1999.99,1100.0,11,19799.89,12100.0,7699.89,10,Rachel Scott
SO-11334,2023-06-06,2023-06-10,In-Store,WARE-UHY1004,South,Oklahoma,Lawton,Metro Atlantic Commerce,Retail,Clothing,Chinos,74.99,30.0,10,712.4,300.0,412.4,5,Robert Adams
SO-11335,2022-10-29,2022-11-01,Distributor,WARE-NBV1002,Northeast,New York,Buffalo,Summit Summit Inc,Enterprise,Office Supplies,Copier Machine,1299.99,680.0,18,22697.82,12240.0,10457.82,3,Michael Brown
SO-11336,2023-06-22,2023-06-25,In-Store,WARE-NBV1002,West,Arizona,Tucson,Bright Core Supply,Small Business,Office Supplies,Letter Opener,14.99,5.0,5,71.2,25.0,46.2,5,James Carter
SO-11337,2024-01-02,2024-01-06,Distributor,WARE-UHY1004,South,Texas,Austin,Summit Digital Enterprises,Corporate,Electronics,Desktop Computer,1499.99,890.0,5,7499.95,4450.0,3049.95,0,Emily Johnson
SO-11338,2022-04-06,2022-04-10,In-Store,WARE-NBV1002,Midwest,Minnesota,Minneapolis,Central Advanced Trading,Corporate,Office Supplies,Card Reader,39.99,15.0,14,559.86,210.0,349.86,0,Lisa Chen
SO-11339,2022-12-31,2023-01-10,In-Store,WARE-NBV1002,Southwest,Utah,West Jordan,Core Swift Group,Corporate,Clothing,Golf Polo,64.99,26.0,28,1819.72,728.0,1091.72,0,Robert Adams
SO-11340,2022-11-02,2022-11-09,In-Store,WARE-NBV1002,Southeast,North Carolina,Durham,Premier Bright Supply,Corporate,Electronics,Video Doorbell,179.99,80.0,27,4859.73,2160.0,2699.73,0,Michael Brown
SO-11341,2023-02-01,2023-02-05,Wholesale,WARE-MCD2201,South,Oklahoma,Norman,Pacific Elite LLC,Corporate,Electronics,Portable Charger,79.99,34.0,13,883.87,442.0,441.87,15,Kevin Williams
SO-11342,2023-02-07,2023-02-17,Wholesale,WARE-UHY1004,Northeast,Rhode Island,Pawtucket,Coastal National Supply,Corporate,Furniture,Storage Cabinet,449.99,215.0,15,6749.85,3225.0,3524.85,0,Rachel Scott
SO-11343,2022-03-03,2022-03-08,Wholesale,WARE-MCD2201,Southeast,Kentucky,Owensboro,Sterling Metro Enterprises,Small Business,Furniture,Reception Desk,849.99,430.0,10,8074.9,4300.0,3774.9,5,Michael Brown
SO-11344,2023-03-03,2023-03-05,In-Store,WARE-UHY1004,Southeast,Kentucky,Lexington,Coastal Premier Enterprises,Small Business,Office Supplies,Label Maker,59.99,24.0,12,611.88,288.0,323.88,15,David Park
SO-11345,2022-05-31,2022-06-04,Distributor,WARE-PJW3508,South,Mississippi,Jackson,Summit Pioneer Retail,Small Business,Electronics,Server Unit,4999.99,2800.0,9,41399.91,25200.0,16199.91,8,Sarah Mitchell
SO-11346,2023-12-05,2023-12-11,Distributor,WARE-NBV1002,Southwest,New Mexico,Roswell,Summit National Supply,Government,Clothing,Country Boots,119.99,52.0,9,993.51,468.0,525.51,8,Rachel Scott
SO-11347,2023-07-28,2023-08-04,Distributor,WARE-NBV1002,Southwest,Alaska,Juneau,Sterling Digital Corp,Enterprise,Office Supplies,Filing Cabinet,199.99,95.0,12,2399.88,1140.0,1259.88,0,Kevin Williams
SO-11348,2022-02-05,2022-02-08,Online,WARE-PJW3508,South,Tennessee,Memphis,Unity Horizon Trading,Enterprise,Furniture,Modular Sofa,1499.99,750.0,8,11399.92,6000.0,5399.92,5,Lisa Chen
SO-11349,2022-12-05,2022-12-10,In-Store,WARE-MCD2201,West,Utah,Orem,Pioneer Elite Solutions,Enterprise,Furniture,Credenza,649.99,320.0,32,19759.68,10240.0,9519.68,5,Rachel Scott
SO-11350,2023-09-01,2023-09-06,In-Store,WARE-NBV1002,West,Arizona,Chandler,Central Elite Co,Small Business,Clothing,Suit Set,299.99,135.0,17,5099.83,2295.0,2804.83,0,Lisa Chen
SO-11351,2022-12-07,2022-12-12,In-Store,WARE-PJW3508,Midwest,Indiana,Indianapolis,Premier Coastal Distributors,Enterprise,Electronics,NAS Storage,899.99,450.0,22,18809.78,9900.0,8909.78,5,Rachel Scott
SO-11352,2022-04-26,2022-04-28,Online,WARE-PJW3508,West,Utah,Provo,Summit National Solutions,Small Business,Clothing,Chinos,74.99,30.0,8,569.92,240.0,329.92,5,David Park
SO-11353,2023-07-12,2023-07-16,Distributor,WARE-PJW3508,Northeast,New Jersey,Newark,Central Atlantic Co,Small Business,Furniture,Accent Table,199.99,92.0,20,3999.8,1840.0,2159.8,0,James Carter
SO-11354,2024-02-28,2024-03-03,Online,WARE-MCD2201,West,Montana,Bozeman,Global Swift Retail,Government,Office Supplies,Ergonomic Mouse,59.99,24.0,15,899.85,360.0,539.85,0,Lisa Chen
SO-11355,2024-01-18,2024-01-23,In-Store,WARE-PJW3508,South,Georgia,Atlanta,Advanced Pioneer Corp,Enterprise,Electronics,4K Camera,1199.99,600.0,18,19007.82,10800.0,8207.82,12,Robert Adams
SO-11356,2023-11-28,2023-11-30,Online,WARE-ATL5509,West,Idaho,Idaho Falls,Elite Premier Retail,Retail,Furniture,Ergonomic Chair Pro,449.99,218.0,34,13769.66,7412.0,6357.66,10,Lisa Chen
SO-11357,2023-04-09,2023-04-14,In-Store,WARE-MCD2201,Southwest,Nevada,Henderson,Pioneer Central Group,Corporate,Clothing,Golf Polo,64.99,26.0,5,298.95,130.0,168.95,8,Sarah Mitchell
SO-11358,2023-12-19,2023-12-26,Distributor,WARE-PJW3508,Midwest,Illinois,Peoria,Swift Pacific Inc,Government,Electronics,Smartband,199.99,88.0,25,4499.75,2200.0,2299.75,10,James Carter
SO-11359,2022-07-02,2022-07-05,In-Store,WARE-NBV1002,Northeast,New York,Buffalo,Pioneer Digital Retail,Retail,Clothing,Swimwear,49.99,19.0,6,299.94,114.0,185.94,0,James Carter
SO-11360,2024-02-21,2024-02-26,In-Store,WARE-NBV1002,Southeast,Maryland,Frederick,Horizon Premier Inc,Small Business,Electronics,Tablet Pro,899.99,450.0,13,11699.87,5850.0,5849.87,0,David Park
SO-11361,2024-03-05,2024-03-09,Wholesale,WARE-UHY1004,Southeast,Maryland,Rockville,Core Premier Distributors,Enterprise,Office Supplies,Card Reader,39.99,15.0,13,519.87,195.0,324.87,0,Robert Adams
SO-11362,2023-12-01,2023-12-11,Wholesale,WARE-UHY1004,Southwest,Wyoming,Rock Springs,Premier Summit Retail,Government,Furniture,Hallway Table,279.99,132.0,16,4479.84,2112.0,2367.84,0,Emily Johnson
SO-11363,2022-10-22,2022-10-29,In-Store,WARE-MCD2201,Southeast,Delaware,Smyrna,Apex National Corp,Retail,Office Supplies,Ergonomic Chair,349.99,175.0,12,4073.88,2100.0,1973.88,3,Sarah Mitchell
SO-11364,2022-04-04,2022-04-09,Wholesale,WARE-ATL5509,Southeast,Maryland,Baltimore,Metro Unity Corp,Retail,Clothing,Velvet Blazer,179.99,80.0,2,323.98,160.0,163.98,10,Sarah Mitchell
SO-11365,2022-02-09,2022-02-11,Distributor,WARE-ATL5509,Southeast,Kentucky,Lexington,Summit Coastal LLC,Small Business,Office Supplies,Electric Stapler,49.99,19.0,4,199.96,76.0,123.96,0,Kevin Williams
SO-11366,2024-03-23,2024-04-02,Wholesale,WARE-UHY1004,Southwest,Nevada,Las Vegas,Swift Advanced Trading,Enterprise,Clothing,Swimwear,49.99,19.0,14,664.86,266.0,398.86,5,Amanda Torres
SO-11367,2023-12-09,2023-12-12,Online,WARE-ATL5509,Midwest,Michigan,Grand Rapids,Unity Global Retail,Enterprise,Office Supplies,Filing Cabinet,199.99,95.0,12,2399.88,1140.0,1259.88,0,Michael Brown
SO-11368,2023-11-12,2023-11-16,In-Store,WARE-ATL5509,South,Alabama,Tuscaloosa,Coastal Metro Trading,Enterprise,Office Supplies,Wireless Keyboard,89.99,38.0,14,1196.86,532.0,664.86,5,Emily Johnson
SO-11369,2024-03-20,2024-03-27,Online,WARE-PJW3508,Midwest,Illinois,Joliet,Pacific Atlantic Commerce,Retail,Office Supplies,Ink Tank Printer,399.99,195.0,16,6207.84,3120.0,3087.84,3,Amanda Torres
SO-11370,2023-11-17,2023-11-21,Distributor,WARE-UHY1004,Midwest,Ohio,Cleveland,Sterling Atlantic Retail,Corporate,Electronics,Ring Light,89.99,36.0,23,1821.37,828.0,993.37,12,Sarah Mitchell
SO-11371,2022-02-28,2022-03-06,Wholesale,WARE-PJW3508,South,Mississippi,Gulfport,National Bright Supply,Retail,Clothing,Swimwear,49.99,19.0,17,781.83,323.0,458.83,8,Sarah Mitchell
SO-11372,2022-11-23,2022-11-28,Wholesale,WARE-PJW3508,Midwest,Wisconsin,Kenosha,Pacific Apex LLC,Corporate,Electronics,4K Camera,1199.99,600.0,19,22799.81,11400.0,11399.81,0,Sarah Mitchell
SO-11373,2022-10-06,2022-10-11,In-Store,WARE-ATL5509,Southeast,Kentucky,Bowling Green,Bright Coastal Distributors,Enterprise,Furniture,Storage Cabinet,449.99,215.0,1,449.99,215.0,234.99,0,Amanda Torres
SO-11374,2023-05-04,2023-05-11,In-Store,WARE-NBV1002,Southeast,West Virginia,Morgantown,Advanced Premier Trading,Corporate,Office Supplies,Printer Cartridges,89.99,32.0,1,89.99,32.0,57.99,0,Rachel Scott
SO-11375,2023-11-09,2023-11-12,Wholesale,WARE-ATL5509,Southwest,Hawaii,Honolulu,Elite Bright Group,Retail,Office Supplies,Letter Opener,14.99,5.0,8,119.92,40.0,79.92,0,Amanda Torres
SO-11376,2023-08-03,2023-08-08,Wholesale,WARE-UHY1004,Southeast,Delaware,Middletown,Premier Central Enterprises,Corporate,Clothing,Formal Jacket,129.99,55.0,18,2339.82,990.0,1349.82,0,Rachel Scott
SO-11377,2024-02-22,2024-02-27,Wholesale,WARE-ATL5509,South,Georgia,Columbus,Bright Unity Commerce,Retail,Clothing,Swimwear,49.99,19.0,1,47.49,19.0,28.49,5,Lisa Chen
SO-11378,2022-04-29,2022-05-05,Online,WARE-ATL5509,South,Tennessee,Clarksville,Pioneer Sterling Group,Government,Furniture,Modular Sofa,1499.99,750.0,3,4139.97,2250.0,1889.97,8,Lisa Chen
SO-11379,2022-06-12,2022-06-17,Wholesale,WARE-PJW3508,South,Tennessee,Nashville,Global Apex Enterprises,Enterprise,Office Supplies,Printer Cartridges,89.99,32.0,5,427.45,160.0,267.45,5,Rachel Scott
SO-11380,2023-12-30,2024-01-01,Distributor,WARE-PJW3508,Southwest,Hawaii,Kailua,Swift Digital Trading,Government,Clothing,Business Casual Shirt,59.99,22.0,6,331.14,132.0,199.14,8,David Park
SO-11381,2023-04-06,2023-04-13,Distributor,WARE-MCD2201,West,Utah,Provo,Central Elite Trading,Corporate,Clothing,Running Shoes,89.99,38.0,10,899.9,380.0,519.9,0,Michael Brown
SO-11382,2022-12-28,2023-01-03,Wholesale,WARE-PJW3508,Midwest,Illinois,Chicago,Elite Metro Distributors,Government,Clothing,Sports Jacket,109.99,46.0,23,2276.77,1058.0,1218.77,10,David Park
SO-11383,2022-04-23,2022-04-26,Online,WARE-PJW3508,Southeast,Virginia,Richmond,National Pioneer Group,Government,Clothing,Polo Shirt,44.99,18.0,12,496.68,216.0,280.68,8,Amanda Torres
SO-11384,2022-04-23,2022-04-28,Distributor,WARE-UHY1004,Southwest,New Mexico,Las Cruces,Central Elite Trading,Corporate,Furniture,Reception Desk,849.99,430.0,6,4589.94,2580.0,2009.94,10,Lisa Chen
SO-11385,2023-02-07,2023-02-17,Distributor,WARE-PJW3508,Southeast,Maryland,Bowie,Central National Co,Enterprise,Furniture,Bar Cart,299.99,140.0,12,3311.88,1680.0,1631.88,8,Emily Johnson
SO-11386,2022-05-05,2022-05-10,In-Store,WARE-PJW3508,Midwest,Wisconsin,Milwaukee,Bright National Distributors,Enterprise,Furniture,Bar Cart,299.99,140.0,13,3314.87,1820.0,1494.87,15,Rachel Scott
SO-11387,2022-09-28,2022-10-03,Online,WARE-ATL5509,West,Arizona,Tucson,Premier Summit Group,Enterprise,Furniture,Storage Cabinet,449.99,215.0,1,395.99,215.0,180.99,12,Kevin Williams
SO-11388,2022-08-12,2022-08-18,Online,WARE-UHY1004,West,Oregon,Hillsboro,Unity Bright Co,Small Business,Clothing,Suit Set,299.99,135.0,20,5279.8,2700.0,2579.8,12,Sarah Mitchell
SO-11389,2022-06-27,2022-07-04,Distributor,WARE-UHY1004,Northeast,Maine,Lewiston,Horizon Pioneer Co,Enterprise,Electronics,Portable Projector,499.99,245.0,5,2499.95,1225.0,1274.95,0,David Park
SO-11390,2022-02-08,2022-02-10,Distributor,WARE-MCD2201,Midwest,Indiana,South Bend,Advanced Bright Trading,Corporate,Office Supplies,Document Scanner,299.99,145.0,8,2279.92,1160.0,1119.92,5,Robert Adams
SO-11391,2022-05-25,2022-05-28,Wholesale,WARE-PJW3508,Southwest,Utah,Orem,Elite Digital Solutions,Government,Electronics,Laptop Pro 13,1099.99,650.0,12,13199.88,7800.0,5399.88,0,Rachel Scott
SO-11392,2023-11-25,2023-12-05,In-Store,WARE-NBV1002,West,Colorado,Aurora,Central Pacific Distributors,Enterprise,Furniture,Accent Table,199.99,92.0,33,5807.67,3036.0,2771.67,12,Lisa Chen
SO-11393,2022-12-02,2022-12-07,Distributor,WARE-NBV1002,Southeast,Maryland,Frederick,Pacific National Commerce,Small Business,Furniture,Floor Lamp,159.99,72.0,28,4479.72,2016.0,2463.72,0,Michael Brown
SO-11394,2024-01-29,2024-01-31,Distributor,WARE-UHY1004,South,Tennessee,Chattanooga,Elite Sterling Enterprises,Enterprise,Office Supplies,Ergonomic Mouse,59.99,24.0,5,290.95,120.0,170.95,3,David Park
SO-11395,2023-11-11,2023-11-17,Online,WARE-NBV1002,South,Florida,Miami,Unity Coastal Commerce,Government,Furniture,Lounge Chair,399.99,195.0,31,11407.69,6045.0,5362.69,8,Lisa Chen
SO-11396,2024-02-11,2024-02-15,Online,WARE-MCD2201,Southwest,Nevada,Sparks,Horizon Digital Co,Enterprise,Furniture,Bookshelf,249.99,110.0,2,499.98,220.0,279.98,0,Emily Johnson
SO-11397,2022-06-08,2022-06-13,Distributor,WARE-MCD2201,Northeast,New Jersey,Jersey City,Metro Premier Corp,Retail,Furniture,Conference Table,999.99,520.0,9,8549.91,4680.0,3869.91,5,Lisa Chen
SO-11398,2022-07-25,2022-07-30,In-Store,WARE-NBV1002,South,Arkansas,Fayetteville,Core National Inc,Small Business,Office Supplies,Filing Cabinet,199.99,95.0,6,1199.94,570.0,629.94,0,Lisa Chen
SO-11399,2022-01-11,2022-01-13,Wholesale,WARE-NBV1002,West,Montana,Billings,Advanced Central Enterprises,Corporate,Office Supplies,Filing Cabinet,199.99,95.0,8,1551.92,760.0,791.92,3,David Park
SO-11400,2022-05-26,2022-06-01,Online,WARE-UHY1004,West,Nevada,Las Vegas,Pioneer National Supply,Enterprise,Clothing,Holiday Sweater,69.99,28.0,16,1063.84,448.0,615.84,5,Lisa Chen
SO-11401,2024-01-23,2024-01-29,In-Store,WARE-PJW3508,South,Texas,Dallas,Premier National Inc,Small Business,Office Supplies,Whiteboard,159.99,72.0,18,2591.82,1296.0,1295.82,10,James Carter
SO-11402,2024-03-29,2024-04-01,Online,WARE-PJW3508,South,Oklahoma,Norman,Premier Summit Co,Corporate,Clothing,Polo Shirt,44.99,18.0,1,44.99,18.0,26.99,0,Amanda Torres
SO-11403,2024-03-05,2024-03-12,Wholesale,WARE-NBV1002,Southwest,Alaska,Juneau,Horizon Pioneer Co,Government,Clothing,Suit Set,299.99,135.0,4,1079.96,540.0,539.96,10,Rachel Scott
SO-11404,2023-10-18,2023-10-22,In-Store,WARE-PJW3508,South,Louisiana,New Orleans,Summit Horizon Retail,Government,Clothing,Turtleneck,59.99,24.0,18,971.82,432.0,539.82,10,Sarah Mitchell
SO-11405,2024-03-11,2024-03-16,In-Store,WARE-UHY1004,South,Georgia,Augusta,Sterling Advanced Commerce,Retail,Electronics,External SSD,129.99,55.0,11,1258.29,605.0,653.29,12,Emily Johnson
SO-11406,2022-04-13,2022-04-16,Online,WARE-UHY1004,Southwest,Utah,West Jordan,Atlantic Unity Enterprises,Enterprise,Electronics,Bluetooth Speaker,149.99,58.0,5,749.95,290.0,459.95,0,Kevin Williams
SO-11407,2022-02-20,2022-02-24,Distributor,WARE-NBV1002,West,Montana,Billings,National Core Corp,Government,Electronics,Smart Lock,249.99,115.0,16,3999.84,1840.0,2159.84,0,Rachel Scott
SO-11408,2022-11-22,2022-11-27,Wholesale,WARE-PJW3508,Southeast,Maryland,Rockville,Premier Summit Enterprises,Small Business,Office Supplies,Copier Machine,1299.99,680.0,10,12999.9,6800.0,6199.9,0,Emily Johnson
SO-11409,2023-01-05,2023-01-08,Distributor,WARE-PJW3508,Southeast,West Virginia,Huntington,Coastal Premier Trading,Government,Office Supplies,Ergonomic Chair,349.99,175.0,10,3499.9,1750.0,1749.9,0,David Park
SO-11410,2022-10-24,2022-10-28,Wholesale,WARE-ATL5509,South,Tennessee,Nashville,Sterling Unity Commerce,Government,Office Supplies,Filing Cabinet,199.99,95.0,10,1999.9,950.0,1049.9,0,Rachel Scott
SO-11411,2022-06-20,2022-06-27,Distributor,WARE-NBV1002,Midwest,Illinois,Rockford,Coastal Unity Retail,Government,Clothing,Business Casual Shirt,59.99,22.0,2,101.98,44.0,57.98,15,Lisa Chen
SO-11412,2023-12-20,2023-12-25,Distributor,WARE-MCD2201,South,Arkansas,Springdale,Premier Core Supply,Small Business,Furniture,Bar Cart,299.99,140.0,14,4073.86,1960.0,2113.86,3,Michael Brown
SO-11413,2024-03-24,2024-03-28,Wholesale,WARE-NBV1002,South,Arkansas,Springdale,Bright Summit Inc,Retail,Clothing,Fleece Hoodie,74.99,30.0,6,427.44,180.0,247.44,5,Lisa Chen
SO-11414,2023-11-01,2023-11-06,Online,WARE-NBV1002,Southeast,North Carolina,Raleigh,Summit Bright Co,Enterprise,Office Supplies,Ergonomic Chair,349.99,175.0,26,9099.74,4550.0,4549.74,0,David Park
SO-11415,2024-02-15,2024-02-19,Wholesale,WARE-UHY1004,South,Texas,San Antonio,Digital Summit Retail,Government,Furniture,Office Chair,299.99,145.0,13,3782.87,1885.0,1897.87,3,Michael Brown
SO-11416,2022-03-19,2022-03-25,Distributor,WARE-NBV1002,Southwest,Nevada,Las Vegas,Unity Global Retail,Small Business,Clothing,Velvet Blazer,179.99,80.0,11,1682.89,880.0,802.89,15,Emily Johnson
SO-11417,2022-10-07,2022-10-14,Online,WARE-UHY1004,Southwest,Arizona,Tucson,Premier Pacific Retail,Small Business,Electronics,MacBook Air,1499.99,950.0,18,26189.82,17100.0,9089.82,3,Sarah Mitchell
SO-11418,2023-11-10,2023-11-16,Wholesale,WARE-ATL5509,South,Florida,Clearwater,Summit Central Commerce,Retail,Furniture,Partition Wall,349.99,168.0,10,3079.9,1680.0,1399.9,12,David Park
SO-11419,2022-12-01,2022-12-06,In-Store,WARE-NBV1002,Midwest,Illinois,Chicago,Coastal Sterling Co,Corporate,Electronics,USB Microphone,179.99,78.0,19,3419.81,1482.0,1937.81,0,David Park
SO-11420,2023-10-16,2023-10-21,Wholesale,WARE-MCD2201,South,South Carolina,Rock Hill,Unity Pioneer Supply,Enterprise,Clothing,Golf Polo,64.99,26.0,17,1049.58,442.0,607.58,5,David Park
SO-11421,2022-05-13,2022-05-17,Wholesale,WARE-UHY1004,Southwest,Colorado,Denver,Atlantic Core Corp,Small Business,Clothing,Suit Set,299.99,135.0,7,2099.93,945.0,1154.93,0,Sarah Mitchell
SO-11422,2022-03-07,2022-03-11,Online,WARE-PJW3508,South,Georgia,Atlanta,Advanced Swift Group,Retail,Furniture,Floor Lamp,159.99,72.0,2,271.98,144.0,127.98,15,Kevin Williams
SO-11423,2023-09-22,2023-09-26,Distributor,WARE-ATL5509,Southeast,Kentucky,Louisville,Bright Core Distributors,Government,Electronics,Video Doorbell,179.99,80.0,15,2483.85,1200.0,1283.85,8,Sarah Mitchell
SO-11424,2024-01-24,2024-01-26,Online,WARE-UHY1004,Southwest,Nevada,Sparks,Central Central Trading,Corporate,Office Supplies,Label Printer,179.99,82.0,18,3142.62,1476.0,1666.62,3,James Carter
SO-11425,2022-12-11,2022-12-16,Online,WARE-PJW3508,Northeast,Rhode Island,Cranston,Atlantic Global Solutions,Small Business,Office Supplies,Calligraphy Set,39.99,15.0,15,581.85,225.0,356.85,3,Michael Brown
SO-11426,2023-07-21,2023-07-31,Online,WARE-NBV1002,South,Oklahoma,Tulsa,Premier Bright Distributors,Retail,Electronics,Drone Camera,799.99,400.0,7,4759.93,2800.0,1959.93,15,David Park
SO-11427,2024-02-14,2024-02-24,Wholesale,WARE-UHY1004,Southeast,District of Columbia,Washington,Premier Swift Group,Small Business,Office Supplies,Tape Dispenser,24.99,9.0,14,339.36,126.0,213.36,3,Amanda Torres
SO-11428,2022-04-27,2022-05-07,Online,WARE-UHY1004,West,Washington,Everett,Premier Coastal Enterprises,Retail,Furniture,Accent Table,199.99,92.0,18,3311.82,1656.0,1655.82,8,Kevin Williams
SO-11429,2022-06-08,2022-06-14,Online,WARE-ATL5509,Midwest,Ohio,Columbus,National Core Corp,Government,Electronics,Smart Watch,399.99,180.0,18,6983.82,3240.0,3743.82,3,Emily Johnson
SO-11430,2023-05-04,2023-05-10,Wholesale,WARE-NBV1002,Midwest,Michigan,Sterling Heights,Coastal Horizon Enterprises,Corporate,Electronics,USB Microphone,179.99,78.0,11,1979.89,858.0,1121.89,0,David Park
SO-11431,2023-10-13,2023-10-18,In-Store,WARE-MCD2201,Southwest,Wyoming,Rock Springs,National Pacific Distributors,Government,Office Supplies,Ergonomic Chair,349.99,175.0,18,5984.82,3150.0,2834.82,5,Amanda Torres
SO-11432,2023-08-31,2023-09-05,Distributor,WARE-PJW3508,West,Washington,Bellevue,National Swift Supply,Retail,Electronics,Drone Camera,799.99,400.0,15,10559.85,6000.0,4559.85,12,Robert Adams
SO-11433,2023-01-13,2023-01-18,Online,WARE-UHY1004,Southwest,New Mexico,Las Cruces,Core Apex Distributors,Enterprise,Clothing,Velvet Blazer,179.99,80.0,13,2339.87,1040.0,1299.87,0,Amanda Torres
SO-11434,2022-11-30,2022-12-06,Distributor,WARE-UHY1004,South,Louisiana,Lake Charles,Global Digital Supply,Government,Office Supplies,Binding Machine,149.99,68.0,17,2345.83,1156.0,1189.83,8,Rachel Scott
SO-11435,2024-02-23,2024-02-28,Wholesale,WARE-MCD2201,Northeast,Maine,Bangor,Pacific Digital Distributors,Corporate,Clothing,Casual Pants,69.99,28.0,14,930.86,392.0,538.86,5,Kevin Williams
SO-11436,2023-12-04,2023-12-08,Wholesale,WARE-PJW3508,Northeast,New Hampshire,Dover,Core Bright Co,Corporate,Clothing,Winter Coat,149.99,65.0,34,4844.66,2210.0,2634.66,5,Kevin Williams
SO-11437,2023-02-25,2023-03-01,Wholesale,WARE-ATL5509,South,South Carolina,Rock Hill,Unity Pioneer Group,Government,Furniture,Corner Desk,699.99,345.0,15,9449.85,5175.0,4274.85,10,Kevin Williams
SO-11438,2022-10-24,2022-10-26,Online,WARE-PJW3508,Northeast,Vermont,Rutland,Premier Unity Trading,Small Business,Electronics,GPU Card,999.99,620.0,11,9349.89,6820.0,2529.89,15,Sarah Mitchell
SO-11439,2022-02-10,2022-02-15,In-Store,WARE-PJW3508,Northeast,Connecticut,Stamford,Core Metro Inc,Government,Office Supplies,Tape Dispenser,24.99,9.0,13,285.87,117.0,168.87,12,Michael Brown
SO-11440,2023-07-24,2023-07-29,Distributor,WARE-ATL5509,Midwest,Kansas,Wichita,Metro Pioneer Enterprises,Government,Office Supplies,Ergonomic Chair,349.99,175.0,19,6450.31,3325.0,3125.31,3,Emily Johnson
SO-11441,2022-04-19,2022-04-23,Distributor,WARE-NBV1002,Southeast,Delaware,Middletown,Global Summit Enterprises,Corporate,Furniture,Adjustable Monitor Stand,129.99,58.0,18,2269.62,1044.0,1225.62,3,James Carter
SO-11442,2023-02-17,2023-02-22,Distributor,WARE-MCD2201,South,Texas,El Paso,Apex Elite Inc,Enterprise,Clothing,Swimwear,49.99,19.0,4,169.96,76.0,93.96,15,Sarah Mitchell
SO-11443,2023-07-09,2023-07-14,Online,WARE-NBV1002,Southeast,Maryland,Bowie,Metro Unity Enterprises,Government,Office Supplies,Tape Dispenser,24.99,9.0,11,233.64,99.0,134.64,15,Amanda Torres
SO-11444,2023-10-09,2023-10-14,Distributor,WARE-PJW3508,South,Mississippi,Jackson,Metro National Co,Enterprise,Electronics,iPhone 15,999.99,620.0,7,6999.93,4340.0,2659.93,0,Robert Adams
SO-11445,2022-10-08,2022-10-18,Distributor,WARE-NBV1002,Southeast,Delaware,Wilmington,Coastal Apex Corp,Retail,Clothing,Athleisure Set,119.99,50.0,11,1161.49,550.0,611.49,12,Robert Adams
SO-11446,2023-09-04,2023-09-11,In-Store,WARE-UHY1004,South,Florida,Clearwater,Pioneer Central Corp,Corporate,Furniture,Bar Cart,299.99,140.0,14,4199.86,1960.0,2239.86,0,Rachel Scott
SO-11447,2023-10-26,2023-10-31,Wholesale,WARE-MCD2201,Northeast,Rhode Island,Cranston,Advanced Horizon Co,Enterprise,Office Supplies,Ink Tank Printer,399.99,195.0,10,3999.9,1950.0,2049.9,0,Kevin Williams
SO-11448,2023-03-24,2023-03-28,Online,WARE-MCD2201,Midwest,Indiana,Evansville,Swift National Solutions,Corporate,Office Supplies,Copier Machine,1299.99,680.0,11,13870.89,7480.0,6390.89,3,Robert Adams
SO-11449,2022-06-20,2022-06-23,In-Store,WARE-NBV1002,Midwest,Indiana,Evansville,Coastal Summit Retail,Corporate,Office Supplies,Label Printer,179.99,82.0,21,3666.39,1722.0,1944.39,3,Amanda Torres
SO-11450,2022-06-10,2022-06-16,Distributor,WARE-ATL5509,South,Georgia,Athens,Swift National Distributors,Enterprise,Clothing,Athleisure Set,119.99,50.0,15,1583.85,750.0,833.85,12,Lisa Chen
SO-11451,2023-11-16,2023-11-20,Wholesale,WARE-NBV1002,Southeast,Maryland,Frederick,Summit Pioneer LLC,Government,Office Supplies,Label Maker,59.99,24.0,22,1253.78,528.0,725.78,5,Lisa Chen
SO-11452,2022-03-10,2022-03-14,Distributor,WARE-ATL5509,West,Nevada,Sparks,Unity Metro Solutions,Corporate,Electronics,Smart Thermostat,249.99,115.0,2,499.98,230.0,269.98,0,Michael Brown
SO-11453,2022-08-24,2022-08-30,Distributor,WARE-NBV1002,West,New Mexico,Rio Rancho,Summit Sterling Enterprises,Retail,Furniture,Credenza,649.99,320.0,13,8027.37,4160.0,3867.37,5,Sarah Mitchell
SO-11454,2022-09-24,2022-10-01,In-Store,WARE-MCD2201,Midwest,Nebraska,Bellevue,Elite Metro Solutions,Government,Clothing,Denim Jacket,89.99,38.0,10,764.9,380.0,384.9,15,Kevin Williams
SO-11455,2022-08-11,2022-08-14,In-Store,WARE-MCD2201,Northeast,Pennsylvania,Pittsburgh,Elite National Retail,Corporate,Electronics,USB Microphone,179.99,78.0,15,2699.85,1170.0,1529.85,0,Kevin Williams
SO-11456,2022-03-11,2022-03-17,Online,WARE-PJW3508,West,Idaho,Pocatello,Swift Horizon Group,Government,Office Supplies,Calligraphy Set,39.99,15.0,12,431.88,180.0,251.88,10,David Park
SO-11457,2022-05-06,2022-05-12,In-Store,WARE-MCD2201,South,Alabama,Birmingham,Pioneer Elite Solutions,Government,Furniture,Work Bench,549.99,270.0,15,7589.85,4050.0,3539.85,8,James Carter
SO-11458,2023-03-12,2023-03-16,Wholesale,WARE-MCD2201,Northeast,New Hampshire,Dover,Coastal Horizon LLC,Retail,Electronics,Drone Camera,799.99,400.0,16,12159.84,6400.0,5759.84,5,Robert Adams
SO-11459,2022-08-18,2022-08-25,Distributor,WARE-MCD2201,Southeast,Kentucky,Owensboro,Bright Core Distributors,Retail,Electronics,Smart TV 55,799.99,400.0,8,6399.92,3200.0,3199.92,0,Michael Brown
SO-11460,2022-02-07,2022-02-09,In-Store,WARE-ATL5509,Midwest,Illinois,Naperville,Swift Pioneer Enterprises,Corporate,Electronics,Portable Projector,499.99,245.0,4,1699.96,980.0,719.96,15,Kevin Williams
SO-11461,2022-03-29,2022-04-03,Distributor,WARE-MCD2201,South,Alabama,Huntsville,Sterling Sterling Corp,Enterprise,Electronics,Digital Whiteboard,1999.99,1100.0,18,31679.82,19800.0,11879.82,12,Kevin Williams
SO-11462,2023-01-15,2023-01-19,Distributor,WARE-ATL5509,Southeast,Maryland,Bowie,Horizon Pioneer Retail,Small Business,Clothing,Running Shoes,89.99,38.0,15,1282.35,570.0,712.35,5,Kevin Williams
SO-11463,2022-05-27,2022-06-01,Online,WARE-UHY1004,Southwest,Arizona,Scottsdale,Digital Swift Distributors,Enterprise,Electronics,Bluetooth Speaker,149.99,58.0,3,382.47,174.0,208.47,15,Kevin Williams
SO-11464,2023-04-19,2023-04-29,Distributor,WARE-NBV1002,Southeast,Virginia,Newport News,Unity Sterling Co,Enterprise,Clothing,Polo Shirt,44.99,18.0,1,38.24,18.0,20.24,15,Emily Johnson
SO-11465,2022-04-18,2022-04-22,Distributor,WARE-MCD2201,West,New Mexico,Las Cruces,Global Elite Commerce,Government,Clothing,Linen Shirt,54.99,21.0,3,160.02,63.0,97.02,3,Sarah Mitchell
SO-11466,2022-03-23,2022-04-02,In-Store,WARE-NBV1002,Northeast,Pennsylvania,Reading,Bright Global Inc,Retail,Clothing,Linen Pants,64.99,26.0,9,555.66,234.0,321.66,5,Amanda Torres
SO-11467,2023-07-28,2023-08-07,Online,WARE-PJW3508,Southeast,North Carolina,Greensboro,Elite National Solutions,Government,Furniture,Glass Desk,799.99,400.0,15,10199.85,6000.0,4199.85,15,Kevin Williams
SO-11468,2022-05-10,2022-05-12,Online,WARE-NBV1002,Northeast,Maine,Portland,Atlantic Bright Group,Small Business,Furniture,Modular Sofa,1499.99,750.0,13,19499.87,9750.0,9749.87,0,Kevin Williams
SO-11469,2023-10-24,2023-10-28,Online,WARE-ATL5509,South,South Carolina,Spartanburg,Central Metro Distributors,Enterprise,Furniture,Glass Desk,799.99,400.0,11,8535.89,4400.0,4135.89,3,Kevin Williams
SO-11470,2022-12-02,2022-12-09,Wholesale,WARE-NBV1002,Northeast,New Hampshire,Manchester,Elite Digital Group,Enterprise,Electronics,Server Unit,4999.99,2800.0,6,28499.94,16800.0,11699.94,5,Kevin Williams
SO-11471,2023-03-27,2023-03-31,In-Store,WARE-UHY1004,West,Colorado,Fort Collins,Unity Core Trading,Enterprise,Clothing,Casual Pants,69.99,28.0,3,199.47,84.0,115.47,5,Emily Johnson
SO-11472,2022-11-26,2022-11-29,Distributor,WARE-MCD2201,Southeast,North Carolina,Charlotte,Digital National LLC,Retail,Furniture,Laptop Cart,299.99,145.0,30,8549.7,4350.0,4199.7,5,Emily Johnson
SO-11473,2022-12-22,2022-12-25,Online,WARE-UHY1004,Southeast,West Virginia,Wheeling,National Coastal Retail,Government,Office Supplies,Laminator,89.99,40.0,10,854.9,400.0,454.9,5,Emily Johnson
SO-11474,2022-06-12,2022-06-17,In-Store,WARE-PJW3508,West,New Mexico,Las Cruces,Central Global Solutions,Small Business,Clothing,Business Casual Shirt,59.99,22.0,19,1048.61,418.0,630.61,8,Kevin Williams
SO-11475,2023-12-23,2023-12-26,In-Store,WARE-PJW3508,Northeast,Vermont,Rutland,Core Digital Solutions,Government,Furniture,Executive Desk,1199.99,620.0,29,34799.71,17980.0,16819.71,0,Michael Brown
SO-11476,2022-02-08,2022-02-14,In-Store,WARE-NBV1002,West,Arizona,Phoenix,Global Summit Enterprises,Enterprise,Furniture,Corner Desk,699.99,345.0,7,4311.93,2415.0,1896.93,12,Robert Adams
SO-11477,2023-06-06,2023-06-10,In-Store,WARE-ATL5509,West,Utah,West Valley City,Advanced Digital LLC,Enterprise,Clothing,Casual Pants,69.99,28.0,5,332.45,140.0,192.45,5,Emily Johnson
SO-11478,2023-05-23,2023-05-27,In-Store,WARE-ATL5509,Northeast,Vermont,Montpelier,Global Bright Corp,Government,Electronics,Smart Display,349.99,165.0,13,3867.37,2145.0,1722.37,15,Michael Brown
SO-11479,2024-02-12,2024-02-15,Wholesale,WARE-UHY1004,Southeast,Delaware,Middletown,Pioneer Swift Supply,Retail,Furniture,Office Chair,299.99,145.0,12,3491.88,1740.0,1751.88,3,Sarah Mitchell
SO-11480,2023-03-12,2023-03-22,Online,WARE-UHY1004,West,Arizona,Tucson,Atlantic Coastal Co,Enterprise,Electronics,Kindle Paperwhite,139.99,62.0,18,2519.82,1116.0,1403.82,0,Emily Johnson
SO-11481,2023-05-21,2023-05-26,In-Store,WARE-UHY1004,Southeast,Delaware,Smyrna,Apex Unity Group,Retail,Electronics,Conference Camera,449.99,210.0,7,2834.93,1470.0,1364.93,10,Michael Brown
SO-11482,2022-08-27,2022-09-02,Wholesale,WARE-NBV1002,West,New Mexico,Albuquerque,Atlantic Apex Group,Small Business,Furniture,Corner Desk,699.99,345.0,2,1189.98,690.0,499.98,15,Kevin Williams
SO-11483,2024-03-17,2024-03-27,Online,WARE-ATL5509,South,Mississippi,Gulfport,Pacific Premier Group,Corporate,Furniture,Ergonomic Chair Pro,449.99,218.0,6,2564.94,1308.0,1256.94,5,Lisa Chen
SO-11484,2024-02-16,2024-02-19,Distributor,WARE-NBV1002,West,New Mexico,Las Cruces,Horizon Bright Supply,Government,Electronics,Desktop Computer,1499.99,890.0,9,13499.91,8010.0,5489.91,0,Emily Johnson
SO-11485,2023-10-21,2023-10-24,In-Store,WARE-UHY1004,South,Louisiana,Shreveport,Core Sterling LLC,Enterprise,Office Supplies,Calligraphy Set,39.99,15.0,3,107.97,45.0,62.97,10,Kevin Williams
SO-11486,2024-02-02,2024-02-16,In-Store,WARE-PJW3508,West,California,Riverside,Central Elite Corp,Corporate,Clothing,Casual Pants,69.99,28.0,13,773.37,364.0,409.37,15,Amanda Torres
SO-11487,2022-09-29,2022-10-03,Online,WARE-NBV1002,Midwest,Michigan,Grand Rapids,Atlantic Swift Distributors,Small Business,Furniture,Standing Desk,699.99,350.0,7,4899.93,2450.0,2449.93,0,Michael Brown
SO-11488,2023-01-26,2023-01-29,Wholesale,WARE-UHY1004,West,Idaho,Idaho Falls,Summit Swift Trading,Corporate,Electronics,Portable Projector,499.99,245.0,7,3499.93,1715.0,1784.93,0,Robert Adams
SO-11489,2023-02-05,2023-02-11,Wholesale,WARE-ATL5509,Northeast,New York,Syracuse,Bright Apex Group,Government,Furniture,Lounge Chair,399.99,195.0,14,5599.86,2730.0,2869.86,0,James Carter
SO-11490,2022-11-17,2022-11-20,Online,WARE-NBV1002,Northeast,Rhode Island,Pawtucket,National Summit Solutions,Retail,Clothing,Country Boots,119.99,52.0,4,431.96,208.0,223.96,10,Emily Johnson
SO-11491,2023-11-02,2023-11-06,Wholesale,WARE-ATL5509,Southeast,West Virginia,Charleston,Atlantic Elite Commerce,Corporate,Office Supplies,Printer Cartridges,89.99,32.0,31,2789.69,992.0,1797.69,0,Kevin Williams
SO-11492,2022-07-10,2022-07-12,Wholesale,WARE-NBV1002,West,Washington,Bellevue,Pioneer Advanced Supply,Retail,Clothing,Casual Pants,69.99,28.0,5,332.45,140.0,192.45,5,Sarah Mitchell
SO-11493,2022-01-07,2022-01-11,In-Store,WARE-PJW3508,Southeast,Virginia,Newport News,Central Metro Corp,Enterprise,Electronics,Video Doorbell,179.99,80.0,15,2618.85,1200.0,1418.85,3,Robert Adams
SO-11494,2023-02-11,2023-02-14,Online,WARE-UHY1004,South,Alabama,Huntsville,Elite Bright Co,Corporate,Electronics,Kindle Paperwhite,139.99,62.0,1,139.99,62.0,77.99,0,Rachel Scott
SO-11495,2023-01-20,2023-01-24,Online,WARE-UHY1004,Midwest,Wisconsin,Kenosha,Central Apex Solutions,Small Business,Clothing,Chinos,74.99,30.0,1,74.99,30.0,44.99,0,Amanda Torres
SO-11496,2023-07-25,2023-08-08,Distributor,WARE-ATL5509,West,Washington,Bellevue,Advanced Apex Supply,Government,Furniture,Adjustable Monitor Stand,129.99,58.0,2,259.98,116.0,143.98,0,Lisa Chen
SO-11497,2022-04-19,2022-04-23,Wholesale,WARE-ATL5509,Northeast,Vermont,Burlington,Bright Pacific Corp,Retail,Office Supplies,Label Printer,179.99,82.0,4,633.56,328.0,305.56,12,Michael Brown
SO-11498,2023-03-15,2023-03-21,Online,WARE-NBV1002,Southwest,Alaska,Juneau,Elite Digital Trading,Government,Clothing,Linen Pants,64.99,26.0,17,1104.83,442.0,662.83,0,Kevin Williams
SO-11499,2023-06-08,2023-06-13,Online,WARE-MCD2201,Midwest,Wisconsin,Kenosha,Pacific Bright LLC,Enterprise,Furniture,Standing Desk,699.99,350.0,9,5543.91,3150.0,2393.91,12,Rachel Scott
SO-11500,2022-02-14,2022-02-19,In-Store,WARE-UHY1004,Southeast,Virginia,Virginia Beach,Elite Coastal Distributors,Enterprise,Clothing,Winter Coat,149.99,65.0,2,263.98,130.0,133.98,12,Emily Johnson
SO-11501,2023-04-05,2023-04-10,Wholesale,WARE-PJW3508,Midwest,Kansas,Kansas City,National Bright Commerce,Enterprise,Clothing,Rain Jacket,99.99,42.0,2,199.98,84.0,115.98,0,David Park
SO-11502,2022-03-09,2022-03-13,Distributor,WARE-NBV1002,South,Georgia,Athens,Summit Global Solutions,Small Business,Electronics,AirPods Pro,249.99,135.0,6,1349.94,810.0,539.94,10,Emily Johnson
SO-11503,2023-06-16,2023-06-20,Online,WARE-ATL5509,Northeast,New York,New York City,Coastal Digital Group,Corporate,Electronics,Wi-Fi Mesh System,399.99,190.0,14,5319.86,2660.0,2659.86,5,James Carter
SO-11504,2022-09-16,2022-09-21,Wholesale,WARE-ATL5509,Southeast,Delaware,Smyrna,Global Bright LLC,Small Business,Electronics,iPhone 15,999.99,620.0,4,3999.96,2480.0,1519.96,0,Emily Johnson
SO-11505,2023-08-19,2023-08-29,Wholesale,WARE-NBV1002,South,Arkansas,Fort Smith,Digital Core Inc,Government,Clothing,Suit Set,299.99,135.0,19,4844.81,2565.0,2279.81,15,Lisa Chen
SO-11506,2022-09-22,2022-09-26,Distributor,WARE-UHY1004,Midwest,Kansas,Wichita,Global Core Distributors,Small Business,Clothing,Athleisure Set,119.99,50.0,13,1559.87,650.0,909.87,0,David Park
SO-11507,2022-04-09,2022-04-16,Distributor,WARE-PJW3508,Northeast,Massachusetts,Worcester,Pacific Core Commerce,Enterprise,Clothing,Polo Shirt,44.99,18.0,17,726.58,306.0,420.58,5,Kevin Williams
SO-11508,2022-07-13,2022-07-17,Distributor,WARE-UHY1004,South,South Carolina,Greenville,Pacific Apex Group,Enterprise,Office Supplies,Ergonomic Chair,349.99,175.0,22,7699.78,3850.0,3849.78,0,David Park
SO-11509,2023-08-12,2023-08-17,Wholesale,WARE-MCD2201,West,California,Bakersfield,Bright Advanced Trading,Small Business,Furniture,Bookshelf,249.99,110.0,21,4987.29,2310.0,2677.29,5,James Carter
SO-11510,2023-10-22,2023-10-29,In-Store,WARE-UHY1004,Northeast,New York,Syracuse,Pacific Unity Corp,Government,Office Supplies,Flip Chart,69.99,29.0,1,61.59,29.0,32.59,12,Amanda Torres
SO-11511,2023-02-05,2023-02-07,Distributor,WARE-PJW3508,Southeast,Kentucky,Bowling Green,Unity Pacific Enterprises,Small Business,Electronics,Wireless Headphones,249.99,99.0,5,1187.45,495.0,692.45,5,Amanda Torres
SO-11512,2022-06-13,2022-06-17,Online,WARE-UHY1004,South,Alabama,Huntsville,Global Global Co,Government,Clothing,Winter Coat,149.99,65.0,9,1214.91,585.0,629.91,10,Sarah Mitchell
SO-11513,2023-07-17,2023-07-23,Online,WARE-PJW3508,Southeast,Virginia,Newport News,Premier Pioneer Solutions,Retail,Furniture,Corner Desk,699.99,345.0,5,3499.95,1725.0,1774.95,0,Sarah Mitchell
SO-11514,2022-02-26,2022-03-03,In-Store,WARE-ATL5509,Northeast,New York,Rochester,Metro Pacific Corp,Small Business,Office Supplies,Whiteboard,159.99,72.0,9,1439.91,648.0,791.91,0,Amanda Torres
SO-11515,2022-05-11,2022-05-14,Distributor,WARE-ATL5509,Northeast,New York,New York City,Summit Global Retail,Enterprise,Office Supplies,Filing Cabinet,199.99,95.0,14,2799.86,1330.0,1469.86,0,James Carter
SO-11516,2024-03-01,2024-03-05,Wholesale,WARE-MCD2201,West,Utah,West Jordan,Sterling Premier Corp,Small Business,Furniture,Lounge Chair,399.99,195.0,9,3599.91,1755.0,1844.91,0,Michael Brown
SO-11517,2022-08-31,2022-09-05,Distributor,WARE-UHY1004,West,California,San Francisco,Sterling Horizon Corp,Enterprise,Electronics,VR Headset,599.99,280.0,2,1163.98,560.0,603.98,3,Kevin Williams
SO-11518,2022-06-23,2022-07-03,In-Store,WARE-MCD2201,West,Washington,Bellevue,Summit Digital Retail,Retail,Clothing,Linen Pants,64.99,26.0,7,454.93,182.0,272.93,0,James Carter
SO-11519,2023-12-17,2023-12-27,Wholesale,WARE-MCD2201,Southeast,West Virginia,Parkersburg,Advanced Pacific Distributors,Government,Clothing,Turtleneck,59.99,24.0,28,1679.72,672.0,1007.72,0,Amanda Torres
SO-11520,2023-04-24,2023-04-30,Online,WARE-NBV1002,Southeast,Kentucky,Bowling Green,Metro Elite Solutions,Retail,Furniture,Credenza,649.99,320.0,3,1657.47,960.0,697.47,15,Sarah Mitchell
SO-11521,2022-05-30,2022-06-03,Distributor,WARE-MCD2201,Southeast,Maryland,Bowie,Elite Sterling Inc,Retail,Clothing,Winter Coat,149.99,65.0,5,712.45,325.0,387.45,5,Kevin Williams
SO-11522,2024-03-20,2024-03-27,Distributor,WARE-ATL5509,South,Florida,Tampa,Apex Premier Solutions,Small Business,Electronics,VR Headset,599.99,280.0,14,7139.86,3920.0,3219.86,15,James Carter
SO-11523,2022-04-14,2022-04-20,In-Store,WARE-MCD2201,West,Arizona,Mesa,Swift Pacific Commerce,Small Business,Electronics,iPhone 15,999.99,620.0,16,14079.84,9920.0,4159.84,12,James Carter
SO-11524,2022-12-12,2022-12-17,Distributor,WARE-ATL5509,Southwest,Alaska,Fairbanks,Premier Pacific Commerce,Retail,Furniture,Lounge Chair,399.99,195.0,21,7391.79,4095.0,3296.79,12,Kevin Williams
SO-11525,2022-12-22,2022-12-29,Distributor,WARE-PJW3508,Northeast,Vermont,Barre,Premier Pacific Corp,Small Business,Furniture,Standing Desk,699.99,350.0,9,6299.91,3150.0,3149.91,0,Michael Brown
SO-11526,2023-12-27,2023-12-30,In-Store,WARE-MCD2201,Northeast,Connecticut,New Haven,Unity Central Inc,Small Business,Electronics,iPhone 15,999.99,620.0,28,23799.72,17360.0,6439.72,15,Sarah Mitchell
SO-11527,2022-06-17,2022-07-01,Online,WARE-NBV1002,Southwest,Alaska,Anchorage,Atlantic Core Enterprises,Corporate,Electronics,Smart Watch,399.99,180.0,3,1163.97,540.0,623.97,3,Michael Brown
SO-11528,2022-04-30,2022-05-03,Wholesale,WARE-NBV1002,Northeast,New York,Buffalo,Atlantic Bright Enterprises,Corporate,Furniture,Credenza,649.99,320.0,8,4679.92,2560.0,2119.92,10,David Park
SO-11529,2023-06-04,2023-06-07,Distributor,WARE-NBV1002,South,Alabama,Tuscaloosa,Digital Unity Solutions,Corporate,Electronics,Bloomberg Terminal,5999.99,3800.0,10,56999.9,38000.0,18999.9,5,Sarah Mitchell
SO-11530,2023-06-27,2023-07-03,Wholesale,WARE-ATL5509,South,Arkansas,Fayetteville,Horizon Premier Commerce,Corporate,Office Supplies,Binding Machine,149.99,68.0,7,1049.93,476.0,573.93,0,Amanda Torres
SO-11531,2022-08-21,2022-08-24,Online,WARE-ATL5509,South,Arkansas,Jonesboro,Atlantic Central Inc,Retail,Electronics,Digital Whiteboard,1999.99,1100.0,16,29439.84,17600.0,11839.84,8,Robert Adams
SO-11532,2023-05-08,2023-05-14,In-Store,WARE-NBV1002,South,Tennessee,Clarksville,Elite Horizon Solutions,Retail,Clothing,Rain Jacket,99.99,42.0,16,1407.84,672.0,735.84,12,David Park
SO-11533,2024-03-28,2024-04-02,Online,WARE-NBV1002,Southeast,Kentucky,Louisville,Apex Apex Enterprises,Small Business,Electronics,Bluetooth Speaker,149.99,58.0,10,1319.9,580.0,739.9,12,Michael Brown
SO-11534,2023-02-09,2023-02-13,Wholesale,WARE-ATL5509,Southwest,Colorado,Colorado Springs,Coastal Bright Inc,Retail,Office Supplies,Filing Cabinet,199.99,95.0,6,1199.94,570.0,629.94,0,Kevin Williams
SO-11535,2023-04-29,2023-05-04,Online,WARE-UHY1004,Midwest,Iowa,Davenport,Apex Pacific Trading,Government,Clothing,Swimwear,49.99,19.0,1,44.99,19.0,25.99,10,Lisa Chen
SO-11536,2024-01-24,2024-01-31,Online,WARE-MCD2201,Southwest,Nevada,Las Vegas,Summit Coastal LLC,Corporate,Furniture,Conference Table,999.99,520.0,4,3799.96,2080.0,1719.96,5,Emily Johnson
SO-11537,2022-10-16,2022-10-22,In-Store,WARE-PJW3508,South,Alabama,Birmingham,Core Swift Group,Government,Furniture,Work Bench,549.99,270.0,7,3849.93,1890.0,1959.93,0,Michael Brown
SO-11538,2022-11-05,2022-11-11,In-Store,WARE-NBV1002,Southeast,North Carolina,Raleigh,Pacific Global Solutions,Small Business,Electronics,Laptop Pro 15,1299.99,780.0,9,9944.91,7020.0,2924.91,15,Sarah Mitchell
SO-11539,2023-01-09,2023-01-23,Distributor,WARE-UHY1004,Midwest,Ohio,Toledo,Coastal National Group,Enterprise,Clothing,Suit Set,299.99,135.0,18,5129.82,2430.0,2699.82,5,Kevin Williams
SO-11540,2022-05-02,2022-05-12,Wholesale,WARE-NBV1002,Northeast,Massachusetts,Boston,Advanced Summit Enterprises,Enterprise,Furniture,Standing Desk,699.99,350.0,9,5795.91,3150.0,2645.91,8,Amanda Torres
SO-11541,2024-02-23,2024-02-26,Online,WARE-UHY1004,South,Oklahoma,Norman,Digital Horizon Solutions,Small Business,Furniture,Adjustable Monitor Stand,129.99,58.0,4,519.96,232.0,287.96,0,Rachel Scott
SO-11542,2023-01-06,2023-01-10,In-Store,WARE-MCD2201,Midwest,Nebraska,Grand Island,Core Digital Corp,Corporate,Electronics,VR Headset,599.99,280.0,9,5399.91,2520.0,2879.91,0,Robert Adams
SO-11543,2023-03-09,2023-03-14,Online,WARE-NBV1002,Midwest,Wisconsin,Kenosha,Apex Pacific Enterprises,Retail,Furniture,Ergonomic Chair Pro,449.99,218.0,15,6749.85,3270.0,3479.85,0,Emily Johnson
SO-11544,2023-01-29,2023-02-04,Online,WARE-UHY1004,Northeast,New Hampshire,Derry,Swift National Enterprises,Corporate,Electronics,4K Camera,1199.99,600.0,9,9719.91,5400.0,4319.91,10,Amanda Torres
SO-11545,2023-03-29,2023-04-05,Wholesale,WARE-UHY1004,Midwest,Wisconsin,Madison,Unity Pioneer Supply,Retail,Electronics,Bluetooth Speaker,149.99,58.0,10,1424.9,580.0,844.9,5,James Carter
SO-11546,2024-02-29,2024-03-06,Distributor,WARE-NBV1002,South,South Carolina,Charleston,Summit Digital Corp,Retail,Furniture,Ergonomic Chair Pro,449.99,218.0,13,5381.87,2834.0,2547.87,8,David Park
SO-11547,2023-10-31,2023-11-06,In-Store,WARE-PJW3508,West,Arizona,Tucson,Horizon Pacific Supply,Small Business,Electronics,Smart Thermostat,249.99,115.0,13,3249.87,1495.0,1754.87,0,Kevin Williams
SO-11548,2023-09-11,2023-09-15,Online,WARE-MCD2201,West,New Mexico,Santa Fe,Central Unity Enterprises,Corporate,Office Supplies,Laminator,89.99,40.0,5,395.95,200.0,195.95,12,Michael Brown
SO-11549,2022-02-28,2022-03-06,Online,WARE-ATL5509,Southeast,Delaware,Middletown,Advanced Global Solutions,Government,Office Supplies,Projector,699.99,340.0,11,7468.89,3740.0,3728.89,3,Robert Adams
SO-11550,2022-03-27,2022-04-01,Distributor,WARE-UHY1004,West,Colorado,Lakewood,Central Advanced Inc,Enterprise,Clothing,Suit Set,299.99,135.0,11,2969.89,1485.0,1484.89,10,David Park
SO-11551,2023-12-29,2024-01-02,Online,WARE-UHY1004,West,California,Bakersfield,Central Pacific Distributors,Government,Clothing,Athleisure Set,119.99,50.0,24,2879.76,1200.0,1679.76,0,Michael Brown
SO-11552,2024-02-07,2024-02-12,In-Store,WARE-UHY1004,South,Georgia,Columbus,Premier Metro Supply,Small Business,Office Supplies,Electric Stapler,49.99,19.0,5,242.45,95.0,147.45,3,Amanda Torres
SO-11553,2023-10-29,2023-11-03,In-Store,WARE-NBV1002,Northeast,Massachusetts,Boston,Horizon Atlantic Trading,Enterprise,Clothing,Turtleneck,59.99,24.0,16,959.84,384.0,575.84,0,Robert Adams
SO-11554,2022-10-02,2022-10-07,In-Store,WARE-NBV1002,Southeast,Delaware,Newark,National Metro Solutions,Retail,Electronics,Server Unit,4999.99,2800.0,18,79199.82,50400.0,28799.82,12,Rachel Scott
SO-11555,2022-01-31,2022-02-06,Distributor,WARE-UHY1004,Northeast,Pennsylvania,Reading,Swift Global LLC,Retail,Office Supplies,Projector,699.99,340.0,6,3569.94,2040.0,1529.94,15,Michael Brown
SO-11556,2022-01-26,2022-01-31,In-Store,WARE-MCD2201,West,Washington,Seattle,Elite Pacific Trading,Corporate,Clothing,Linen Pants,64.99,26.0,3,194.97,78.0,116.97,0,Lisa Chen
SO-11557,2022-07-23,2022-07-27,Wholesale,WARE-ATL5509,Southwest,New Mexico,Albuquerque,Premier Advanced Co,Small Business,Furniture,TV Stand,249.99,118.0,8,1799.92,944.0,855.92,10,Sarah Mitchell
SO-11558,2023-03-20,2023-03-30,Online,WARE-MCD2201,West,Oregon,Hillsboro,Swift National Distributors,Enterprise,Furniture,Lateral File Cabinet,399.99,192.0,8,3199.92,1536.0,1663.92,0,Michael Brown
SO-11559,2023-12-17,2023-12-23,In-Store,WARE-MCD2201,Northeast,Connecticut,Bridgeport,Summit Digital Supply,Small Business,Furniture,Corner Desk,699.99,345.0,17,11542.83,5865.0,5677.83,3,Kevin Williams
SO-11560,2022-08-16,2022-08-22,In-Store,WARE-MCD2201,Northeast,Connecticut,Waterbury,Bright Central Inc,Retail,Electronics,Action Camera,349.99,170.0,13,4322.37,2210.0,2112.37,5,Amanda Torres
SO-11561,2023-07-21,2023-07-25,Distributor,WARE-NBV1002,West,Nevada,Henderson,Bright Horizon Co,Retail,Clothing,Chinos,74.99,30.0,22,1600.28,660.0,940.28,3,James Carter
SO-11562,2022-01-03,2022-01-09,Online,WARE-ATL5509,Southeast,Kentucky,Covington,Central Global Corp,Corporate,Clothing,Winter Coat,149.99,65.0,14,1994.86,910.0,1084.86,5,Sarah Mitchell
SO-11563,2022-07-10,2022-07-20,Distributor,WARE-PJW3508,Southeast,Kentucky,Lexington,National Core Inc,Government,Electronics,AirPods Pro,249.99,135.0,4,949.96,540.0,409.96,5,Rachel Scott
SO-11564,2022-07-17,2022-07-21,Online,WARE-NBV1002,Northeast,Pennsylvania,Pittsburgh,Premier National Solutions,Small Business,Office Supplies,Laminator,89.99,40.0,9,809.91,360.0,449.91,0,Lisa Chen
SO-11565,2023-09-26,2023-10-10,Wholesale,WARE-ATL5509,Southwest,Wyoming,Laramie,Pioneer Metro Group,Government,Electronics,iPhone 15,999.99,620.0,8,7599.92,4960.0,2639.92,5,Kevin Williams
SO-11566,2022-07-17,2022-07-21,Wholesale,WARE-UHY1004,Southeast,Maryland,Frederick,Coastal Premier Distributors,Corporate,Office Supplies,Whiteboard,159.99,72.0,7,1086.33,504.0,582.33,3,Kevin Williams
SO-11567,2022-05-10,2022-05-16,Wholesale,WARE-PJW3508,Northeast,Rhode Island,East Providence,Premier Bright Inc,Government,Office Supplies,Label Printer,179.99,82.0,9,1619.91,738.0,881.91,0,David Park
SO-11568,2022-05-01,2022-05-05,Wholesale,WARE-MCD2201,Midwest,Nebraska,Kearney,Coastal Elite LLC,Enterprise,Office Supplies,Printer Cartridges,89.99,32.0,5,404.95,160.0,244.95,10,Rachel Scott
SO-11569,2023-01-29,2023-02-03,Wholesale,WARE-PJW3508,Midwest,Wisconsin,Madison,Pacific Bright Group,Government,Electronics,Laptop Pro 15,1299.99,780.0,6,7409.94,4680.0,2729.94,5,Sarah Mitchell
SO-11570,2022-03-19,2022-03-22,Wholesale,WARE-PJW3508,Southeast,Virginia,Norfolk,National Coastal Corp,Retail,Clothing,Golf Polo,64.99,26.0,8,493.92,208.0,285.92,5,Lisa Chen
SO-11571,2022-04-16,2022-04-22,In-Store,WARE-NBV1002,South,Oklahoma,Broken Arrow,Central Atlantic Enterprises,Corporate,Furniture,Bookshelf,249.99,110.0,5,1062.45,550.0,512.45,15,Rachel Scott
SO-11572,2022-05-21,2022-05-24,In-Store,WARE-PJW3508,Southeast,Virginia,Newport News,Atlantic Pacific Solutions,Enterprise,Furniture,Office Chair,299.99,145.0,9,2699.91,1305.0,1394.91,0,James Carter
SO-11573,2024-03-01,2024-03-04,Online,WARE-ATL5509,Midwest,Ohio,Cincinnati,Sterling National Retail,Retail,Office Supplies,Letter Opener,14.99,5.0,5,74.95,25.0,49.95,0,Amanda Torres
SO-11574,2023-09-12,2023-09-17,In-Store,WARE-PJW3508,Southeast,West Virginia,Huntington,Summit Summit LLC,Enterprise,Furniture,Lateral File Cabinet,399.99,192.0,5,1899.95,960.0,939.95,5,Kevin Williams
SO-11575,2023-05-10,2023-05-12,In-Store,WARE-UHY1004,Northeast,Connecticut,Hartford,Coastal Bright Group,Small Business,Furniture,Laptop Cart,299.99,145.0,16,4319.84,2320.0,1999.84,10,Rachel Scott
SO-11576,2023-01-02,2023-01-06,Distributor,WARE-NBV1002,Southeast,Delaware,Middletown,Swift Sterling Trading,Government,Furniture,Corner Desk,699.99,345.0,2,1259.98,690.0,569.98,10,Lisa Chen
SO-11577,2023-07-09,2023-07-23,Wholesale,WARE-UHY1004,Southwest,Wyoming,Rock Springs,Central Horizon Corp,Corporate,Office Supplies,Letter Opener,14.99,5.0,7,99.68,35.0,64.68,5,Kevin Williams
SO-11578,2023-08-22,2023-08-27,Wholesale,WARE-UHY1004,Midwest,Missouri,Columbia,Pioneer Apex LLC,Government,Office Supplies,Ergonomic Mouse,59.99,24.0,7,407.33,168.0,239.33,3,Robert Adams
SO-11579,2023-07-01,2023-07-06,In-Store,WARE-ATL5509,South,Georgia,Augusta,Premier Sterling Enterprises,Retail,Electronics,iPhone 15 Pro,1199.99,780.0,7,7727.93,5460.0,2267.93,8,Emily Johnson
SO-11580,2022-01-14,2022-01-21,Online,WARE-PJW3508,Southeast,Kentucky,Bowling Green,Premier National Co,Government,Office Supplies,Ink Tank Printer,399.99,195.0,3,1199.97,585.0,614.97,0,Rachel Scott
SO-11581,2023-12-21,2023-12-26,Wholesale,WARE-NBV1002,South,South Carolina,Columbia,Metro Summit Trading,Enterprise,Electronics,USB-C Hub,79.99,32.0,29,2087.71,928.0,1159.71,10,Lisa Chen
SO-11582,2022-03-10,2022-03-17,Online,WARE-NBV1002,Northeast,Rhode Island,Pawtucket,Global National Distributors,Corporate,Office Supplies,Projector,699.99,340.0,16,11199.84,5440.0,5759.84,0,Rachel Scott
SO-11583,2023-09-27,2023-09-30,In-Store,WARE-MCD2201,South,Tennessee,Knoxville,Digital Pacific LLC,Corporate,Office Supplies,Calligraphy Set,39.99,15.0,6,227.94,90.0,137.94,5,James Carter
SO-11584,2023-05-13,2023-05-17,Wholesale,WARE-NBV1002,West,California,Anaheim,Coastal Atlantic Retail,Retail,Office Supplies,Tape Dispenser,24.99,9.0,2,47.48,18.0,29.48,5,David Park
SO-11585,2023-06-23,2023-06-25,In-Store,WARE-UHY1004,South,Mississippi,Biloxi,Pioneer National Enterprises,Enterprise,Office Supplies,Wireless Keyboard,89.99,38.0,13,994.37,494.0,500.37,15,David Park
SO-11586,2023-11-21,2023-11-25,Distributor,WARE-PJW3508,Northeast,Maine,South Portland,Central Atlantic Inc,Corporate,Office Supplies,Whiteboard,159.99,72.0,10,1551.9,720.0,831.9,3,David Park
SO-11587,2022-12-24,2022-12-31,In-Store,WARE-MCD2201,Midwest,Michigan,Grand Rapids,Atlantic Elite Enterprises,Retail,Electronics,Action Camera,349.99,170.0,20,6649.8,3400.0,3249.8,5,David Park
SO-11588,2023-03-09,2023-03-15,Online,WARE-PJW3508,Southeast,Maryland,Gaithersburg,Sterling Premier Distributors,Retail,Clothing,Formal Jacket,129.99,55.0,7,773.43,385.0,388.43,15,Sarah Mitchell
SO-11589,2023-07-18,2023-07-20,In-Store,WARE-UHY1004,West,Nevada,Reno,Horizon Core Distributors,Enterprise,Electronics,Conference Camera,449.99,210.0,16,7199.84,3360.0,3839.84,0,Robert Adams
SO-11590,2022-11-12,2022-11-18,Distributor,WARE-PJW3508,Northeast,Connecticut,Bridgeport,Horizon Premier Group,Retail,Office Supplies,Tape Dispenser,24.99,9.0,20,499.8,180.0,319.8,0,Lisa Chen
SO-11591,2023-08-07,2023-08-11,In-Store,WARE-MCD2201,South,Oklahoma,Broken Arrow,Swift Apex Supply,Small Business,Furniture,Lateral File Cabinet,399.99,192.0,2,759.98,384.0,375.98,5,David Park
SO-11592,2023-04-24,2023-04-28,Online,WARE-NBV1002,Southeast,Delaware,Wilmington,Advanced Pacific Retail,Government,Furniture,Floor Lamp,159.99,72.0,6,883.14,432.0,451.14,8,Lisa Chen
SO-11593,2024-01-30,2024-02-03,Online,WARE-NBV1002,South,Oklahoma,Norman,Advanced National Solutions,Government,Furniture,Credenza,649.99,320.0,9,5381.91,2880.0,2501.91,8,Emily Johnson
SO-11594,2023-03-14,2023-03-18,Wholesale,WARE-ATL5509,West,Idaho,Boise,Atlantic Sterling Group,Government,Furniture,Hallway Table,279.99,132.0,2,515.18,264.0,251.18,8,Michael Brown
SO-11595,2024-01-16,2024-01-19,Wholesale,WARE-MCD2201,Midwest,Minnesota,Duluth,Apex Central Co,Small Business,Electronics,Smart Speaker,199.99,90.0,13,2339.87,1170.0,1169.87,10,David Park
SO-11596,2023-11-06,2023-11-13,Online,WARE-NBV1002,South,Mississippi,Meridian,Unity Apex Commerce,Small Business,Electronics,4K Camera,1199.99,600.0,22,26399.78,13200.0,13199.78,0,Amanda Torres
SO-11597,2024-03-06,2024-03-10,Online,WARE-PJW3508,West,Oregon,Hillsboro,Digital Swift Trading,Small Business,Electronics,Laptop Pro 15,1299.99,780.0,17,22099.83,13260.0,8839.83,0,Lisa Chen
SO-11598,2022-08-22,2022-08-27,In-Store,WARE-NBV1002,West,Utah,Salt Lake City,Bright Unity Group,Retail,Furniture,Conference Table,999.99,520.0,9,8279.91,4680.0,3599.91,8,Amanda Torres
SO-11599,2023-04-28,2023-05-03,Wholesale,WARE-MCD2201,Southwest,Hawaii,Hilo,Premier Premier Trading,Government,Electronics,Smart Speaker,199.99,90.0,4,799.96,360.0,439.96,0,Michael Brown
SO-11600,2023-10-25,2023-10-30,Online,WARE-MCD2201,Northeast,New York,Syracuse,Unity Pioneer Retail,Retail,Clothing,Linen Shirt,54.99,21.0,17,906.78,357.0,549.78,3,Emily Johnson
SO-11601,2022-06-23,2022-06-29,Distributor,WARE-PJW3508,Southeast,West Virginia,Huntington,Horizon Coastal Inc,Corporate,Furniture,Hallway Table,279.99,132.0,18,4435.02,2376.0,2059.02,12,Michael Brown
SO-11602,2023-04-12,2023-04-16,Wholesale,WARE-MCD2201,Southeast,Virginia,Norfolk,Central Pacific Commerce,Corporate,Electronics,Portable Projector,499.99,245.0,2,879.98,490.0,389.98,12,David Park
SO-11603,2023-02-16,2023-02-21,In-Store,WARE-ATL5509,West,Colorado,Colorado Springs,Horizon Elite Distributors,Government,Electronics,Surface Laptop,1399.99,870.0,6,8399.94,5220.0,3179.94,0,Sarah Mitchell
SO-11604,2022-06-07,2022-06-13,Wholesale,WARE-NBV1002,Southwest,Nevada,North Las Vegas,National Digital LLC,Government,Electronics,Wi-Fi Mesh System,399.99,190.0,15,5819.85,2850.0,2969.85,3,David Park
SO-11605,2023-08-25,2023-08-29,In-Store,WARE-NBV1002,Midwest,Nebraska,Bellevue,Bright Swift Retail,Small Business,Office Supplies,Electric Stapler,49.99,19.0,11,533.39,209.0,324.39,3,Lisa Chen
SO-11606,2023-01-03,2023-01-08,Distributor,WARE-ATL5509,Midwest,Nebraska,Omaha,Core Premier LLC,Retail,Electronics,Server Unit,4999.99,2800.0,14,64399.86,39200.0,25199.86,8,Emily Johnson
SO-11607,2022-08-26,2022-09-05,In-Store,WARE-NBV1002,Northeast,Rhode Island,Warwick,National Metro Supply,Retail,Office Supplies,Flip Chart,69.99,29.0,19,1263.31,551.0,712.31,5,Kevin Williams
SO-11608,2023-10-12,2023-10-22,Online,WARE-NBV1002,Northeast,Vermont,Barre,National Atlantic Solutions,Retail,Electronics,Action Camera,349.99,170.0,13,4322.37,2210.0,2112.37,5,Michael Brown
SO-11609,2022-01-02,2022-01-12,In-Store,WARE-MCD2201,Southeast,District of Columbia,Washington,Atlantic Horizon Inc,Enterprise,Electronics,VR Headset,599.99,280.0,7,4199.93,1960.0,2239.93,0,James Carter
SO-11610,2023-10-07,2023-10-09,In-Store,WARE-ATL5509,West,California,Sacramento,Digital Premier Trading,Small Business,Electronics,Conference Camera,449.99,210.0,18,8099.82,3780.0,4319.82,0,Rachel Scott
SO-11611,2023-06-24,2023-06-30,Distributor,WARE-ATL5509,West,Idaho,Nampa,Global Digital Corp,Small Business,Furniture,Mesh Chair,319.99,155.0,12,3839.88,1860.0,1979.88,0,Amanda Torres
SO-11612,2023-07-07,2023-07-12,Online,WARE-UHY1004,Southwest,Colorado,Denver,Atlantic Core Trading,Retail,Electronics,Smart Display,349.99,165.0,2,594.98,330.0,264.98,15,David Park
SO-11613,2022-05-17,2022-05-21,In-Store,WARE-MCD2201,West,Oregon,Portland,Digital Metro Retail,Small Business,Electronics,USB Microphone,179.99,78.0,1,179.99,78.0,101.99,0,Michael Brown
SO-11614,2023-01-26,2023-02-01,Online,WARE-UHY1004,Midwest,Wisconsin,Madison,Unity Horizon Inc,Corporate,Furniture,Bar Cart,299.99,140.0,6,1709.94,840.0,869.94,5,Michael Brown
SO-11615,2023-01-18,2023-01-23,In-Store,WARE-MCD2201,Southwest,Nevada,Reno,Bright Pacific Corp,Enterprise,Office Supplies,Ergonomic Mouse,59.99,24.0,7,419.93,168.0,251.93,0,Emily Johnson
SO-11616,2023-04-08,2023-04-15,Wholesale,WARE-NBV1002,Northeast,Connecticut,Waterbury,National Core Trading,Small Business,Furniture,TV Stand,249.99,118.0,13,3249.87,1534.0,1715.87,0,Michael Brown
SO-11617,2022-11-12,2022-11-17,Online,WARE-ATL5509,South,Mississippi,Biloxi,Central Advanced Commerce,Retail,Office Supplies,Wireless Keyboard,89.99,38.0,5,436.45,190.0,246.45,3,Lisa Chen
SO-11618,2022-10-06,2022-10-11,Wholesale,WARE-UHY1004,Midwest,Illinois,Springfield,Apex Bright Enterprises,Government,Clothing,Sun Hat,34.99,13.0,17,594.83,221.0,373.83,0,Lisa Chen
SO-11619,2022-05-11,2022-05-16,Wholesale,WARE-PJW3508,Midwest,Missouri,Columbia,Coastal Digital Distributors,Government,Office Supplies,Filing Cabinet,199.99,95.0,8,1471.92,760.0,711.92,8,Sarah Mitchell
SO-11620,2023-05-12,2023-05-15,Wholesale,WARE-UHY1004,South,Alabama,Tuscaloosa,Advanced Premier Distributors,Small Business,Furniture,TV Stand,249.99,118.0,6,1499.94,708.0,791.94,0,David Park
SO-11621,2023-03-03,2023-03-06,In-Store,WARE-UHY1004,Southeast,Delaware,Dover,Bright Bright Trading,Enterprise,Electronics,Action Camera,349.99,170.0,13,4094.87,2210.0,1884.87,10,David Park
SO-11622,2024-01-25,2024-01-29,Wholesale,WARE-MCD2201,Southeast,Delaware,Smyrna,Swift Horizon Trading,Retail,Office Supplies,Label Maker,59.99,24.0,18,1025.82,432.0,593.82,5,Rachel Scott
SO-11623,2022-05-05,2022-05-09,In-Store,WARE-NBV1002,South,Alabama,Mobile,Metro Unity Co,Enterprise,Electronics,Smart TV 55,799.99,400.0,8,6399.92,3200.0,3199.92,0,Emily Johnson
SO-11624,2022-05-10,2022-05-12,Online,WARE-MCD2201,Southeast,Delaware,Dover,Pacific Sterling Co,Retail,Electronics,Wireless Headphones,249.99,99.0,13,3249.87,1287.0,1962.87,0,Robert Adams
SO-11625,2023-10-30,2023-11-06,Distributor,WARE-NBV1002,Southeast,District of Columbia,Washington,Bright Pacific Group,Corporate,Furniture,Adjustable Monitor Stand,129.99,58.0,8,987.92,464.0,523.92,5,Emily Johnson
SO-11626,2022-06-05,2022-06-12,Wholesale,WARE-PJW3508,Southeast,Kentucky,Covington,Summit Metro Distributors,Retail,Clothing,Fleece Hoodie,74.99,30.0,22,1484.78,660.0,824.78,10,Michael Brown
SO-11627,2023-09-28,2023-10-01,Online,WARE-ATL5509,South,Georgia,Augusta,National Pioneer Group,Retail,Electronics,VR Headset,599.99,280.0,5,2999.95,1400.0,1599.95,0,David Park
SO-11628,2023-09-28,2023-10-01,Distributor,WARE-MCD2201,West,Montana,Billings,Swift Metro Retail,Government,Furniture,Laptop Cart,299.99,145.0,13,3314.87,1885.0,1429.87,15,Robert Adams
SO-11629,2023-10-06,2023-10-11,Wholesale,WARE-ATL5509,Northeast,Massachusetts,Cambridge,Central Atlantic Commerce,Enterprise,Furniture,Lounge Chair,399.99,195.0,1,367.99,195.0,172.99,8,Amanda Torres
SO-11630,2024-03-25,2024-03-30,Online,WARE-UHY1004,South,Louisiana,New Orleans,Premier Pioneer Group,Retail,Furniture,Lounge Chair,399.99,195.0,10,3999.9,1950.0,2049.9,0,Rachel Scott
SO-11631,2023-05-24,2023-05-29,Online,WARE-UHY1004,Midwest,Missouri,Kansas City,Pacific Horizon Solutions,Retail,Electronics,MacBook Pro 16,2499.99,1650.0,16,39999.84,26400.0,13599.84,0,Sarah Mitchell
SO-11632,2023-12-13,2023-12-20,In-Store,WARE-ATL5509,Southeast,Kentucky,Lexington,Core Pacific Distributors,Retail,Electronics,Wireless Headphones,249.99,99.0,24,5099.76,2376.0,2723.76,15,Emily Johnson
SO-11633,2024-01-20,2024-01-27,Online,WARE-PJW3508,South,Arkansas,Little Rock,Advanced Digital Co,Retail,Office Supplies,Heavy Duty Punch,79.99,34.0,6,455.94,204.0,251.94,5,David Park
SO-11634,2024-03-04,2024-03-08,Distributor,WARE-NBV1002,Northeast,Maine,Auburn,Global Horizon Trading,Government,Clothing,Casual Pants,69.99,28.0,8,559.92,224.0,335.92,0,Sarah Mitchell
SO-11635,2023-05-10,2023-05-20,Online,WARE-PJW3508,West,California,Anaheim,Swift Bright Solutions,Enterprise,Furniture,Executive Desk,1199.99,620.0,8,9599.92,4960.0,4639.92,0,David Park
SO-11636,2024-03-24,2024-03-29,Online,WARE-NBV1002,South,Louisiana,New Orleans,Apex Swift Supply,Enterprise,Electronics,Wi-Fi Mesh System,399.99,190.0,12,4559.88,2280.0,2279.88,5,Amanda Torres
SO-11637,2023-01-10,2023-01-16,Wholesale,WARE-MCD2201,Midwest,Wisconsin,Racine,Coastal Metro Retail,Corporate,Clothing,Swimwear,49.99,19.0,8,399.92,152.0,247.92,0,James Carter
SO-11638,2024-01-05,2024-01-09,Online,WARE-UHY1004,Midwest,Illinois,Naperville,Atlantic Swift Co,Government,Office Supplies,Ergonomic Chair,349.99,175.0,10,3324.9,1750.0,1574.9,5,Kevin Williams
SO-11639,2022-08-03,2022-08-08,Distributor,WARE-ATL5509,South,Georgia,Atlanta,Metro National Commerce,Government,Electronics,Laptop Cooling Pad,49.99,19.0,20,999.8,380.0,619.8,0,David Park
SO-11640,2023-07-08,2023-07-12,Distributor,WARE-NBV1002,Southwest,Colorado,Denver,Premier Core Supply,Retail,Clothing,Linen Pants,64.99,26.0,2,123.48,52.0,71.48,5,Michael Brown
SO-11641,2024-01-10,2024-01-14,In-Store,WARE-ATL5509,Southwest,Alaska,Ketchikan,Summit Elite Inc,Retail,Office Supplies,Filing Cabinet,199.99,95.0,8,1471.92,760.0,711.92,8,Michael Brown
SO-11642,2023-05-15,2023-05-20,In-Store,WARE-NBV1002,Midwest,Illinois,Naperville,Swift Horizon Inc,Corporate,Electronics,Smart Home Hub,299.99,140.0,2,509.98,280.0,229.98,15,Rachel Scott
SO-11643,2022-03-22,2022-03-26,Online,WARE-PJW3508,Southwest,Arizona,Scottsdale,Coastal Coastal LLC,Government,Furniture,Lounge Chair,399.99,195.0,3,1199.97,585.0,614.97,0,Michael Brown
SO-11644,2022-06-16,2022-06-20,Wholesale,WARE-NBV1002,Southeast,Maryland,Bowie,Atlantic Core Retail,Enterprise,Electronics,VR Headset,599.99,280.0,14,8399.86,3920.0,4479.86,0,Amanda Torres
SO-11645,2022-08-20,2022-08-30,Distributor,WARE-PJW3508,Southwest,Nevada,Henderson,Horizon Horizon Co,Enterprise,Electronics,Home Theater System,1499.99,820.0,21,31499.79,17220.0,14279.79,0,Amanda Torres
SO-11646,2022-07-21,2022-07-26,Online,WARE-ATL5509,Southwest,New Mexico,Roswell,Sterling Coastal Supply,Government,Office Supplies,Ink Tank Printer,399.99,195.0,4,1599.96,780.0,819.96,0,Lisa Chen
SO-11647,2024-03-22,2024-03-29,In-Store,WARE-PJW3508,Southwest,Utah,Orem,Summit Central Corp,Government,Furniture,Storage Cabinet,449.99,215.0,16,6623.84,3440.0,3183.84,8,David Park
SO-11648,2024-02-07,2024-02-10,Distributor,WARE-MCD2201,Northeast,Rhode Island,Cranston,Sterling Global Corp,Government,Electronics,Smart Monitor 27,599.99,290.0,13,6863.87,3770.0,3093.87,12,Amanda Torres
SO-11649,2022-12-05,2022-12-10,Wholesale,WARE-NBV1002,Northeast,Pennsylvania,Erie,Coastal Coastal Group,Enterprise,Clothing,Formal Jacket,129.99,55.0,6,779.94,330.0,449.94,0,James Carter
SO-11650,2022-01-09,2022-01-14,Online,WARE-UHY1004,South,Oklahoma,Oklahoma City,Elite Bright Inc,Corporate,Clothing,Rain Jacket,99.99,42.0,18,1799.82,756.0,1043.82,0,Emily Johnson
SO-11651,2022-01-24,2022-01-28,Wholesale,WARE-ATL5509,Southwest,New Mexico,Las Cruces,Digital Apex Distributors,Enterprise,Furniture,Glass Desk,799.99,400.0,9,6983.91,3600.0,3383.91,3,Emily Johnson
SO-11652,2023-10-01,2023-10-06,Distributor,WARE-PJW3508,Northeast,Connecticut,Stamford,Digital Apex Enterprises,Enterprise,Electronics,MacBook Pro 16,2499.99,1650.0,18,44999.82,29700.0,15299.82,0,Michael Brown
SO-11653,2024-02-05,2024-02-15,Online,WARE-NBV1002,Southwest,Nevada,Las Vegas,Sterling Pioneer Group,Government,Furniture,Mesh Chair,319.99,155.0,18,5471.82,2790.0,2681.82,5,James Carter
SO-11654,2023-10-07,2023-10-12,Wholesale,WARE-UHY1004,Southwest,Arizona,Scottsdale,Sterling Pioneer Trading,Small Business,Clothing,Turtleneck,59.99,24.0,12,683.88,288.0,395.88,5,Rachel Scott
SO-11655,2023-09-24,2023-09-27,Wholesale,WARE-NBV1002,Southwest,Wyoming,Casper,Coastal Global Group,Retail,Electronics,Ring Light,89.99,36.0,16,1324.64,576.0,748.64,8,Robert Adams
SO-11656,2022-01-11,2022-01-16,In-Store,WARE-UHY1004,Midwest,Kansas,Olathe,Central Coastal Inc,Enterprise,Electronics,Smart Thermostat,249.99,115.0,10,2499.9,1150.0,1349.9,0,Sarah Mitchell
SO-11657,2023-01-19,2023-01-25,Online,WARE-MCD2201,Midwest,Kansas,Kansas City,Digital National Retail,Retail,Electronics,Surface Laptop,1399.99,870.0,7,9799.93,6090.0,3709.93,0,Sarah Mitchell
SO-11658,2023-03-27,2023-04-01,In-Store,WARE-UHY1004,Midwest,Missouri,Kansas City,Advanced Sterling LLC,Government,Furniture,Partition Wall,349.99,168.0,2,699.98,336.0,363.98,0,Lisa Chen
SO-11659,2023-12-28,2024-01-07,Distributor,WARE-MCD2201,Midwest,Iowa,Iowa City,Elite Atlantic Retail,Government,Furniture,Conference Table,999.99,520.0,27,25649.73,14040.0,11609.73,5,James Carter
SO-11660,2023-06-22,2023-06-27,Wholesale,WARE-ATL5509,Midwest,Iowa,Des Moines,Central Sterling Supply,Small Business,Electronics,Kindle Paperwhite,139.99,62.0,22,2833.38,1364.0,1469.38,8,David Park
SO-11661,2022-11-27,2022-12-01,Online,WARE-PJW3508,Midwest,Missouri,Kansas City,Digital Coastal Commerce,Retail,Office Supplies,Filing Cabinet,199.99,95.0,34,5983.66,3230.0,2753.66,12,James Carter
SO-11662,2022-04-01,2022-04-05,In-Store,WARE-NBV1002,South,Tennessee,Chattanooga,Atlantic Bright Corp,Government,Clothing,Suit Set,299.99,135.0,18,5399.82,2430.0,2969.82,0,Lisa Chen
SO-11663,2022-05-28,2022-06-01,Distributor,WARE-PJW3508,West,New Mexico,Las Cruces,Elite Bright Trading,Corporate,Office Supplies,Filing Cabinet,199.99,95.0,16,3199.84,1520.0,1679.84,0,Robert Adams
SO-11664,2023-02-09,2023-02-14,Wholesale,WARE-MCD2201,Southeast,Virginia,Chesapeake,Premier Advanced Corp,Small Business,Office Supplies,Projector,699.99,340.0,15,8924.85,5100.0,3824.85,15,Rachel Scott
SO-11665,2022-05-25,2022-05-28,Distributor,WARE-NBV1002,Southwest,Nevada,Henderson,Global Bright LLC,Corporate,Furniture,Accent Table,199.99,92.0,2,399.98,184.0,215.98,0,David Park
SO-11666,2022-10-13,2022-10-16,In-Store,WARE-ATL5509,Southeast,Virginia,Norfolk,Horizon Pacific Distributors,Corporate,Office Supplies,Card Reader,39.99,15.0,10,379.9,150.0,229.9,5,Amanda Torres
SO-11667,2023-12-08,2023-12-11,Wholesale,WARE-ATL5509,Midwest,Indiana,Indianapolis,Metro Digital Solutions,Government,Furniture,Ergonomic Chair Pro,449.99,218.0,24,9935.76,5232.0,4703.76,8,Rachel Scott
SO-11668,2022-01-31,2022-02-06,In-Store,WARE-UHY1004,Northeast,Pennsylvania,Reading,Sterling National Group,Retail,Office Supplies,Label Printer,179.99,82.0,1,165.59,82.0,83.59,8,Robert Adams
SO-11669,2022-08-12,2022-08-22,Wholesale,WARE-PJW3508,South,Arkansas,Springdale,Unity Metro Trading,Retail,Clothing,Golf Polo,64.99,26.0,8,478.32,208.0,270.32,8,James Carter
SO-11670,2022-09-01,2022-09-07,Distributor,WARE-UHY1004,West,California,Sacramento,Core Pioneer Corp,Enterprise,Furniture,Conference Table,999.99,520.0,13,12349.87,6760.0,5589.87,5,Sarah Mitchell
SO-11671,2022-02-24,2022-03-03,Distributor,WARE-ATL5509,Southwest,New Mexico,Santa Fe,Global Central Enterprises,Small Business,Furniture,Adjustable Monitor Stand,129.99,58.0,5,617.45,290.0,327.45,5,David Park
SO-11672,2022-01-03,2022-01-10,Wholesale,WARE-UHY1004,West,Utah,West Valley City,Metro National Supply,Government,Furniture,TV Stand,249.99,118.0,14,3499.86,1652.0,1847.86,0,Lisa Chen
SO-11673,2022-03-14,2022-03-19,In-Store,WARE-NBV1002,Southwest,Alaska,Juneau,Pioneer Core Enterprises,Government,Clothing,Suit Set,299.99,135.0,10,2849.9,1350.0,1499.9,5,Emily Johnson
SO-11674,2024-03-19,2024-03-23,Distributor,WARE-PJW3508,Southeast,District of Columbia,Washington,Central Metro Distributors,Corporate,Furniture,Bar Cart,299.99,140.0,3,791.97,420.0,371.97,12,Michael Brown
SO-11675,2024-03-04,2024-03-08,Distributor,WARE-MCD2201,Southeast,District of Columbia,Washington,Summit National Distributors,Corporate,Office Supplies,Stapler Heavy Duty,29.99,11.0,14,419.86,154.0,265.86,0,Robert Adams
SO-11676,2022-04-17,2022-04-23,Online,WARE-NBV1002,Northeast,Connecticut,Waterbury,Pioneer National Co,Corporate,Electronics,Satellite Phone,799.99,420.0,11,7743.89,4620.0,3123.89,12,Robert Adams
SO-11677,2022-07-17,2022-07-31,In-Store,WARE-PJW3508,Southwest,Hawaii,Kapolei,Horizon Sterling Corp,Retail,Office Supplies,Document Scanner,299.99,145.0,20,5699.8,2900.0,2799.8,5,Amanda Torres
SO-11678,2022-07-29,2022-08-03,Distributor,WARE-NBV1002,Southwest,Hawaii,Honolulu,Horizon Metro Solutions,Retail,Office Supplies,Document Scanner,299.99,145.0,16,4223.84,2320.0,1903.84,12,Kevin Williams
SO-11679,2024-01-11,2024-01-16,Distributor,WARE-MCD2201,Northeast,Vermont,Burlington,Coastal Sterling Enterprises,Corporate,Office Supplies,Wireless Keyboard,89.99,38.0,9,769.41,342.0,427.41,5,Lisa Chen
SO-11680,2024-03-04,2024-03-08,Wholesale,WARE-UHY1004,Southeast,West Virginia,Parkersburg,National Global Distributors,Small Business,Furniture,TV Stand,249.99,118.0,13,2859.87,1534.0,1325.87,12,David Park
SO-11681,2022-05-25,2022-05-28,Wholesale,WARE-PJW3508,Northeast,New York,Syracuse,Summit Global LLC,Enterprise,Electronics,NAS Storage,899.99,450.0,14,11591.86,6300.0,5291.86,8,Lisa Chen
SO-11682,2022-12-05,2022-12-11,Distributor,WARE-MCD2201,Southwest,Hawaii,Kaneohe,Coastal Pioneer Solutions,Enterprise,Clothing,Rain Jacket,99.99,42.0,34,2991.66,1428.0,1563.66,12,Sarah Mitchell
SO-11683,2022-01-06,2022-01-09,Wholesale,WARE-ATL5509,South,Louisiana,Lafayette,Digital Pioneer Commerce,Small Business,Clothing,Rain Jacket,99.99,42.0,1,87.99,42.0,45.99,12,Michael Brown
SO-11684,2023-01-27,2023-01-31,Distributor,WARE-PJW3508,Southwest,New Mexico,Rio Rancho,Summit Premier Co,Corporate,Electronics,Smart Display,349.99,165.0,12,4199.88,1980.0,2219.88,0,Kevin Williams
SO-11685,2022-05-28,2022-06-01,In-Store,WARE-PJW3508,Southeast,Delaware,Middletown,Swift Central Inc,Retail,Furniture,Standing Desk,699.99,350.0,7,4507.93,2450.0,2057.93,8,James Carter
SO-11686,2023-02-23,2023-02-25,In-Store,WARE-ATL5509,Southwest,Arizona,Chandler,Sterling Advanced Corp,Retail,Electronics,Gaming PC,2499.99,1450.0,7,14874.93,10150.0,4724.93,15,James Carter
SO-11687,2023-09-19,2023-09-23,Distributor,WARE-ATL5509,South,Texas,El Paso,Advanced Pacific Group,Corporate,Electronics,Wireless Router,199.99,85.0,18,3059.82,1530.0,1529.82,15,Rachel Scott
SO-11688,2023-05-12,2023-05-15,Distributor,WARE-NBV1002,West,Washington,Everett,Pioneer Summit Commerce,Small Business,Clothing,Country Boots,119.99,52.0,16,1823.84,832.0,991.84,5,Lisa Chen
SO-11689,2022-11-22,2022-11-27,Online,WARE-ATL5509,West,Montana,Great Falls,Coastal Horizon Co,Enterprise,Electronics,Smart TV 55,799.99,400.0,5,3799.95,2000.0,1799.95,5,Amanda Torres
SO-11690,2022-01-20,2022-01-25,Wholesale,WARE-NBV1002,Southwest,Utah,Orem,Metro Summit Retail,Small Business,Furniture,Hallway Table,279.99,132.0,11,2710.29,1452.0,1258.29,12,Rachel Scott
SO-11691,2022-04-03,2022-04-13,Distributor,WARE-ATL5509,Midwest,Wisconsin,Madison,Summit Pioneer Commerce,Corporate,Electronics,Gaming Console,499.99,250.0,12,5099.88,3000.0,2099.88,15,Amanda Torres
SO-11692,2022-04-09,2022-04-15,Wholesale,WARE-PJW3508,South,Louisiana,Baton Rouge,Sterling Swift Trading,Government,Electronics,Gaming Console,499.99,250.0,15,6749.85,3750.0,2999.85,10,Lisa Chen
SO-11693,2022-10-01,2022-10-07,In-Store,WARE-ATL5509,Northeast,New Jersey,Newark,Global Unity Commerce,Enterprise,Clothing,Suit Set,299.99,135.0,17,4946.83,2295.0,2651.83,3,Kevin Williams
SO-11694,2023-03-07,2023-03-11,Distributor,WARE-ATL5509,West,Idaho,Meridian,Premier Central Inc,Retail,Electronics,NAS Storage,899.99,450.0,6,5237.94,2700.0,2537.94,3,Rachel Scott
SO-11695,2022-10-27,2022-10-31,Wholesale,WARE-UHY1004,Midwest,Michigan,Sterling Heights,Elite Global Trading,Government,Clothing,Athleisure Set,119.99,50.0,17,1835.83,850.0,985.83,10,Emily Johnson
SO-11696,2024-03-28,2024-04-02,Wholesale,WARE-PJW3508,Southwest,Arizona,Mesa,Summit Sterling Corp,Enterprise,Electronics,USB Microphone,179.99,78.0,3,475.17,234.0,241.17,12,Rachel Scott
SO-11697,2022-06-06,2022-06-09,Wholesale,WARE-ATL5509,Midwest,Missouri,Independence,National Horizon LLC,Government,Electronics,Smart Display,349.99,165.0,9,3149.91,1485.0,1664.91,0,Rachel Scott
SO-11698,2023-11-27,2023-11-29,Wholesale,WARE-NBV1002,Northeast,Connecticut,New Haven,Pioneer Advanced Supply,Government,Office Supplies,Desk Organizer,29.99,11.0,6,165.54,66.0,99.54,8,Michael Brown
SO-11699,2022-09-23,2022-09-29,Distributor,WARE-UHY1004,West,New Mexico,Roswell,Central Horizon Solutions,Government,Furniture,Floor Lamp,159.99,72.0,3,431.97,216.0,215.97,10,Kevin Williams
SO-11700,2024-02-06,2024-02-11,Distributor,WARE-MCD2201,Northeast,New Hampshire,Dover,Apex Bright LLC,Government,Electronics,Smart Thermostat,249.99,115.0,7,1749.93,805.0,944.93,0,James Carter
SO-11701,2023-09-16,2023-09-20,Wholesale,WARE-MCD2201,Southeast,Delaware,Newark,Elite Unity Co,Small Business,Furniture,Partition Wall,349.99,168.0,13,4003.87,2184.0,1819.87,12,Kevin Williams
SO-11702,2022-03-23,2022-03-27,Online,WARE-PJW3508,Northeast,Connecticut,Hartford,Atlantic Premier LLC,Corporate,Clothing,Velvet Blazer,179.99,80.0,5,827.95,400.0,427.95,8,Kevin Williams
SO-11703,2024-03-13,2024-03-18,Wholesale,WARE-MCD2201,Southeast,North Carolina,Raleigh,Global Horizon Inc,Government,Clothing,Board Shorts,54.99,21.0,4,219.96,84.0,135.96,0,James Carter
SO-11704,2023-05-08,2023-05-13,In-Store,WARE-UHY1004,Northeast,New York,Rochester,Coastal Swift Distributors,Enterprise,Office Supplies,Whiteboard,159.99,72.0,5,799.95,360.0,439.95,0,Kevin Williams
SO-11705,2022-09-06,2022-09-08,Wholesale,WARE-ATL5509,Southwest,Alaska,Juneau,Pioneer Digital Commerce,Small Business,Clothing,Formal Jacket,129.99,55.0,11,1286.89,605.0,681.89,10,Emily Johnson
SO-11706,2023-03-29,2023-04-04,Distributor,WARE-PJW3508,Midwest,Indiana,South Bend,Elite Atlantic Solutions,Corporate,Electronics,Ring Light,89.99,36.0,8,719.92,288.0,431.92,0,Lisa Chen
SO-11707,2022-04-06,2022-04-11,Distributor,WARE-PJW3508,West,California,Fresno,National Unity Co,Corporate,Office Supplies,Ink Tank Printer,399.99,195.0,17,5779.83,3315.0,2464.83,15,Michael Brown
SO-11708,2022-03-20,2022-03-23,In-Store,WARE-PJW3508,Midwest,Kansas,Topeka,Metro Atlantic Corp,Corporate,Office Supplies,Label Printer,179.99,82.0,10,1619.9,820.0,799.9,10,Emily Johnson
SO-11709,2023-10-05,2023-10-12,Online,WARE-ATL5509,West,Idaho,Idaho Falls,Core Pacific Supply,Retail,Electronics,Home Theater System,1499.99,820.0,13,17159.87,10660.0,6499.87,12,Amanda Torres
SO-11710,2022-08-26,2022-09-09,Distributor,WARE-PJW3508,Southeast,West Virginia,Wheeling,Apex Central Commerce,Retail,Electronics,Wireless Headphones,249.99,99.0,22,5224.78,2178.0,3046.78,5,Amanda Torres
SO-11711,2024-03-01,2024-03-07,Wholesale,WARE-UHY1004,Southeast,Kentucky,Bowling Green,Sterling Global LLC,Small Business,Electronics,Gaming Console,499.99,250.0,14,6439.86,3500.0,2939.86,8,Rachel Scott
SO-11712,2023-11-09,2023-11-16,Wholesale,WARE-UHY1004,Midwest,Iowa,Cedar Rapids,Bright Horizon Solutions,Government,Clothing,Linen Shirt,54.99,21.0,16,835.84,336.0,499.84,5,Robert Adams
SO-11713,2023-02-07,2023-02-13,Online,WARE-PJW3508,Southwest,Hawaii,Hilo,Metro Summit Distributors,Government,Electronics,Conference Camera,449.99,210.0,18,7856.82,3780.0,4076.82,3,Lisa Chen
SO-11714,2022-06-29,2022-07-02,Distributor,WARE-ATL5509,Southwest,Colorado,Colorado Springs,Pacific Swift Solutions,Small Business,Office Supplies,Whiteboard,159.99,72.0,11,1671.89,792.0,879.89,5,Rachel Scott
SO-11715,2022-11-04,2022-11-10,Online,WARE-PJW3508,West,Utah,Salt Lake City,Advanced Coastal Corp,Government,Clothing,Denim Jacket,89.99,38.0,21,1700.79,798.0,902.79,10,Lisa Chen
SO-11716,2024-01-29,2024-02-03,In-Store,WARE-UHY1004,Southeast,Maryland,Baltimore,Global Pioneer Inc,Corporate,Clothing,Rain Jacket,99.99,42.0,4,359.96,168.0,191.96,10,Kevin Williams
SO-11717,2022-10-21,2022-10-25,Online,WARE-ATL5509,Southwest,Arizona,Chandler,Advanced Horizon Trading,Enterprise,Electronics,Kindle Paperwhite,139.99,62.0,4,531.96,248.0,283.96,5,Kevin Williams
SO-11718,2024-01-24,2024-01-29,In-Store,WARE-UHY1004,South,Arkansas,Springdale,Swift Coastal Co,Corporate,Furniture,Standing Desk,699.99,350.0,5,3499.95,1750.0,1749.95,0,Robert Adams
SO-11719,2022-07-11,2022-07-16,Wholesale,WARE-NBV1002,West,Nevada,Las Vegas,Central Coastal Enterprises,Government,Clothing,Sun Hat,34.99,13.0,5,169.7,65.0,104.7,3,David Park
SO-11720,2022-05-23,2022-05-29,In-Store,WARE-UHY1004,West,Utah,West Jordan,Advanced Premier Inc,Small Business,Electronics,Laptop Pro 15,1299.99,780.0,11,13870.89,8580.0,5290.89,3,Emily Johnson
SO-11721,2022-08-02,2022-08-16,Distributor,WARE-ATL5509,Midwest,Nebraska,Kearney,National Central Enterprises,Corporate,Electronics,Surface Laptop,1399.99,870.0,16,19711.84,13920.0,5791.84,12,Sarah Mitchell
SO-11722,2022-06-03,2022-06-07,Online,WARE-ATL5509,West,New Mexico,Roswell,Atlantic Advanced Co,Small Business,Electronics,Home Theater System,1499.99,820.0,22,30359.78,18040.0,12319.78,8,Emily Johnson
SO-11723,2023-02-09,2023-02-14,Online,WARE-ATL5509,South,Alabama,Birmingham,Summit Coastal Inc,Retail,Clothing,Winter Coat,149.99,65.0,12,1709.88,780.0,929.88,5,Emily Johnson
SO-11724,2023-08-05,2023-08-11,Distributor,WARE-PJW3508,West,Oregon,Gresham,Coastal Core Retail,Government,Office Supplies,Paper Shredder,129.99,62.0,20,2469.8,1240.0,1229.8,5,Robert Adams
SO-11725,2022-09-27,2022-10-01,Distributor,WARE-NBV1002,Southwest,Nevada,North Las Vegas,Global Elite Commerce,Small Business,Clothing,Velvet Blazer,179.99,80.0,3,539.97,240.0,299.97,0,Lisa Chen
SO-11726,2023-12-01,2023-12-08,In-Store,WARE-ATL5509,Midwest,Ohio,Cleveland,Horizon Summit Corp,Corporate,Furniture,Mesh Chair,319.99,155.0,19,5593.41,2945.0,2648.41,8,Michael Brown
SO-11727,2023-01-05,2023-01-10,In-Store,WARE-UHY1004,West,Colorado,Colorado Springs,Apex Horizon Co,Enterprise,Electronics,GPU Card,999.99,620.0,9,8999.91,5580.0,3419.91,0,Sarah Mitchell
SO-11728,2023-06-14,2023-06-19,Online,WARE-PJW3508,Northeast,New Jersey,Edison,Elite Pacific Corp,Corporate,Clothing,Linen Shirt,54.99,21.0,16,835.84,336.0,499.84,5,Rachel Scott
SO-11729,2023-10-29,2023-11-03,Distributor,WARE-ATL5509,Midwest,Wisconsin,Madison,Elite Metro Supply,Corporate,Clothing,Athleisure Set,119.99,50.0,14,1478.26,700.0,778.26,12,James Carter
SO-11730,2022-11-16,2022-11-21,In-Store,WARE-MCD2201,Northeast,New Hampshire,Derry,Pacific Pacific Co,Retail,Office Supplies,Paper Shredder,129.99,62.0,16,1975.84,992.0,983.84,5,Kevin Williams
SO-11731,2024-03-28,2024-03-31,Wholesale,WARE-ATL5509,West,Oregon,Portland,Atlantic Metro Distributors,Enterprise,Electronics,Ring Light,89.99,36.0,18,1457.82,648.0,809.82,10,David Park
SO-11732,2023-02-21,2023-02-27,In-Store,WARE-UHY1004,Midwest,Michigan,Warren,Summit Central Distributors,Corporate,Clothing,Formal Jacket,129.99,55.0,18,2339.82,990.0,1349.82,0,Lisa Chen
SO-11733,2022-02-04,2022-02-08,Distributor,WARE-PJW3508,Midwest,Michigan,Grand Rapids,Premier Unity Trading,Corporate,Electronics,Smart Speaker,199.99,90.0,2,399.98,180.0,219.98,0,Lisa Chen
SO-11734,2022-10-24,2022-10-26,Distributor,WARE-NBV1002,South,Georgia,Augusta,Horizon Metro LLC,Enterprise,Electronics,iPhone 15 Pro,1199.99,780.0,5,5519.95,3900.0,1619.95,8,Lisa Chen
SO-11735,2023-03-11,2023-03-15,In-Store,WARE-PJW3508,Southwest,Nevada,Las Vegas,Summit Summit Corp,Corporate,Electronics,Smart Speaker,199.99,90.0,8,1407.92,720.0,687.92,12,James Carter
SO-11736,2023-11-12,2023-11-14,Online,WARE-NBV1002,Midwest,Minnesota,Bloomington,Summit Global LLC,Corporate,Office Supplies,Projector,699.99,340.0,14,9015.86,4760.0,4255.86,8,Emily Johnson
SO-11737,2023-08-13,2023-08-17,Wholesale,WARE-NBV1002,Midwest,Kansas,Kansas City,Apex Premier Commerce,Small Business,Office Supplies,Whiteboard,159.99,72.0,5,799.95,360.0,439.95,0,Robert Adams
SO-11738,2023-11-27,2023-12-01,Wholesale,WARE-PJW3508,South,South Carolina,Greenville,Sterling Premier Commerce,Enterprise,Furniture,Storage Cabinet,449.99,215.0,21,9166.29,4515.0,4651.29,3,Rachel Scott
SO-11739,2023-08-21,2023-08-26,Online,WARE-ATL5509,West,Utah,Salt Lake City,Advanced Premier Supply,Enterprise,Office Supplies,Flip Chart,69.99,29.0,18,1222.02,522.0,700.02,3,Emily Johnson
SO-11740,2023-11-09,2023-11-13,Online,WARE-PJW3508,West,New Mexico,Santa Fe,National Apex Trading,Small Business,Office Supplies,Flip Chart,69.99,29.0,26,1637.74,754.0,883.74,10,David Park
SO-11741,2023-05-15,2023-05-25,Wholesale,WARE-MCD2201,West,Nevada,Reno,National Unity Inc,Enterprise,Electronics,Desktop Computer,1499.99,890.0,13,18524.87,11570.0,6954.87,5,Sarah Mitchell
SO-11742,2023-02-19,2023-02-23,Distributor,WARE-UHY1004,Midwest,Iowa,Davenport,Advanced Coastal Trading,Enterprise,Office Supplies,Whiteboard,159.99,72.0,12,1727.88,864.0,863.88,10,Emily Johnson
SO-11743,2024-02-24,2024-03-02,Wholesale,WARE-MCD2201,Southeast,Delaware,Middletown,Summit Sterling Group,Government,Office Supplies,Ink Tank Printer,399.99,195.0,18,6983.82,3510.0,3473.82,3,Robert Adams
SO-11744,2022-06-10,2022-06-15,Distributor,WARE-PJW3508,Midwest,Ohio,Cincinnati,Elite Swift Group,Small Business,Clothing,Polo Shirt,44.99,18.0,22,910.58,396.0,514.58,8,Michael Brown
SO-11745,2023-11-16,2023-11-21,Distributor,WARE-ATL5509,West,Idaho,Meridian,Coastal Swift Corp,Retail,Clothing,Sports Jacket,109.99,46.0,4,439.96,184.0,255.96,0,Rachel Scott
SO-11746,2022-04-09,2022-04-16,In-Store,WARE-MCD2201,Southwest,Utah,Orem,Pacific Atlantic Trading,Corporate,Electronics,Smart Display,349.99,165.0,12,3695.88,1980.0,1715.88,12,James Carter
SO-11747,2022-05-14,2022-05-17,Wholesale,WARE-MCD2201,South,Texas,Corpus Christi,Global Atlantic Co,Government,Office Supplies,Desk Organizer,29.99,11.0,13,389.87,143.0,246.87,0,James Carter
SO-11748,2022-08-01,2022-08-04,Distributor,WARE-MCD2201,Southeast,Virginia,Richmond,Sterling Coastal Group,Retail,Furniture,TV Stand,249.99,118.0,5,1249.95,590.0,659.95,0,Robert Adams
SO-11749,2023-12-21,2023-12-25,Online,WARE-MCD2201,Midwest,Wisconsin,Madison,Elite Elite Distributors,Small Business,Office Supplies,Electric Stapler,49.99,19.0,21,965.79,399.0,566.79,8,Rachel Scott
SO-11750,2023-02-09,2023-02-14,Wholesale,WARE-MCD2201,Southeast,District of Columbia,Washington,Atlantic Premier Retail,Enterprise,Electronics,Tablet Pro,899.99,450.0,9,8099.91,4050.0,4049.91,0,Rachel Scott
SO-11751,2023-11-20,2023-11-25,In-Store,WARE-ATL5509,West,Washington,Everett,National Elite Solutions,Corporate,Clothing,Golf Polo,64.99,26.0,4,228.76,104.0,124.76,12,James Carter
SO-11752,2024-03-15,2024-03-18,Online,WARE-NBV1002,Northeast,Vermont,Burlington,Bright Core Co,Small Business,Office Supplies,Laminator,89.99,40.0,1,87.29,40.0,47.29,3,Emily Johnson
SO-11753,2023-11-13,2023-11-20,Distributor,WARE-NBV1002,South,Louisiana,Shreveport,Advanced Swift LLC,Government,Office Supplies,Desk Organizer,29.99,11.0,29,843.61,319.0,524.61,3,Kevin Williams
SO-11754,2023-03-21,2023-03-27,Online,WARE-NBV1002,Southwest,Colorado,Denver,Pacific Advanced Commerce,Retail,Electronics,Surface Laptop,1399.99,870.0,16,22399.84,13920.0,8479.84,0,James Carter
SO-11755,2022-02-18,2022-02-24,Wholesale,WARE-MCD2201,Midwest,Nebraska,Kearney,Metro Summit Commerce,Corporate,Electronics,Laptop Pro 13,1099.99,650.0,10,10999.9,6500.0,4499.9,0,David Park
SO-11756,2022-10-26,2022-10-29,Distributor,WARE-PJW3508,Southeast,North Carolina,Charlotte,Advanced Unity Supply,Government,Electronics,Gaming PC,2499.99,1450.0,5,12124.95,7250.0,4874.95,3,Michael Brown
SO-11757,2022-03-18,2022-03-21,Online,WARE-UHY1004,South,Texas,Austin,Bright Atlantic Enterprises,Government,Furniture,Modular Sofa,1499.99,750.0,14,18899.86,10500.0,8399.86,10,David Park
SO-11758,2023-12-20,2023-12-26,Online,WARE-ATL5509,Northeast,Massachusetts,Springfield,Elite Summit Supply,Enterprise,Clothing,Summer Dress,79.99,30.0,8,639.92,240.0,399.92,0,James Carter
SO-11759,2023-06-18,2023-06-25,In-Store,WARE-ATL5509,South,Louisiana,Lafayette,Sterling Pacific LLC,Retail,Electronics,AirPods Pro,249.99,135.0,19,4749.81,2565.0,2184.81,0,Michael Brown
SO-11760,2022-08-07,2022-08-12,Distributor,WARE-MCD2201,Midwest,Michigan,Sterling Heights,Apex Horizon Trading,Small Business,Electronics,USB-C Hub,79.99,32.0,15,1055.85,480.0,575.85,12,Rachel Scott
SO-11761,2023-10-15,2023-10-19,Distributor,WARE-UHY1004,Northeast,Pennsylvania,Reading,Coastal Atlantic Distributors,Small Business,Electronics,MacBook Air,1499.99,950.0,16,23999.84,15200.0,8799.84,0,Robert Adams
SO-11762,2023-12-29,2024-01-01,Wholesale,WARE-ATL5509,Northeast,Rhode Island,Warwick,Elite Pioneer Inc,Retail,Electronics,Surface Laptop,1399.99,870.0,18,23939.82,15660.0,8279.82,5,Robert Adams
SO-11763,2022-12-12,2022-12-26,Online,WARE-UHY1004,West,Washington,Bellevue,Horizon Sterling LLC,Enterprise,Furniture,Reception Desk,849.99,430.0,13,11049.87,5590.0,5459.87,0,Michael Brown
SO-11764,2023-06-23,2023-06-28,In-Store,WARE-NBV1002,West,Washington,Bellevue,Sterling Unity Distributors,Corporate,Furniture,Partition Wall,349.99,168.0,13,3867.37,2184.0,1683.37,15,Lisa Chen
SO-11765,2023-11-11,2023-11-15,In-Store,WARE-MCD2201,Northeast,Rhode Island,Pawtucket,Unity Sterling Corp,Corporate,Clothing,Turtleneck,59.99,24.0,28,1595.72,672.0,923.72,5,Amanda Torres
SO-11766,2023-01-06,2023-01-11,Online,WARE-NBV1002,South,Mississippi,Hattiesburg,Coastal Global Enterprises,Corporate,Office Supplies,Ink Tank Printer,399.99,195.0,13,4939.87,2535.0,2404.87,5,Michael Brown
SO-11767,2023-01-23,2023-01-29,Wholesale,WARE-NBV1002,Southwest,Colorado,Denver,Premier Advanced Inc,Corporate,Office Supplies,Ergonomic Chair,349.99,175.0,17,5473.83,2975.0,2498.83,8,James Carter
SO-11768,2022-10-06,2022-10-11,Wholesale,WARE-UHY1004,Southwest,Alaska,Sitka,Summit Global Enterprises,Small Business,Electronics,Laptop Cooling Pad,49.99,19.0,4,175.96,76.0,99.96,12,Kevin Williams
SO-11769,2022-06-15,2022-06-19,In-Store,WARE-PJW3508,Southwest,Arizona,Phoenix,Summit Premier Corp,Corporate,Furniture,Hallway Table,279.99,132.0,6,1478.34,792.0,686.34,12,Kevin Williams
SO-11770,2022-07-17,2022-07-31,Online,WARE-PJW3508,Midwest,Iowa,Davenport,Core Sterling Inc,Corporate,Office Supplies,Card Reader,39.99,15.0,13,441.87,195.0,246.87,15,James Carter
SO-11771,2023-01-17,2023-01-23,In-Store,WARE-PJW3508,Southwest,Colorado,Fort Collins,Apex Global Solutions,Retail,Electronics,Gaming Console,499.99,250.0,4,1939.96,1000.0,939.96,3,Robert Adams
SO-11772,2024-03-21,2024-03-25,Wholesale,WARE-ATL5509,South,Oklahoma,Lawton,Horizon Swift Inc,Small Business,Office Supplies,Ergonomic Chair,349.99,175.0,14,4654.86,2450.0,2204.86,5,James Carter
SO-11773,2022-11-04,2022-11-10,Distributor,WARE-UHY1004,South,Oklahoma,Oklahoma City,National Sterling LLC,Government,Electronics,Laptop Pro 13,1099.99,650.0,9,9404.91,5850.0,3554.91,5,Sarah Mitchell
SO-11774,2023-02-24,2023-02-28,Online,WARE-ATL5509,Southwest,Colorado,Aurora,Swift Metro Corp,Government,Clothing,Linen Pants,64.99,26.0,15,974.85,390.0,584.85,0,Rachel Scott
SO-11775,2023-05-25,2023-05-31,Online,WARE-UHY1004,South,Texas,Lubbock,National Digital Commerce,Corporate,Office Supplies,Laminator,89.99,40.0,18,1619.82,720.0,899.82,0,Emily Johnson
SO-11776,2023-02-17,2023-02-21,Wholesale,WARE-PJW3508,Southwest,Hawaii,Kailua,Swift Pioneer Solutions,Government,Office Supplies,Letter Opener,14.99,5.0,1,14.24,5.0,9.24,5,Rachel Scott
SO-11777,2023-08-13,2023-08-20,Online,WARE-PJW3508,Midwest,Illinois,Naperville,Central Bright Retail,Enterprise,Furniture,Work Bench,549.99,270.0,2,934.98,540.0,394.98,15,Robert Adams
SO-11778,2023-01-22,2023-01-28,In-Store,WARE-UHY1004,Southeast,Delaware,Smyrna,Pioneer Central Enterprises,Retail,Clothing,Business Casual Shirt,59.99,22.0,3,165.57,66.0,99.57,8,Michael Brown
SO-11779,2022-11-22,2022-11-27,Online,WARE-PJW3508,Midwest,Iowa,Des Moines,National Central Retail,Government,Electronics,Smart Speaker,199.99,90.0,12,2399.88,1080.0,1319.88,0,Kevin Williams
SO-11780,2022-01-21,2022-01-25,In-Store,WARE-ATL5509,Northeast,Connecticut,Bridgeport,Coastal Core Distributors,Retail,Office Supplies,Ink Tank Printer,399.99,195.0,17,6119.83,3315.0,2804.83,10,Michael Brown
SO-11781,2022-11-27,2022-12-02,In-Store,WARE-UHY1004,Midwest,Wisconsin,Kenosha,National Summit Co,Enterprise,Clothing,Chinos,74.99,30.0,3,224.97,90.0,134.97,0,Kevin Williams
SO-11782,2023-12-28,2024-01-01,Online,WARE-PJW3508,Northeast,New York,Albany,Pioneer National Trading,Government,Electronics,Smart Lock,249.99,115.0,11,2612.39,1265.0,1347.39,5,Lisa Chen
SO-11783,2022-06-28,2022-07-03,In-Store,WARE-PJW3508,Midwest,Iowa,Davenport,Global Premier Co,Retail,Electronics,Action Camera,349.99,170.0,17,5473.83,2890.0,2583.83,8,James Carter
SO-11784,2024-03-24,2024-03-30,Online,WARE-PJW3508,South,Tennessee,Memphis,Apex Premier Group,Government,Office Supplies,Copier Machine,1299.99,680.0,11,13584.89,7480.0,6104.89,5,Robert Adams
SO-11785,2022-01-21,2022-01-27,Online,WARE-MCD2201,Southeast,West Virginia,Huntington,Premier Core Distributors,Small Business,Electronics,Desktop Computer,1499.99,890.0,5,6899.95,4450.0,2449.95,8,Sarah Mitchell
SO-11786,2022-01-28,2022-01-31,Distributor,WARE-UHY1004,West,Arizona,Tucson,Swift Premier LLC,Government,Office Supplies,Document Scanner,299.99,145.0,10,2699.9,1450.0,1249.9,10,Robert Adams
SO-11787,2022-01-06,2022-01-10,Online,WARE-UHY1004,West,Utah,Orem,Apex Metro Group,Government,Office Supplies,Desk Organizer,29.99,11.0,13,389.87,143.0,246.87,0,Robert Adams
SO-11788,2022-07-09,2022-07-11,In-Store,WARE-UHY1004,Southeast,North Carolina,Greensboro,Bright Metro LLC,Small Business,Furniture,Standing Desk,699.99,350.0,6,4199.94,2100.0,2099.94,0,Lisa Chen
SO-11789,2023-09-11,2023-09-13,Distributor,WARE-MCD2201,Southeast,Virginia,Richmond,Premier Bright Retail,Corporate,Clothing,Polo Shirt,44.99,18.0,2,89.98,36.0,53.98,0,David Park
SO-11790,2024-01-06,2024-01-12,Distributor,WARE-NBV1002,South,Georgia,Augusta,Unity Apex Solutions,Retail,Clothing,Sun Hat,34.99,13.0,9,314.91,117.0,197.91,0,Rachel Scott
SO-11791,2022-10-20,2022-10-26,Wholesale,WARE-MCD2201,Southeast,Kentucky,Lexington,Summit National LLC,Retail,Office Supplies,Ergonomic Chair,349.99,175.0,12,4073.88,2100.0,1973.88,3,Kevin Williams
SO-11792,2023-03-28,2023-04-04,Distributor,WARE-PJW3508,Northeast,New Jersey,Paterson,Global Atlantic Distributors,Small Business,Clothing,Winter Coat,149.99,65.0,10,1349.9,650.0,699.9,10,Rachel Scott
SO-11793,2023-03-15,2023-03-21,Wholesale,WARE-MCD2201,Southwest,Arizona,Phoenix,Metro Apex Corp,Corporate,Clothing,Athleisure Set,119.99,50.0,14,1595.86,700.0,895.86,5,Robert Adams
SO-11794,2023-10-26,2023-10-31,Online,WARE-UHY1004,Northeast,Connecticut,Waterbury,Central Pacific Supply,Small Business,Electronics,Portable Projector,499.99,245.0,11,5499.89,2695.0,2804.89,0,Emily Johnson
SO-11795,2023-07-15,2023-07-17,In-Store,WARE-UHY1004,Northeast,Massachusetts,Cambridge,Central Elite Solutions,Small Business,Clothing,Board Shorts,54.99,21.0,16,791.84,336.0,455.84,10,Emily Johnson
SO-11796,2022-06-09,2022-06-16,Distributor,WARE-MCD2201,Southwest,Hawaii,Honolulu,Unity Sterling Retail,Small Business,Furniture,TV Stand,249.99,118.0,4,919.96,472.0,447.96,8,Amanda Torres
SO-11797,2022-11-16,2022-11-18,In-Store,WARE-ATL5509,Northeast,Massachusetts,Springfield,National Digital Solutions,Government,Office Supplies,Copier Machine,1299.99,680.0,15,19499.85,10200.0,9299.85,0,Rachel Scott
SO-11798,2022-05-27,2022-06-01,In-Store,WARE-UHY1004,Southwest,Nevada,Henderson,Unity Coastal Trading,Retail,Electronics,Tablet Pro,899.99,450.0,9,6884.91,4050.0,2834.91,15,Kevin Williams
SO-11799,2023-07-22,2023-07-29,Online,WARE-PJW3508,Southwest,Colorado,Denver,Central Pioneer Distributors,Small Business,Clothing,Swimwear,49.99,19.0,8,359.92,152.0,207.92,10,Kevin Williams
SO-11800,2023-11-15,2023-11-22,Distributor,WARE-UHY1004,South,Texas,Dallas,Premier Central Trading,Retail,Electronics,Desktop Computer,1499.99,890.0,4,5699.96,3560.0,2139.96,5,Amanda Torres
SO-11801,2022-07-07,2022-07-11,Distributor,WARE-MCD2201,South,Alabama,Birmingham,National National Enterprises,Enterprise,Office Supplies,Desk Organizer,29.99,11.0,10,284.9,110.0,174.9,5,David Park
SO-11802,2023-03-28,2023-04-01,Distributor,WARE-PJW3508,Southeast,West Virginia,Parkersburg,Premier Premier Co,Corporate,Furniture,Partition Wall,349.99,168.0,17,5473.83,2856.0,2617.83,8,James Carter
SO-11803,2023-02-28,2023-03-14,Distributor,WARE-NBV1002,Midwest,Missouri,St. Louis,Pioneer Coastal Commerce,Small Business,Furniture,Standing Desk,699.99,350.0,5,3219.95,1750.0,1469.95,8,James Carter
SO-11804,2023-05-20,2023-05-25,Wholesale,WARE-ATL5509,West,Oregon,Gresham,Pioneer Global Distributors,Small Business,Clothing,Sun Hat,34.99,13.0,6,203.64,78.0,125.64,3,Michael Brown
SO-11805,2023-08-13,2023-08-17,In-Store,WARE-PJW3508,Southwest,Colorado,Colorado Springs,Global Premier Corp,Retail,Electronics,Smart Monitor 27,599.99,290.0,5,2849.95,1450.0,1399.95,5,Amanda Torres
SO-11806,2023-05-20,2023-05-27,Distributor,WARE-NBV1002,Southeast,Kentucky,Louisville,Apex Atlantic Commerce,Retail,Furniture,Reception Desk,849.99,430.0,15,12749.85,6450.0,6299.85,0,James Carter
SO-11807,2022-10-27,2022-11-01,In-Store,WARE-NBV1002,South,Tennessee,Clarksville,National Elite Enterprises,Government,Office Supplies,Paper Shredder,129.99,62.0,15,1949.85,930.0,1019.85,0,Michael Brown
SO-11808,2024-02-24,2024-02-26,In-Store,WARE-ATL5509,Midwest,Ohio,Toledo,Central National Retail,Retail,Clothing,Velvet Blazer,179.99,80.0,15,2618.85,1200.0,1418.85,3,Emily Johnson
SO-11809,2022-01-28,2022-02-04,In-Store,WARE-MCD2201,Northeast,Massachusetts,Boston,Sterling Unity Co,Enterprise,Office Supplies,Document Scanner,299.99,145.0,2,527.98,290.0,237.98,12,Kevin Williams
SO-11810,2023-11-23,2023-11-25,Wholesale,WARE-MCD2201,South,Tennessee,Memphis,Premier Swift Distributors,Corporate,Clothing,Golf Polo,64.99,26.0,27,1544.13,702.0,842.13,12,Emily Johnson
SO-11811,2022-10-20,2022-10-27,Distributor,WARE-MCD2201,West,California,Fresno,Summit Global Commerce,Enterprise,Furniture,Bar Cart,299.99,140.0,14,3569.86,1960.0,1609.86,15,Rachel Scott
SO-11812,2022-09-25,2022-10-01,Online,WARE-NBV1002,Southwest,New Mexico,Albuquerque,Bright Elite Solutions,Corporate,Office Supplies,Document Scanner,299.99,145.0,12,3599.88,1740.0,1859.88,0,Sarah Mitchell
SO-11813,2022-12-20,2022-12-25,Online,WARE-PJW3508,Midwest,Wisconsin,Kenosha,Elite Unity Supply,Enterprise,Electronics,Video Doorbell,179.99,80.0,6,1079.94,480.0,599.94,0,Sarah Mitchell
SO-11814,2022-03-07,2022-03-12,In-Store,WARE-PJW3508,Northeast,New Jersey,Newark,Pioneer Pacific Retail,Small Business,Furniture,Lounge Chair,399.99,195.0,12,4223.88,2340.0,1883.88,12,Kevin Williams
SO-11815,2022-11-14,2022-11-18,Online,WARE-NBV1002,Southwest,Arizona,Mesa,Metro Elite Inc,Retail,Office Supplies,Desk Organizer,29.99,11.0,32,844.48,352.0,492.48,12,Kevin Williams
SO-11816,2023-05-14,2023-05-19,In-Store,WARE-MCD2201,Midwest,Missouri,Springfield,Pacific Core Inc,Corporate,Clothing,Summer Dress,79.99,30.0,15,1199.85,450.0,749.85,0,David Park
SO-11817,2023-12-20,2023-12-25,Wholesale,WARE-ATL5509,Southeast,Delaware,Smyrna,Apex Unity Trading,Retail,Office Supplies,Desk Organizer,29.99,11.0,9,269.91,99.0,170.91,0,Sarah Mitchell
SO-11818,2023-08-17,2023-08-21,Wholesale,WARE-NBV1002,Northeast,Maine,South Portland,Premier Central LLC,Enterprise,Clothing,Turtleneck,59.99,24.0,18,1047.42,432.0,615.42,3,James Carter
SO-11819,2022-09-19,2022-09-25,Distributor,WARE-MCD2201,Midwest,Kansas,Overland Park,Bright Apex Trading,Small Business,Furniture,Modular Sofa,1499.99,750.0,12,17999.88,9000.0,8999.88,0,Kevin Williams
SO-11820,2023-08-16,2023-08-21,Wholesale,WARE-MCD2201,Midwest,Minnesota,Rochester,Premier Sterling Corp,Small Business,Office Supplies,Whiteboard,159.99,72.0,22,3097.38,1584.0,1513.38,12,Sarah Mitchell
SO-11821,2023-11-29,2023-12-04,Wholesale,WARE-ATL5509,West,New Mexico,Rio Rancho,Central Central Commerce,Small Business,Electronics,Surface Laptop,1399.99,870.0,24,31919.76,20880.0,11039.76,5,James Carter
SO-11822,2022-06-11,2022-06-15,In-Store,WARE-PJW3508,South,Texas,San Antonio,Central Bright Commerce,Enterprise,Furniture,Modular Sofa,1499.99,750.0,16,22079.84,12000.0,10079.84,8,Sarah Mitchell
SO-11823,2022-05-09,2022-05-14,Online,WARE-ATL5509,Southwest,Wyoming,Cheyenne,Central Atlantic Group,Retail,Office Supplies,Binding Machine,149.99,68.0,17,2422.33,1156.0,1266.33,5,Emily Johnson
SO-11824,2024-01-10,2024-01-16,Wholesale,WARE-MCD2201,Northeast,New Hampshire,Dover,Swift Premier Enterprises,Retail,Clothing,Casual Pants,69.99,28.0,1,67.89,28.0,39.89,3,Sarah Mitchell
SO-11825,2022-05-12,2022-05-18,Online,WARE-NBV1002,Northeast,New Hampshire,Concord,Elite Global Distributors,Retail,Office Supplies,Binding Machine,149.99,68.0,16,2207.84,1088.0,1119.84,8,Sarah Mitchell
SO-11826,2022-10-13,2022-10-17,Online,WARE-PJW3508,South,Florida,Miami,Horizon Elite Retail,Retail,Office Supplies,Wireless Keyboard,89.99,38.0,5,427.45,190.0,237.45,5,Amanda Torres
SO-11827,2023-11-26,2023-11-29,Wholesale,WARE-MCD2201,West,Washington,Everett,Core Central Solutions,Retail,Clothing,Summer Dress,79.99,30.0,33,2507.67,990.0,1517.67,5,David Park
SO-11828,2022-08-29,2022-09-02,Distributor,WARE-UHY1004,Midwest,Illinois,Naperville,Global Global Distributors,Small Business,Clothing,Linen Shirt,54.99,21.0,8,417.92,168.0,249.92,5,Michael Brown
SO-11829,2023-10-02,2023-10-12,Online,WARE-PJW3508,South,Mississippi,Biloxi,Summit Pacific Distributors,Small Business,Office Supplies,Tape Dispenser,24.99,9.0,7,174.93,63.0,111.93,0,Rachel Scott
SO-11830,2023-12-11,2023-12-16,Distributor,WARE-MCD2201,Southwest,New Mexico,Santa Fe,Central Metro LLC,Government,Electronics,4K Camera,1199.99,600.0,21,24443.79,12600.0,11843.79,3,Sarah Mitchell
SO-11831,2022-03-12,2022-03-18,Online,WARE-UHY1004,Northeast,Rhode Island,Providence,Central Global Inc,Retail,Electronics,MacBook Air,1499.99,950.0,13,19499.87,12350.0,7149.87,0,Lisa Chen
SO-11832,2022-12-11,2022-12-18,In-Store,WARE-PJW3508,Southeast,Delaware,Dover,National Pioneer Co,Retail,Furniture,Lateral File Cabinet,399.99,192.0,32,12415.68,6144.0,6271.68,3,Sarah Mitchell
SO-11833,2023-02-17,2023-02-22,Wholesale,WARE-MCD2201,Southeast,Virginia,Virginia Beach,Coastal National Supply,Enterprise,Furniture,TV Stand,249.99,118.0,16,3799.84,1888.0,1911.84,5,Emily Johnson
SO-11834,2023-12-11,2023-12-18,In-Store,WARE-PJW3508,South,Texas,Austin,Central Apex Corp,Retail,Electronics,Ring Light,89.99,36.0,11,910.69,396.0,514.69,8,Kevin Williams
SO-11835,2023-05-26,2023-05-30,Wholesale,WARE-NBV1002,Midwest,Wisconsin,Racine,Metro Summit Inc,Corporate,Office Supplies,Letter Opener,14.99,5.0,5,74.95,25.0,49.95,0,Michael Brown
SO-11836,2023-08-27,2023-09-01,Wholesale,WARE-NBV1002,Southwest,Alaska,Anchorage,Advanced Elite Corp,Retail,Furniture,Executive Desk,1199.99,620.0,2,2279.98,1240.0,1039.98,5,Emily Johnson
SO-11837,2023-03-07,2023-03-12,Online,WARE-NBV1002,Southwest,New Mexico,Las Cruces,Global Pacific Inc,Government,Office Supplies,Binding Machine,149.99,68.0,7,1018.43,476.0,542.43,3,James Carter
SO-11838,2023-07-21,2023-07-26,In-Store,WARE-ATL5509,Southeast,Kentucky,Covington,Sterling Swift Inc,Small Business,Office Supplies,Paper Shredder,129.99,62.0,16,2079.84,992.0,1087.84,0,Lisa Chen
SO-11839,2023-09-07,2023-09-13,Distributor,WARE-UHY1004,Southwest,Colorado,Denver,Core National Inc,Retail,Furniture,Laptop Cart,299.99,145.0,6,1799.94,870.0,929.94,0,David Park
SO-11840,2022-06-24,2022-07-04,In-Store,WARE-MCD2201,West,Washington,Spokane,Unity Pacific Corp,Government,Clothing,Velvet Blazer,179.99,80.0,19,3419.81,1520.0,1899.81,0,Sarah Mitchell
SO-11841,2022-09-20,2022-09-27,Online,WARE-PJW3508,Midwest,Nebraska,Bellevue,National Pacific LLC,Government,Clothing,Sun Hat,34.99,13.0,15,498.6,195.0,303.6,5,Emily Johnson
SO-11842,2022-07-27,2022-08-01,Online,WARE-PJW3508,Southwest,Utah,Salt Lake City,Sterling Summit LLC,Small Business,Clothing,Athleisure Set,119.99,50.0,21,2217.39,1050.0,1167.39,12,David Park
SO-11843,2022-12-31,2023-01-06,Wholesale,WARE-NBV1002,Southeast,Virginia,Richmond,Coastal Horizon Trading,Government,Clothing,Suit Set,299.99,135.0,4,1199.96,540.0,659.96,0,Amanda Torres
SO-11844,2022-08-30,2022-09-04,Wholesale,WARE-UHY1004,West,Utah,West Valley City,Global Pacific Supply,Retail,Office Supplies,Stapler Heavy Duty,29.99,11.0,15,427.35,165.0,262.35,5,David Park
SO-11845,2023-03-19,2023-03-24,In-Store,WARE-MCD2201,South,South Carolina,Charleston,Global Bright Supply,Retail,Office Supplies,Stapler Heavy Duty,29.99,11.0,14,369.46,154.0,215.46,12,Sarah Mitchell
SO-11846,2023-10-19,2023-10-29,In-Store,WARE-PJW3508,West,Nevada,Henderson,Digital Sterling Distributors,Government,Office Supplies,Calligraphy Set,39.99,15.0,18,719.82,270.0,449.82,0,Kevin Williams
SO-11847,2023-05-04,2023-05-09,Wholesale,WARE-PJW3508,Northeast,Connecticut,Bridgeport,Pioneer Core Enterprises,Corporate,Furniture,Bar Cart,299.99,140.0,16,4415.84,2240.0,2175.84,8,Kevin Williams
SO-11848,2022-01-31,2022-02-10,Wholesale,WARE-PJW3508,South,Oklahoma,Norman,Atlantic Digital LLC,Retail,Electronics,Home Theater System,1499.99,820.0,3,4274.97,2460.0,1814.97,5,Kevin Williams
SO-11849,2023-08-28,2023-09-04,Wholesale,WARE-NBV1002,Southeast,Virginia,Newport News,Pacific Swift Commerce,Corporate,Electronics,Smart Monitor 27,599.99,290.0,13,7409.87,3770.0,3639.87,5,Michael Brown
SO-11850,2023-01-05,2023-01-07,In-Store,WARE-ATL5509,Southeast,West Virginia,Charleston,Premier Advanced Co,Retail,Electronics,Kindle Paperwhite,139.99,62.0,2,237.98,124.0,113.98,15,Kevin Williams
SO-11851,2022-08-27,2022-08-29,Online,WARE-NBV1002,West,Nevada,North Las Vegas,Bright Elite Inc,Small Business,Electronics,Smartband,199.99,88.0,22,4399.78,1936.0,2463.78,0,Lisa Chen
SO-11852,2022-02-06,2022-02-10,Distributor,WARE-UHY1004,Southwest,New Mexico,Albuquerque,Global Coastal Retail,Small Business,Clothing,Board Shorts,54.99,21.0,16,747.84,336.0,411.84,15,Robert Adams
SO-11853,2023-10-12,2023-10-14,In-Store,WARE-NBV1002,South,Tennessee,Chattanooga,Metro Global Enterprises,Small Business,Office Supplies,Label Printer,179.99,82.0,18,3239.82,1476.0,1763.82,0,Michael Brown
SO-11854,2023-12-20,2023-12-25,Distributor,WARE-MCD2201,South,Mississippi,Hattiesburg,Sterling Global Supply,Corporate,Office Supplies,Flip Chart,69.99,29.0,31,1952.69,899.0,1053.69,10,Michael Brown
SO-11855,2023-11-26,2023-11-30,Distributor,WARE-PJW3508,Midwest,Missouri,Independence,Swift Horizon Group,Enterprise,Furniture,Storage Cabinet,449.99,215.0,34,14075.66,7310.0,6765.66,8,Lisa Chen
SO-11856,2023-01-25,2023-02-01,In-Store,WARE-PJW3508,South,Louisiana,Shreveport,Central Apex Commerce,Government,Electronics,Desktop Computer,1499.99,890.0,14,18479.86,12460.0,6019.86,12,Emily Johnson
SO-11857,2023-07-15,2023-07-21,Wholesale,WARE-PJW3508,Midwest,Kansas,Overland Park,Horizon Elite Trading,Government,Furniture,Accent Table,199.99,92.0,15,2759.85,1380.0,1379.85,8,Lisa Chen
SO-11858,2023-01-09,2023-01-14,In-Store,WARE-MCD2201,South,Georgia,Atlanta,Core Sterling Group,Government,Clothing,Athleisure Set,119.99,50.0,17,1795.03,850.0,945.03,12,Kevin Williams
SO-11859,2023-03-17,2023-03-24,Distributor,WARE-PJW3508,South,Louisiana,Shreveport,Apex Global Supply,Corporate,Office Supplies,Letter Opener,14.99,5.0,11,164.89,55.0,109.89,0,Lisa Chen
SO-11860,2022-10-03,2022-10-08,Distributor,WARE-UHY1004,Southwest,New Mexico,Roswell,Metro Digital Group,Government,Office Supplies,Calligraphy Set,39.99,15.0,13,519.87,195.0,324.87,0,Emily Johnson
SO-11861,2024-01-27,2024-02-06,Distributor,WARE-NBV1002,Southeast,North Carolina,Durham,Pioneer Advanced Retail,Small Business,Clothing,Sports Jacket,109.99,46.0,16,1495.84,736.0,759.84,15,Kevin Williams
SO-11862,2023-07-27,2023-07-30,Distributor,WARE-NBV1002,Northeast,Massachusetts,Cambridge,Summit Global Co,Small Business,Office Supplies,Binding Machine,149.99,68.0,13,1949.87,884.0,1065.87,0,Kevin Williams
SO-11863,2022-03-08,2022-03-18,Wholesale,WARE-ATL5509,Northeast,New Jersey,Jersey City,Advanced National Group,Enterprise,Furniture,Lounge Chair,399.99,195.0,5,1699.95,975.0,724.95,15,Emily Johnson
SO-11864,2023-11-04,2023-11-09,In-Store,WARE-MCD2201,Northeast,Massachusetts,Boston,Premier Coastal Solutions,Enterprise,Office Supplies,Whiteboard,159.99,72.0,25,3799.75,1800.0,1999.75,5,Robert Adams
SO-11865,2022-12-19,2022-12-25,In-Store,WARE-ATL5509,Southeast,West Virginia,Parkersburg,Apex Horizon Group,Enterprise,Office Supplies,Ergonomic Mouse,59.99,24.0,10,527.9,240.0,287.9,12,Lisa Chen
SO-11866,2024-02-14,2024-02-28,Distributor,WARE-NBV1002,Midwest,Indiana,Indianapolis,Pacific Bright Group,Corporate,Furniture,Accent Table,199.99,92.0,14,2379.86,1288.0,1091.86,15,Amanda Torres
SO-11867,2024-02-13,2024-02-19,In-Store,WARE-ATL5509,Southwest,Colorado,Aurora,Central Summit Enterprises,Corporate,Furniture,Office Chair,299.99,145.0,8,2399.92,1160.0,1239.92,0,David Park
SO-11868,2023-01-30,2023-02-13,Distributor,WARE-MCD2201,West,Colorado,Colorado Springs,Pacific Pioneer Enterprises,Small Business,Clothing,Rain Jacket,99.99,42.0,4,399.96,168.0,231.96,0,David Park
SO-11869,2023-06-11,2023-06-16,Online,WARE-ATL5509,Midwest,Ohio,Cleveland,Digital Coastal Corp,Government,Clothing,Business Casual Shirt,59.99,22.0,10,527.9,220.0,307.9,12,James Carter
SO-11870,2023-03-18,2023-03-20,Online,WARE-MCD2201,West,Montana,Missoula,Core Core Solutions,Retail,Electronics,USB-C Hub,79.99,32.0,8,620.72,256.0,364.72,3,James Carter
SO-11871,2023-09-23,2023-09-26,Online,WARE-UHY1004,Midwest,Indiana,Indianapolis,Central Digital Group,Small Business,Furniture,Adjustable Monitor Stand,129.99,58.0,18,2339.82,1044.0,1295.82,0,Michael Brown
SO-11872,2023-05-30,2023-06-06,In-Store,WARE-PJW3508,South,Oklahoma,Lawton,Sterling Summit Inc,Government,Electronics,Smart TV 55,799.99,400.0,12,9599.88,4800.0,4799.88,0,Emily Johnson
SO-11873,2022-05-29,2022-06-02,In-Store,WARE-MCD2201,West,Arizona,Mesa,Atlantic National Co,Enterprise,Electronics,Laptop Cooling Pad,49.99,19.0,18,872.82,342.0,530.82,3,Lisa Chen
SO-11874,2023-09-17,2023-09-20,Distributor,WARE-PJW3508,West,Utah,West Jordan,Sterling Bright Inc,Small Business,Office Supplies,Copier Machine,1299.99,680.0,3,3704.97,2040.0,1664.97,5,Sarah Mitchell
SO-11875,2023-03-23,2023-03-27,Wholesale,WARE-MCD2201,Southeast,Kentucky,Lexington,Metro Premier Retail,Corporate,Furniture,Lounge Chair,399.99,195.0,12,4799.88,2340.0,2459.88,0,Sarah Mitchell
SO-11876,2023-08-22,2023-09-01,Distributor,WARE-NBV1002,Midwest,Illinois,Joliet,Core Summit Trading,Retail,Office Supplies,Ergonomic Mouse,59.99,24.0,5,269.95,120.0,149.95,10,Emily Johnson
SO-11877,2023-12-03,2023-12-09,In-Store,WARE-UHY1004,South,Oklahoma,Oklahoma City,Horizon National Distributors,Corporate,Clothing,Casual Pants,69.99,28.0,8,492.72,224.0,268.72,12,Rachel Scott
SO-11878,2023-03-30,2023-04-05,Distributor,WARE-UHY1004,Southeast,Virginia,Richmond,Horizon Atlantic Inc,Government,Electronics,Home Theater System,1499.99,820.0,7,9659.93,5740.0,3919.93,8,Kevin Williams
SO-11879,2023-10-21,2023-10-25,In-Store,WARE-NBV1002,Southwest,Hawaii,Kapolei,Core Pacific Solutions,Enterprise,Electronics,Smart Thermostat,249.99,115.0,10,2124.9,1150.0,974.9,15,Michael Brown
SO-11880,2022-05-15,2022-05-21,Online,WARE-UHY1004,Midwest,Illinois,Chicago,National Swift Enterprises,Enterprise,Office Supplies,Ergonomic Chair,349.99,175.0,13,4003.87,2275.0,1728.87,12,Lisa Chen
SO-11881,2023-02-14,2023-02-20,Online,WARE-ATL5509,Northeast,Connecticut,Waterbury,National Metro Co,Small Business,Furniture,Partition Wall,349.99,168.0,15,5249.85,2520.0,2729.85,0,Michael Brown
SO-11882,2022-03-12,2022-03-18,Online,WARE-NBV1002,West,New Mexico,Rio Rancho,National Central Commerce,Corporate,Furniture,Accent Table,199.99,92.0,18,3599.82,1656.0,1943.82,0,Emily Johnson
SO-11883,2022-03-15,2022-03-22,Distributor,WARE-MCD2201,Southeast,District of Columbia,Washington,Atlantic National Group,Corporate,Clothing,Chinos,74.99,30.0,2,142.48,60.0,82.48,5,Sarah Mitchell
SO-11884,2022-04-11,2022-04-16,In-Store,WARE-NBV1002,Southeast,Maryland,Frederick,Premier Apex Group,Government,Office Supplies,Ergonomic Chair,349.99,175.0,8,2463.92,1400.0,1063.92,12,Emily Johnson
SO-11885,2024-03-09,2024-03-13,Online,WARE-MCD2201,Southwest,Arizona,Chandler,National Swift Distributors,Small Business,Electronics,Bloomberg Terminal,5999.99,3800.0,14,83999.86,53200.0,30799.86,0,David Park
SO-11886,2023-05-13,2023-05-18,In-Store,WARE-NBV1002,Southeast,North Carolina,Durham,Metro Global Solutions,Enterprise,Furniture,Accent Table,199.99,92.0,14,2799.86,1288.0,1511.86,0,Sarah Mitchell
SO-11887,2023-03-21,2023-03-25,Distributor,WARE-NBV1002,Northeast,Maine,Portland,Global Swift Distributors,Small Business,Clothing,Summer Dress,79.99,30.0,8,607.92,240.0,367.92,5,Emily Johnson
SO-11888,2024-02-23,2024-03-01,Distributor,WARE-PJW3508,West,California,Anaheim,Pacific Core Co,Enterprise,Furniture,Executive Desk,1199.99,620.0,4,4079.96,2480.0,1599.96,15,Lisa Chen
SO-11889,2023-02-09,2023-02-13,Wholesale,WARE-MCD2201,West,Montana,Bozeman,Core Premier Enterprises,Corporate,Office Supplies,Copier Machine,1299.99,680.0,12,15599.88,8160.0,7439.88,0,Emily Johnson
SO-11890,2023-03-12,2023-03-17,Wholesale,WARE-MCD2201,West,New Mexico,Albuquerque,Atlantic Summit Supply,Retail,Clothing,Casual Pants,69.99,28.0,8,515.12,224.0,291.12,8,Kevin Williams
SO-11891,2022-08-01,2022-08-04,Distributor,WARE-NBV1002,South,Texas,El Paso,Unity Horizon Supply,Small Business,Furniture,Credenza,649.99,320.0,16,9151.84,5120.0,4031.84,12,Robert Adams
SO-11892,2022-11-01,2022-11-08,In-Store,WARE-NBV1002,South,Louisiana,Lafayette,Horizon Central Group,Enterprise,Electronics,Smart TV 55,799.99,400.0,28,22399.72,11200.0,11199.72,0,Sarah Mitchell
SO-11893,2022-11-02,2022-11-08,In-Store,WARE-NBV1002,Northeast,Maine,South Portland,Apex Premier Co,Government,Electronics,Laptop Cooling Pad,49.99,19.0,14,699.86,266.0,433.86,0,David Park
SO-11894,2022-09-26,2022-09-28,Wholesale,WARE-ATL5509,Southeast,District of Columbia,Washington,Coastal Pioneer Trading,Government,Office Supplies,Stapler Heavy Duty,29.99,11.0,16,455.84,176.0,279.84,5,Amanda Torres
SO-11895,2022-01-29,2022-02-03,In-Store,WARE-NBV1002,Northeast,Pennsylvania,Erie,Core National Trading,Enterprise,Office Supplies,Ergonomic Chair,349.99,175.0,9,2834.91,1575.0,1259.91,10,Rachel Scott
SO-11896,2023-10-22,2023-10-27,In-Store,WARE-PJW3508,South,Georgia,Athens,Coastal Pioneer Distributors,Corporate,Electronics,Satellite Phone,799.99,420.0,6,4799.94,2520.0,2279.94,0,James Carter
SO-11897,2022-04-07,2022-04-12,Distributor,WARE-MCD2201,Midwest,Illinois,Joliet,Summit Unity Corp,Corporate,Office Supplies,Label Maker,59.99,24.0,3,179.97,72.0,107.97,0,Kevin Williams
SO-11898,2023-12-15,2023-12-21,Distributor,WARE-ATL5509,South,Texas,Dallas,Pioneer Digital Commerce,Retail,Electronics,Smart Thermostat,249.99,115.0,28,6299.72,3220.0,3079.72,10,Michael Brown
SO-11899,2022-06-15,2022-06-18,Wholesale,WARE-PJW3508,Southeast,Delaware,Middletown,Atlantic Advanced Commerce,Retail,Electronics,Home Theater System,1499.99,820.0,6,8999.94,4920.0,4079.94,0,Lisa Chen
SO-11900,2023-03-20,2023-03-25,Wholesale,WARE-UHY1004,Southeast,District of Columbia,Washington,Central National LLC,Corporate,Electronics,Laptop Pro 15,1299.99,780.0,3,3704.97,2340.0,1364.97,5,Robert Adams
SO-11901,2022-07-02,2022-07-05,In-Store,WARE-MCD2201,Southeast,West Virginia,Morgantown,Sterling Core Trading,Government,Furniture,Lateral File Cabinet,399.99,192.0,15,5099.85,2880.0,2219.85,15,Kevin Williams
SO-11902,2023-12-08,2023-12-13,Online,WARE-MCD2201,Northeast,Massachusetts,Lowell,Metro Atlantic Group,Corporate,Office Supplies,Card Reader,39.99,15.0,6,239.94,90.0,149.94,0,David Park
SO-11903,2023-02-03,2023-02-10,Online,WARE-MCD2201,West,Nevada,Henderson,Central Atlantic Group,Government,Office Supplies,Label Printer,179.99,82.0,8,1396.72,656.0,740.72,3,Kevin Williams
SO-11904,2022-11-14,2022-11-18,Distributor,WARE-PJW3508,Midwest,Wisconsin,Racine,Core Apex Supply,Government,Electronics,MacBook Air,1499.99,950.0,6,8999.94,5700.0,3299.94,0,Lisa Chen
SO-11905,2023-11-28,2023-12-02,In-Store,WARE-UHY1004,Southeast,Virginia,Chesapeake,Elite Core Retail,Enterprise,Clothing,Sports Jacket,109.99,46.0,10,1044.9,460.0,584.9,5,Lisa Chen
SO-11906,2023-12-19,2023-12-23,In-Store,WARE-NBV1002,Northeast,Maine,Bangor,Advanced Horizon Trading,Small Business,Electronics,USB-C Hub,79.99,32.0,14,1119.86,448.0,671.86,0,Emily Johnson
SO-11907,2023-08-09,2023-08-13,Distributor,WARE-PJW3508,West,California,San Francisco,Atlantic Elite Supply,Small Business,Clothing,Sports Jacket,109.99,46.0,21,2194.29,966.0,1228.29,5,Sarah Mitchell
SO-11908,2022-09-06,2022-09-13,Distributor,WARE-ATL5509,Midwest,Missouri,St. Louis,Core Coastal Commerce,Corporate,Electronics,USB-C Hub,79.99,32.0,1,71.99,32.0,39.99,10,Rachel Scott
SO-11909,2023-10-07,2023-10-17,In-Store,WARE-NBV1002,West,Arizona,Mesa,Swift Core Distributors,Retail,Clothing,Casual Pants,69.99,28.0,9,629.91,252.0,377.91,0,Amanda Torres
SO-11910,2023-02-15,2023-02-18,In-Store,WARE-MCD2201,Southwest,Utah,Provo,Elite Core Enterprises,Retail,Electronics,Smart Display,349.99,165.0,17,5771.33,2805.0,2966.33,3,James Carter
SO-11911,2022-08-20,2022-09-03,In-Store,WARE-UHY1004,West,Oregon,Portland,Sterling Summit Retail,Enterprise,Clothing,Swimwear,49.99,19.0,11,549.89,209.0,340.89,0,Sarah Mitchell
SO-11912,2022-09-09,2022-09-15,Online,WARE-ATL5509,Southwest,Utah,Salt Lake City,Pioneer Sterling Inc,Corporate,Clothing,Swimwear,49.99,19.0,6,275.94,114.0,161.94,8,Michael Brown
SO-11913,2022-10-05,2022-10-11,Distributor,WARE-NBV1002,Midwest,Wisconsin,Madison,Premier Advanced Group,Government,Furniture,Laptop Cart,299.99,145.0,5,1499.95,725.0,774.95,0,Michael Brown
SO-11914,2023-11-16,2023-11-21,Online,WARE-ATL5509,West,Utah,Provo,Pioneer Central Co,Government,Electronics,iPhone 15,999.99,620.0,35,34999.65,21700.0,13299.65,0,Michael Brown
SO-11915,2023-09-28,2023-10-04,Distributor,WARE-PJW3508,Northeast,New Jersey,Elizabeth,Elite Digital Inc,Small Business,Furniture,Modular Sofa,1499.99,750.0,18,26999.82,13500.0,13499.82,0,Michael Brown
SO-11916,2022-07-03,2022-07-10,Wholesale,WARE-PJW3508,Midwest,Ohio,Akron,Global Elite Solutions,Government,Electronics,Conference Camera,449.99,210.0,14,6299.86,2940.0,3359.86,0,Michael Brown
SO-11917,2023-10-12,2023-10-16,Wholesale,WARE-ATL5509,South,South Carolina,Rock Hill,Coastal Central Distributors,Small Business,Office Supplies,Printer Cartridges,89.99,32.0,6,496.74,192.0,304.74,8,Robert Adams
SO-11918,2023-01-28,2023-02-02,Online,WARE-ATL5509,Southeast,Maryland,Frederick,Pacific Swift Group,Small Business,Office Supplies,Calligraphy Set,39.99,15.0,3,119.97,45.0,74.97,0,Michael Brown
SO-11919,2023-01-23,2023-01-29,In-Store,WARE-UHY1004,South,Louisiana,Baton Rouge,Elite Advanced Trading,Enterprise,Furniture,Standing Desk,699.99,350.0,14,8623.86,4900.0,3723.86,12,Kevin Williams
SO-11920,2022-08-02,2022-08-07,Distributor,WARE-NBV1002,Southeast,Delaware,Dover,Coastal Central Distributors,Government,Office Supplies,Flip Chart,69.99,29.0,17,1047.03,493.0,554.03,12,David Park
SO-11921,2024-01-15,2024-01-19,Distributor,WARE-NBV1002,Midwest,Wisconsin,Madison,Summit Swift Solutions,Retail,Furniture,Lounge Chair,399.99,195.0,18,6119.82,3510.0,2609.82,15,Michael Brown
SO-11922,2024-02-17,2024-02-23,Distributor,WARE-MCD2201,South,Alabama,Birmingham,Core Apex Distributors,Corporate,Furniture,Work Bench,549.99,270.0,18,8711.82,4860.0,3851.82,12,Emily Johnson
SO-11923,2022-12-01,2022-12-05,Online,WARE-PJW3508,Southeast,West Virginia,Wheeling,Horizon Coastal Solutions,Retail,Clothing,Winter Coat,149.99,65.0,16,2399.84,1040.0,1359.84,0,Sarah Mitchell
SO-11924,2024-02-20,2024-02-24,Distributor,WARE-PJW3508,Southeast,Delaware,Dover,Unity Digital Group,Government,Electronics,MacBook Air,1499.99,950.0,11,14519.89,10450.0,4069.89,12,David Park
SO-11925,2023-04-06,2023-04-12,Online,WARE-MCD2201,Southwest,Alaska,Ketchikan,Digital Global Trading,Corporate,Clothing,Holiday Sweater,69.99,28.0,18,1196.82,504.0,692.82,5,David Park
SO-11926,2023-03-27,2023-03-30,Wholesale,WARE-NBV1002,Southeast,North Carolina,Charlotte,Unity Advanced Supply,Enterprise,Furniture,Bar Cart,299.99,140.0,3,872.97,420.0,452.97,3,David Park
SO-11927,2022-11-30,2022-12-06,Online,WARE-NBV1002,West,Nevada,North Las Vegas,Swift Unity Trading,Retail,Clothing,Suit Set,299.99,135.0,3,899.97,405.0,494.97,0,Amanda Torres
SO-11928,2022-10-18,2022-10-28,Distributor,WARE-NBV1002,Southwest,Colorado,Aurora,Core Central Distributors,Enterprise,Office Supplies,Filing Cabinet,199.99,95.0,7,1329.93,665.0,664.93,5,Lisa Chen
SO-11929,2023-08-14,2023-08-19,Distributor,WARE-UHY1004,Northeast,Rhode Island,Pawtucket,Metro Summit Supply,Government,Clothing,Sun Hat,34.99,13.0,9,299.16,117.0,182.16,5,David Park
SO-11930,2024-03-31,2024-04-03,In-Store,WARE-ATL5509,Northeast,Maine,Auburn,Summit Pioneer Inc,Enterprise,Office Supplies,Binding Machine,149.99,68.0,15,2249.85,1020.0,1229.85,0,Amanda Torres
SO-11931,2024-03-19,2024-03-25,In-Store,WARE-MCD2201,West,Oregon,Gresham,Unity Sterling Distributors,Government,Furniture,Partition Wall,349.99,168.0,3,1018.47,504.0,514.47,3,James Carter
SO-11932,2022-12-26,2022-12-28,Wholesale,WARE-ATL5509,Southwest,Alaska,Fairbanks,Global Pacific Corp,Government,Furniture,Partition Wall,349.99,168.0,17,5949.83,2856.0,3093.83,0,David Park
SO-11933,2024-02-17,2024-02-23,Wholesale,WARE-MCD2201,Southeast,Maryland,Baltimore,Apex Summit Supply,Enterprise,Office Supplies,Ergonomic Chair,349.99,175.0,10,3079.9,1750.0,1329.9,12,Kevin Williams
SO-11934,2022-12-02,2022-12-05,Distributor,WARE-PJW3508,West,New Mexico,Albuquerque,Central Elite Co,Small Business,Office Supplies,Electric Stapler,49.99,19.0,29,1406.21,551.0,855.21,3,Rachel Scott
SO-11935,2024-01-27,2024-01-31,In-Store,WARE-PJW3508,Midwest,Missouri,Independence,Pacific Summit Group,Retail,Clothing,Suit Set,299.99,135.0,8,2111.92,1080.0,1031.92,12,David Park
SO-11936,2022-05-08,2022-05-12,In-Store,WARE-MCD2201,Northeast,Maine,Portland,Digital Digital Trading,Small Business,Clothing,Sports Jacket,109.99,46.0,15,1567.35,690.0,877.35,5,David Park
SO-11937,2022-02-12,2022-02-18,Distributor,WARE-MCD2201,South,Mississippi,Hattiesburg,Core Horizon Enterprises,Enterprise,Furniture,Floor Lamp,159.99,72.0,17,2393.43,1224.0,1169.43,12,Rachel Scott
SO-11938,2023-12-31,2024-01-03,Wholesale,WARE-PJW3508,Midwest,Wisconsin,Madison,Elite Digital Supply,Corporate,Furniture,Partition Wall,349.99,168.0,24,7979.76,4032.0,3947.76,5,Emily Johnson
SO-11939,2023-05-02,2023-05-04,Wholesale,WARE-PJW3508,West,Utah,West Jordan,Global Horizon Trading,Corporate,Clothing,Linen Pants,64.99,26.0,10,649.9,260.0,389.9,0,Michael Brown
SO-11940,2022-04-01,2022-04-05,Online,WARE-NBV1002,Southeast,West Virginia,Morgantown,Elite Elite Inc,Corporate,Office Supplies,Heavy Duty Punch,79.99,34.0,3,215.97,102.0,113.97,10,Rachel Scott
SO-11941,2023-01-01,2023-01-05,Distributor,WARE-MCD2201,Midwest,Illinois,Joliet,Advanced Pioneer Group,Enterprise,Furniture,Bookshelf,249.99,110.0,17,4037.33,1870.0,2167.33,5,Emily Johnson
SO-11942,2023-03-17,2023-03-23,Online,WARE-ATL5509,Midwest,Michigan,Grand Rapids,Metro Advanced Enterprises,Corporate,Office Supplies,Stapler Heavy Duty,29.99,11.0,2,59.98,22.0,37.98,0,Sarah Mitchell
SO-11943,2022-03-21,2022-03-27,Wholesale,WARE-PJW3508,Northeast,Pennsylvania,Allentown,Unity Bright Distributors,Corporate,Furniture,Storage Cabinet,449.99,215.0,3,1147.47,645.0,502.47,15,Sarah Mitchell
SO-11944,2023-04-04,2023-04-09,Wholesale,WARE-MCD2201,Southeast,North Carolina,Greensboro,Sterling Sterling Enterprises,Corporate,Office Supplies,Letter Opener,14.99,5.0,9,134.91,45.0,89.91,0,Kevin Williams
SO-11945,2022-01-01,2022-01-07,Wholesale,WARE-ATL5509,Southwest,Alaska,Ketchikan,Central Coastal Retail,Small Business,Clothing,Swimwear,49.99,19.0,9,382.41,171.0,211.41,15,Rachel Scott
SO-11946,2022-12-18,2022-12-20,In-Store,WARE-UHY1004,Northeast,Rhode Island,Cranston,Pacific Advanced Supply,Small Business,Furniture,Bookshelf,249.99,110.0,26,5524.74,2860.0,2664.74,15,James Carter
SO-11947,2023-03-09,2023-03-16,In-Store,WARE-ATL5509,Southwest,Nevada,Sparks,Advanced Horizon Retail,Government,Office Supplies,Desk Organizer,29.99,11.0,10,284.9,110.0,174.9,5,David Park
SO-11948,2022-12-30,2023-01-03,Online,WARE-PJW3508,South,Georgia,Atlanta,Swift Coastal Trading,Retail,Furniture,Conference Table,999.99,520.0,7,6999.93,3640.0,3359.93,0,Michael Brown
SO-11949,2023-04-10,2023-04-14,In-Store,WARE-NBV1002,West,Colorado,Colorado Springs,Digital Sterling Co,Small Business,Electronics,GPU Card,999.99,620.0,17,16149.83,10540.0,5609.83,5,Lisa Chen
SO-11950,2024-02-04,2024-02-14,In-Store,WARE-PJW3508,Southeast,Maryland,Rockville,Unity Horizon Retail,Corporate,Electronics,Laptop Pro 13,1099.99,650.0,6,6401.94,3900.0,2501.94,3,Kevin Williams
SO-11951,2023-05-06,2023-05-09,In-Store,WARE-NBV1002,Southwest,Alaska,Sitka,Elite Apex LLC,Small Business,Furniture,Credenza,649.99,320.0,10,6499.9,3200.0,3299.9,0,Lisa Chen
SO-11952,2024-03-01,2024-03-06,Distributor,WARE-UHY1004,Southeast,Maryland,Frederick,Apex Elite Distributors,Corporate,Furniture,Storage Cabinet,449.99,215.0,11,4949.89,2365.0,2584.89,0,Amanda Torres
SO-11953,2023-09-27,2023-10-04,Wholesale,WARE-PJW3508,Southeast,Delaware,Newark,Sterling Pacific Corp,Enterprise,Furniture,Bar Cart,299.99,140.0,2,527.98,280.0,247.98,12,Kevin Williams
SO-11954,2022-07-02,2022-07-07,Online,WARE-ATL5509,Northeast,Vermont,Barre,Bright National Co,Corporate,Furniture,Bar Cart,299.99,140.0,8,2399.92,1120.0,1279.92,0,James Carter
SO-11955,2022-07-13,2022-07-16,Online,WARE-ATL5509,South,Oklahoma,Oklahoma City,Premier Sterling Corp,Enterprise,Furniture,Bookshelf,249.99,110.0,10,2124.9,1100.0,1024.9,15,Rachel Scott
SO-11956,2022-03-06,2022-03-10,Online,WARE-PJW3508,West,Colorado,Denver,Elite Sterling LLC,Retail,Electronics,Bluetooth Speaker,149.99,58.0,17,2294.83,986.0,1308.83,10,Sarah Mitchell
SO-11957,2022-12-31,2023-01-04,Online,WARE-UHY1004,South,Tennessee,Nashville,Pacific Pioneer Group,Corporate,Furniture,Accent Table,199.99,92.0,26,5199.74,2392.0,2807.74,0,Michael Brown
SO-11958,2022-04-01,2022-04-08,Distributor,WARE-PJW3508,Midwest,Illinois,Joliet,Central Apex Distributors,Enterprise,Clothing,Linen Pants,64.99,26.0,4,220.96,104.0,116.96,15,Amanda Torres
SO-11959,2022-11-07,2022-11-13,In-Store,WARE-MCD2201,West,Utah,West Valley City,Core Bright LLC,Government,Furniture,Office Chair,299.99,145.0,10,2999.9,1450.0,1549.9,0,Rachel Scott
SO-11960,2022-11-11,2022-11-21,Wholesale,WARE-MCD2201,Midwest,Indiana,Fort Wayne,Global Central LLC,Government,Electronics,Smart Display,349.99,165.0,8,2799.92,1320.0,1479.92,0,Sarah Mitchell
SO-11961,2023-11-12,2023-11-15,Wholesale,WARE-ATL5509,Northeast,New York,Syracuse,Coastal Swift Corp,Small Business,Office Supplies,Projector,699.99,340.0,19,13299.81,6460.0,6839.81,0,Robert Adams
SO-11962,2023-02-16,2023-02-22,In-Store,WARE-NBV1002,Southwest,Arizona,Chandler,Core Bright Trading,Government,Furniture,Accent Table,199.99,92.0,6,1103.94,552.0,551.94,8,Emily Johnson
SO-11963,2022-01-04,2022-01-08,In-Store,WARE-UHY1004,Southwest,Colorado,Fort Collins,Summit Apex Enterprises,Government,Electronics,Webcam HD,99.99,42.0,1,96.99,42.0,54.99,3,Amanda Torres
SO-11964,2022-02-17,2022-02-27,Wholesale,WARE-UHY1004,Northeast,Pennsylvania,Pittsburgh,Swift Pioneer Distributors,Enterprise,Office Supplies,Ergonomic Chair,349.99,175.0,15,4987.35,2625.0,2362.35,5,Emily Johnson
SO-11965,2022-12-25,2022-12-29,Online,WARE-UHY1004,Southeast,West Virginia,Charleston,Metro Pioneer Retail,Government,Office Supplies,Copier Machine,1299.99,680.0,8,10399.92,5440.0,4959.92,0,David Park
SO-11966,2022-01-30,2022-02-05,Distributor,WARE-PJW3508,Northeast,Vermont,Burlington,Advanced Global Trading,Retail,Furniture,Laptop Cart,299.99,145.0,6,1799.94,870.0,929.94,0,Michael Brown
SO-11967,2024-01-06,2024-01-10,Distributor,WARE-MCD2201,West,Utah,Orem,Unity Bright Commerce,Retail,Furniture,Conference Table,999.99,520.0,1,999.99,520.0,479.99,0,Michael Brown
SO-11968,2023-10-05,2023-10-10,Wholesale,WARE-ATL5509,South,Texas,Dallas,National Unity Commerce,Government,Clothing,Fleece Hoodie,74.99,30.0,12,899.88,360.0,539.88,0,Kevin Williams
SO-11969,2023-09-21,2023-09-24,In-Store,WARE-UHY1004,West,Utah,Provo,Metro Central Retail,Government,Clothing,Sun Hat,34.99,13.0,8,257.52,104.0,153.52,8,James Carter
SO-11970,2022-10-14,2022-10-21,Online,WARE-UHY1004,Northeast,Massachusetts,Worcester,Digital Pacific Distributors,Government,Clothing,Business Casual Shirt,59.99,22.0,16,911.84,352.0,559.84,5,James Carter
SO-11971,2023-08-24,2023-08-30,Distributor,WARE-NBV1002,South,Alabama,Birmingham,Premier Bright Co,Government,Furniture,Partition Wall,349.99,168.0,12,3695.88,2016.0,1679.88,12,Sarah Mitchell
SO-11972,2022-08-27,2022-09-01,Online,WARE-MCD2201,Midwest,Iowa,Iowa City,National Bright Solutions,Retail,Electronics,4K Camera,1199.99,600.0,11,11615.89,6600.0,5015.89,12,Emily Johnson
SO-11973,2022-08-15,2022-08-21,Distributor,WARE-ATL5509,Southwest,New Mexico,Roswell,Horizon Global Commerce,Government,Furniture,Adjustable Monitor Stand,129.99,58.0,6,717.54,348.0,369.54,8,David Park
SO-11974,2023-11-08,2023-11-13,In-Store,WARE-UHY1004,Southwest,Alaska,Juneau,Apex Swift Retail,Government,Clothing,Sun Hat,34.99,13.0,12,419.88,156.0,263.88,0,Robert Adams
SO-11975,2022-09-09,2022-09-13,Wholesale,WARE-ATL5509,Southwest,New Mexico,Albuquerque,Unity Unity Solutions,Enterprise,Office Supplies,Document Scanner,299.99,145.0,12,3311.88,1740.0,1571.88,8,David Park
SO-11976,2023-02-13,2023-02-17,Distributor,WARE-ATL5509,West,Utah,West Jordan,National Horizon Co,Enterprise,Electronics,Portable Charger,79.99,34.0,9,633.51,306.0,327.51,12,Rachel Scott
SO-11977,2023-01-01,2023-01-04,Distributor,WARE-ATL5509,West,Nevada,Henderson,Pioneer Apex Retail,Small Business,Electronics,Gaming Console,499.99,250.0,7,3149.93,1750.0,1399.93,10,Kevin Williams
SO-11978,2022-03-31,2022-04-06,In-Store,WARE-MCD2201,Southwest,Hawaii,Kailua,Unity Coastal Retail,Retail,Clothing,Rain Jacket,99.99,42.0,3,284.97,126.0,158.97,5,Lisa Chen
SO-11979,2022-09-21,2022-09-25,Online,WARE-PJW3508,Northeast,Massachusetts,Lowell,Central Apex Solutions,Retail,Clothing,Holiday Sweater,69.99,28.0,11,654.39,308.0,346.39,15,Michael Brown
SO-11980,2024-01-10,2024-01-20,In-Store,WARE-NBV1002,Northeast,Vermont,Barre,Bright Elite Solutions,Corporate,Clothing,Sports Jacket,109.99,46.0,1,109.99,46.0,63.99,0,David Park
SO-11981,2023-05-02,2023-05-06,Distributor,WARE-ATL5509,South,Texas,Dallas,Summit Summit Commerce,Small Business,Furniture,TV Stand,249.99,118.0,5,1187.45,590.0,597.45,5,Michael Brown
SO-11982,2023-07-21,2023-07-26,Online,WARE-NBV1002,Southwest,Nevada,North Las Vegas,Advanced Central Retail,Government,Clothing,Holiday Sweater,69.99,28.0,3,184.77,84.0,100.77,12,James Carter
SO-11983,2023-07-21,2023-07-24,In-Store,WARE-PJW3508,Midwest,Illinois,Springfield,National Digital Supply,Government,Office Supplies,Heavy Duty Punch,79.99,34.0,2,151.98,68.0,83.98,5,David Park
SO-11984,2022-09-25,2022-09-30,In-Store,WARE-MCD2201,West,New Mexico,Albuquerque,Apex National Distributors,Corporate,Furniture,Office Chair,299.99,145.0,9,2699.91,1305.0,1394.91,0,Rachel Scott
SO-11985,2023-12-19,2023-12-24,Distributor,WARE-ATL5509,West,New Mexico,Rio Rancho,Pioneer Elite Trading,Government,Clothing,Board Shorts,54.99,21.0,11,604.89,231.0,373.89,0,Sarah Mitchell
SO-11986,2023-04-01,2023-04-08,Distributor,WARE-PJW3508,Northeast,Connecticut,Waterbury,Metro Premier LLC,Small Business,Furniture,Storage Cabinet,449.99,215.0,5,2137.45,1075.0,1062.45,5,Kevin Williams
SO-11987,2022-11-24,2022-11-27,Distributor,WARE-UHY1004,South,Texas,Corpus Christi,Coastal Premier Trading,Government,Clothing,Fleece Hoodie,74.99,30.0,11,824.89,330.0,494.89,0,Lisa Chen
SO-11988,2024-02-06,2024-02-08,Distributor,WARE-NBV1002,West,New Mexico,Roswell,Core Global Enterprises,Government,Furniture,Mesh Chair,319.99,155.0,13,3660.67,2015.0,1645.67,12,Rachel Scott
SO-11989,2023-01-19,2023-01-22,Distributor,WARE-ATL5509,Northeast,New Hampshire,Manchester,Advanced Sterling LLC,Small Business,Clothing,Athleisure Set,119.99,50.0,12,1223.88,600.0,623.88,15,Lisa Chen
SO-11990,2023-07-09,2023-07-14,Wholesale,WARE-PJW3508,South,Florida,Pensacola,Unity Pioneer Retail,Retail,Furniture,Bar Cart,299.99,140.0,7,2036.93,980.0,1056.93,3,Amanda Torres
SO-11991,2022-02-07,2022-02-09,In-Store,WARE-PJW3508,West,Nevada,North Las Vegas,Sterling Core Co,Small Business,Furniture,TV Stand,249.99,118.0,16,3799.84,1888.0,1911.84,5,David Park
SO-11992,2023-02-25,2023-03-07,Online,WARE-MCD2201,Southeast,West Virginia,Parkersburg,Bright Advanced Distributors,Retail,Electronics,VR Headset,599.99,280.0,6,3599.94,1680.0,1919.94,0,Emily Johnson
SO-11993,2023-08-31,2023-09-05,Distributor,WARE-PJW3508,Midwest,Ohio,Cincinnati,Metro Atlantic LLC,Retail,Office Supplies,Laminator,89.99,40.0,16,1439.84,640.0,799.84,0,Amanda Torres
SO-11994,2023-11-11,2023-11-18,In-Store,WARE-PJW3508,South,Louisiana,Lake Charles,Swift Horizon Corp,Enterprise,Furniture,Lounge Chair,399.99,195.0,7,2659.93,1365.0,1294.93,5,Amanda Torres
SO-11995,2022-08-17,2022-08-21,Distributor,WARE-PJW3508,Southeast,Maryland,Gaithersburg,Sterling Atlantic Trading,Retail,Furniture,Corner Desk,699.99,345.0,12,7559.88,4140.0,3419.88,10,Emily Johnson
SO-11996,2022-05-29,2022-06-03,Distributor,WARE-MCD2201,Southeast,District of Columbia,Washington,Apex Swift Inc,Government,Office Supplies,Whiteboard,159.99,72.0,18,2735.82,1296.0,1439.82,5,Michael Brown
SO-11997,2023-02-23,2023-02-25,Wholesale,WARE-UHY1004,West,Nevada,Sparks,Advanced Atlantic Group,Small Business,Electronics,Kindle Paperwhite,139.99,62.0,13,1601.47,806.0,795.47,12,Emily Johnson
SO-11998,2022-01-19,2022-01-22,Online,WARE-PJW3508,Southwest,Colorado,Fort Collins,Bright Digital Retail,Retail,Electronics,Smart TV 55,799.99,400.0,15,11039.85,6000.0,5039.85,8,Rachel Scott
SO-11999,2022-12-24,2022-12-29,Distributor,WARE-PJW3508,West,Colorado,Aurora,Unity Elite Enterprises,Retail,Electronics,Wi-Fi Mesh System,399.99,190.0,23,9199.77,4370.0,4829.77,0,James Carter
SO-12000,2023-02-02,2023-02-04,Online,WARE-NBV1002,Northeast,Maine,Portland,Apex Core Retail,Corporate,Office Supplies,Copier Machine,1299.99,680.0,4,4679.96,2720.0,1959.96,10,Amanda Torres
SO-12001,2024-03-20,2024-03-25,In-Store,WARE-ATL5509,Southwest,New Mexico,Santa Fe,Swift Central Supply,Enterprise,Clothing,Running Shoes,89.99,38.0,9,728.91,342.0,386.91,10,Lisa Chen
SO-12002,2024-02-07,2024-02-12,Wholesale,WARE-MCD2201,Southwest,Arizona,Chandler,Swift Bright Trading,Small Business,Office Supplies,Label Printer,179.99,82.0,12,2095.08,984.0,1111.08,3,Lisa Chen
SO-12003,2023-11-21,2023-11-27,Online,WARE-MCD2201,South,Mississippi,Hattiesburg,Central Metro Enterprises,Small Business,Office Supplies,Laminator,89.99,40.0,25,1912.25,1000.0,912.25,15,Robert Adams
SO-12004,2022-08-07,2022-08-14,Online,WARE-PJW3508,Southeast,Delaware,Dover,Elite Core Inc,Small Business,Furniture,Executive Desk,1199.99,620.0,9,10799.91,5580.0,5219.91,0,James Carter
SO-12005,2023-10-13,2023-10-27,In-Store,WARE-PJW3508,Southeast,West Virginia,Morgantown,Central Coastal Retail,Retail,Office Supplies,Desk Organizer,29.99,11.0,10,290.9,110.0,180.9,3,Rachel Scott
SO-12006,2022-01-23,2022-01-29,In-Store,WARE-PJW3508,West,New Mexico,Albuquerque,Metro Digital Retail,Retail,Furniture,Partition Wall,349.99,168.0,7,2449.93,1176.0,1273.93,0,Lisa Chen
SO-12007,2023-06-10,2023-06-24,Wholesale,WARE-ATL5509,Southeast,Kentucky,Lexington,Premier Central Group,Enterprise,Clothing,Business Casual Shirt,59.99,22.0,7,398.93,154.0,244.93,5,Sarah Mitchell
SO-12008,2023-08-21,2023-08-24,Online,WARE-PJW3508,South,Oklahoma,Lawton,Summit Elite Corp,Small Business,Clothing,Holiday Sweater,69.99,28.0,5,349.95,140.0,209.95,0,Lisa Chen
SO-12009,2023-05-16,2023-05-21,Wholesale,WARE-PJW3508,South,Mississippi,Jackson,Pioneer Core Co,Retail,Electronics,External SSD,129.99,55.0,18,2339.82,990.0,1349.82,0,Michael Brown
SO-12010,2022-08-08,2022-08-13,Online,WARE-ATL5509,Southwest,Colorado,Fort Collins,Advanced Sterling LLC,Corporate,Furniture,Floor Lamp,159.99,72.0,7,1063.93,504.0,559.93,5,Kevin Williams
SO-12011,2023-04-06,2023-04-11,In-Store,WARE-ATL5509,Southwest,Wyoming,Cheyenne,Pioneer Summit Inc,Government,Office Supplies,Electric Stapler,49.99,19.0,7,349.93,133.0,216.93,0,Sarah Mitchell
SO-12012,2022-11-05,2022-11-10,Wholesale,WARE-UHY1004,Southwest,Utah,West Jordan,Horizon Pacific Co,Small Business,Clothing,Linen Shirt,54.99,21.0,9,470.16,189.0,281.16,5,James Carter
SO-12013,2022-09-06,2022-09-10,Wholesale,WARE-UHY1004,Northeast,New Jersey,Edison,Atlantic Atlantic Corp,Government,Office Supplies,Filing Cabinet,199.99,95.0,11,2199.89,1045.0,1154.89,0,Emily Johnson
SO-12014,2023-05-09,2023-05-19,Online,WARE-MCD2201,West,California,Sacramento,Horizon Metro Supply,Retail,Electronics,Conference Camera,449.99,210.0,13,5264.87,2730.0,2534.87,10,David Park
SO-12015,2022-05-28,2022-05-30,Wholesale,WARE-UHY1004,Northeast,New Hampshire,Nashua,Horizon Pacific Retail,Corporate,Clothing,Velvet Blazer,179.99,80.0,12,1987.08,960.0,1027.08,8,Amanda Torres
SO-12016,2022-02-20,2022-02-23,In-Store,WARE-UHY1004,South,Texas,Fort Worth,Bright National Inc,Retail,Clothing,Linen Pants,64.99,26.0,10,597.9,260.0,337.9,8,Michael Brown
SO-12017,2023-03-16,2023-03-20,Online,WARE-PJW3508,Southwest,Wyoming,Gillette,Core Pacific Trading,Small Business,Furniture,Bar Cart,299.99,140.0,15,3824.85,2100.0,1724.85,15,Rachel Scott
SO-12018,2022-02-03,2022-02-09,Online,WARE-ATL5509,Southwest,New Mexico,Santa Fe,Sterling Summit Solutions,Retail,Furniture,TV Stand,249.99,118.0,16,3879.84,1888.0,1991.84,3,James Carter
SO-12019,2023-08-11,2023-08-15,Wholesale,WARE-NBV1002,Northeast,New Hampshire,Manchester,Summit Bright Trading,Retail,Furniture,Laptop Cart,299.99,145.0,5,1319.95,725.0,594.95,12,Michael Brown
SO-12020,2023-09-05,2023-09-11,Wholesale,WARE-NBV1002,South,Florida,Clearwater,Summit Pioneer Corp,Small Business,Office Supplies,Paper Shredder,129.99,62.0,8,956.72,496.0,460.72,8,Robert Adams
SO-12021,2023-12-26,2023-12-31,In-Store,WARE-UHY1004,Northeast,Vermont,Montpelier,Unity Global Corp,Enterprise,Electronics,Wi-Fi Mesh System,399.99,190.0,35,13299.65,6650.0,6649.65,5,Kevin Williams
SO-12022,2023-09-29,2023-10-01,Online,WARE-MCD2201,South,Oklahoma,Norman,Digital National Solutions,Enterprise,Office Supplies,Ergonomic Mouse,59.99,24.0,3,170.97,72.0,98.97,5,Lisa Chen
SO-12023,2023-12-24,2023-12-27,Online,WARE-UHY1004,Midwest,Missouri,Independence,Pacific Sterling Inc,Government,Office Supplies,Wireless Keyboard,89.99,38.0,25,2249.75,950.0,1299.75,0,Emily Johnson
SO-12024,2023-10-13,2023-10-18,Wholesale,WARE-NBV1002,South,Florida,Clearwater,National Pioneer Distributors,Retail,Furniture,Partition Wall,349.99,168.0,16,5599.84,2688.0,2911.84,0,Amanda Torres
SO-12025,2022-12-20,2022-12-25,In-Store,WARE-PJW3508,Northeast,Maine,Portland,Bright Sterling LLC,Retail,Office Supplies,Printer Cartridges,89.99,32.0,29,2609.71,928.0,1681.71,0,James Carter
SO-12026,2022-08-26,2022-09-01,Wholesale,WARE-MCD2201,Midwest,Ohio,Toledo,Pioneer Elite Group,Government,Furniture,Laptop Cart,299.99,145.0,22,5609.78,3190.0,2419.78,15,Michael Brown
SO-12027,2023-04-21,2023-04-28,Distributor,WARE-PJW3508,Northeast,New Hampshire,Derry,Coastal Advanced Group,Government,Clothing,Golf Polo,64.99,26.0,14,909.86,364.0,545.86,0,Amanda Torres
SO-12028,2022-02-15,2022-02-19,Wholesale,WARE-PJW3508,Southwest,Utah,Salt Lake City,Bright Central Supply,Retail,Clothing,Sports Jacket,109.99,46.0,8,835.92,368.0,467.92,5,Michael Brown
SO-12029,2022-10-15,2022-10-22,In-Store,WARE-NBV1002,Midwest,Ohio,Columbus,Sterling Digital Supply,Government,Furniture,Laptop Cart,299.99,145.0,18,4589.82,2610.0,1979.82,15,Sarah Mitchell
SO-12030,2022-06-16,2022-06-19,Distributor,WARE-MCD2201,Midwest,Missouri,Kansas City,Bright Apex Distributors,Retail,Furniture,Mesh Chair,319.99,155.0,17,4623.83,2635.0,1988.83,15,Sarah Mitchell
SO-12031,2023-04-30,2023-05-04,Distributor,WARE-MCD2201,Northeast,Massachusetts,Boston,Apex Sterling Retail,Enterprise,Clothing,Running Shoes,89.99,38.0,13,1052.87,494.0,558.87,10,Amanda Torres
SO-12032,2022-06-20,2022-06-26,Distributor,WARE-NBV1002,South,Oklahoma,Lawton,Sterling Unity Solutions,Small Business,Clothing,Casual Pants,69.99,28.0,14,950.46,392.0,558.46,3,Rachel Scott
SO-12033,2022-12-24,2022-12-26,In-Store,WARE-MCD2201,Northeast,New Hampshire,Concord,Coastal Bright Supply,Corporate,Clothing,Linen Shirt,54.99,21.0,29,1467.11,609.0,858.11,8,Emily Johnson
SO-12034,2023-10-02,2023-10-09,Wholesale,WARE-NBV1002,Southeast,Virginia,Richmond,Digital Core Solutions,Small Business,Clothing,Formal Jacket,129.99,55.0,15,1754.85,825.0,929.85,10,Rachel Scott
SO-12035,2022-08-17,2022-08-22,Online,WARE-NBV1002,Southeast,Kentucky,Owensboro,Digital Pacific Retail,Retail,Office Supplies,Electric Stapler,49.99,19.0,17,849.83,323.0,526.83,0,Emily Johnson
SO-12036,2022-07-11,2022-07-16,In-Store,WARE-UHY1004,Midwest,Ohio,Cleveland,Sterling Elite Corp,Small Business,Clothing,Chinos,74.99,30.0,3,224.97,90.0,134.97,0,James Carter
SO-12037,2022-10-14,2022-10-16,Distributor,WARE-UHY1004,South,Tennessee,Clarksville,Global Coastal Distributors,Corporate,Office Supplies,Flip Chart,69.99,29.0,13,837.07,377.0,460.07,8,David Park
SO-12038,2023-03-25,2023-04-01,Online,WARE-UHY1004,Southeast,Maryland,Frederick,Summit Core Co,Government,Office Supplies,Binding Machine,149.99,68.0,18,2564.82,1224.0,1340.82,5,Lisa Chen
SO-12039,2022-09-29,2022-10-04,Wholesale,WARE-PJW3508,South,Arkansas,Little Rock,Pioneer Sterling Commerce,Small Business,Electronics,Action Camera,349.99,170.0,9,2771.91,1530.0,1241.91,12,Sarah Mitchell
SO-12040,2023-01-06,2023-01-16,In-Store,WARE-MCD2201,Northeast,New Hampshire,Manchester,Unity Global Solutions,Retail,Furniture,Work Bench,549.99,270.0,12,6599.88,3240.0,3359.88,0,Michael Brown
SO-12041,2023-07-25,2023-07-30,In-Store,WARE-NBV1002,South,Alabama,Montgomery,Swift Coastal Inc,Small Business,Electronics,Video Doorbell,179.99,80.0,15,2429.85,1200.0,1229.85,10,Rachel Scott
SO-12042,2023-05-08,2023-05-18,Wholesale,WARE-MCD2201,South,Georgia,Atlanta,Core Pioneer Commerce,Small Business,Office Supplies,Paper Shredder,129.99,62.0,2,259.98,124.0,135.98,0,Rachel Scott
SO-12043,2023-06-22,2023-06-26,Online,WARE-PJW3508,Southeast,District of Columbia,Washington,Horizon Elite Supply,Small Business,Clothing,Running Shoes,89.99,38.0,17,1346.23,646.0,700.23,12,Michael Brown
SO-12044,2022-04-26,2022-05-06,Online,WARE-MCD2201,Southeast,Maryland,Gaithersburg,Coastal Sterling Co,Corporate,Office Supplies,Label Maker,59.99,24.0,16,815.84,384.0,431.84,15,Emily Johnson
SO-12045,2022-01-05,2022-01-09,Distributor,WARE-PJW3508,South,Georgia,Macon,Premier Unity Enterprises,Corporate,Electronics,Video Doorbell,179.99,80.0,1,179.99,80.0,99.99,0,Robert Adams
SO-12046,2024-01-11,2024-01-16,Distributor,WARE-ATL5509,Northeast,Connecticut,New Haven,Advanced Pacific Trading,Retail,Electronics,iPad Pro,1099.99,680.0,16,16719.84,10880.0,5839.84,5,Rachel Scott
SO-12047,2023-03-02,2023-03-09,In-Store,WARE-MCD2201,South,Florida,Miami,Global Atlantic Solutions,Government,Furniture,Bookshelf,249.99,110.0,5,1187.45,550.0,637.45,5,Amanda Torres
SO-12048,2024-01-09,2024-01-12,In-Store,WARE-UHY1004,Midwest,Wisconsin,Madison,Pioneer Sterling Supply,Corporate,Electronics,Gaming Console,499.99,250.0,13,5719.87,3250.0,2469.87,12,Rachel Scott
SO-12049,2023-12-07,2023-12-12,Distributor,WARE-PJW3508,Midwest,Kansas,Olathe,Central Metro LLC,Retail,Office Supplies,Whiteboard,159.99,72.0,16,2559.84,1152.0,1407.84,0,Rachel Scott
SO-12050,2022-03-19,2022-03-25,Online,WARE-ATL5509,South,Tennessee,Memphis,Pioneer Unity Supply,Retail,Clothing,Athleisure Set,119.99,50.0,9,950.31,450.0,500.31,12,James Carter
SO-12051,2023-03-19,2023-03-25,In-Store,WARE-PJW3508,Northeast,Rhode Island,Providence,Summit Global Distributors,Corporate,Electronics,NAS Storage,899.99,450.0,16,12959.84,7200.0,5759.84,10,Rachel Scott
SO-12052,2024-01-12,2024-01-15,Online,WARE-PJW3508,South,Texas,Dallas,Summit Bright Enterprises,Government,Office Supplies,Calligraphy Set,39.99,15.0,12,465.48,180.0,285.48,3,Emily Johnson
SO-12053,2022-04-16,2022-04-21,Wholesale,WARE-UHY1004,West,Montana,Great Falls,Pioneer Atlantic LLC,Government,Office Supplies,Label Maker,59.99,24.0,11,626.89,264.0,362.89,5,Amanda Torres
SO-12054,2024-03-17,2024-03-21,In-Store,WARE-PJW3508,Northeast,New Jersey,Edison,Sterling Atlantic Co,Government,Office Supplies,Ergonomic Chair,349.99,175.0,15,4724.85,2625.0,2099.85,10,Amanda Torres
SO-12055,2022-05-14,2022-05-20,Online,WARE-UHY1004,South,South Carolina,Spartanburg,Swift National Supply,Enterprise,Office Supplies,Electric Stapler,49.99,19.0,12,527.88,228.0,299.88,12,Rachel Scott
SO-12056,2024-03-19,2024-03-24,Distributor,WARE-UHY1004,West,New Mexico,Las Cruces,Sterling Elite Retail,Enterprise,Clothing,Sun Hat,34.99,13.0,15,498.6,195.0,303.6,5,Michael Brown
SO-12057,2023-09-11,2023-09-16,Distributor,WARE-UHY1004,Southeast,West Virginia,Wheeling,Pioneer Coastal Supply,Government,Clothing,Chinos,74.99,30.0,13,974.87,390.0,584.87,0,James Carter
SO-12058,2022-10-04,2022-10-10,Wholesale,WARE-NBV1002,South,South Carolina,Rock Hill,Summit Sterling Enterprises,Corporate,Electronics,Gaming Console,499.99,250.0,18,8549.82,4500.0,4049.82,5,James Carter
SO-12059,2023-12-17,2023-12-22,In-Store,WARE-MCD2201,Southeast,Maryland,Baltimore,Central Summit Co,Retail,Electronics,Smart Display,349.99,165.0,25,7874.75,4125.0,3749.75,10,Robert Adams
SO-12060,2022-08-15,2022-08-21,Distributor,WARE-NBV1002,South,Alabama,Montgomery,Metro Core LLC,Corporate,Office Supplies,Printer Cartridges,89.99,32.0,15,1309.35,480.0,829.35,3,Lisa Chen
SO-12061,2022-04-27,2022-05-01,Distributor,WARE-MCD2201,South,Arkansas,Fort Smith,Coastal Sterling LLC,Enterprise,Electronics,Digital Whiteboard,1999.99,1100.0,15,29999.85,16500.0,13499.85,0,David Park
SO-12062,2022-03-09,2022-03-13,Distributor,WARE-MCD2201,Southeast,Kentucky,Louisville,National Elite Solutions,Enterprise,Electronics,Smartband,199.99,88.0,17,2889.83,1496.0,1393.83,15,Robert Adams
SO-12063,2024-02-20,2024-02-26,Distributor,WARE-UHY1004,South,South Carolina,Rock Hill,Horizon Horizon LLC,Government,Office Supplies,Ink Tank Printer,399.99,195.0,11,4047.89,2145.0,1902.89,8,James Carter
SO-12064,2022-11-05,2022-11-11,Online,WARE-UHY1004,South,Georgia,Columbus,Coastal Pioneer Inc,Small Business,Office Supplies,Letter Opener,14.99,5.0,32,465.28,160.0,305.28,3,Rachel Scott
SO-12065,2023-10-14,2023-10-19,Distributor,WARE-PJW3508,Southeast,North Carolina,Winston-Salem,Central Pacific Retail,Small Business,Electronics,Digital Whiteboard,1999.99,1100.0,2,3599.98,2200.0,1399.98,10,Amanda Torres
SO-12066,2022-09-24,2022-09-30,Wholesale,WARE-ATL5509,Southeast,West Virginia,Huntington,Premier National LLC,Retail,Furniture,Office Chair,299.99,145.0,2,569.98,290.0,279.98,5,Rachel Scott
SO-12067,2022-10-02,2022-10-08,Online,WARE-PJW3508,South,Texas,Lubbock,National Bright Trading,Enterprise,Clothing,Turtleneck,59.99,24.0,8,455.92,192.0,263.92,5,Emily Johnson
SO-12068,2023-04-26,2023-05-02,Online,WARE-UHY1004,Southwest,Nevada,Reno,Digital Elite Group,Small Business,Office Supplies,Card Reader,39.99,15.0,18,683.82,270.0,413.82,5,James Carter
SO-12069,2023-10-07,2023-10-10,In-Store,WARE-UHY1004,West,Colorado,Aurora,Central Sterling LLC,Enterprise,Furniture,Lounge Chair,399.99,195.0,7,2715.93,1365.0,1350.93,3,Amanda Torres
SO-12070,2024-01-02,2024-01-06,Distributor,WARE-NBV1002,Midwest,Illinois,Peoria,National Apex Inc,Retail,Furniture,Modular Sofa,1499.99,750.0,15,21824.85,11250.0,10574.85,3,James Carter
SO-12071,2022-01-30,2022-02-05,Wholesale,WARE-NBV1002,South,Tennessee,Memphis,Apex Pioneer Commerce,Government,Furniture,Corner Desk,699.99,345.0,16,10639.84,5520.0,5119.84,5,Michael Brown
SO-12072,2023-10-26,2023-11-05,In-Store,WARE-PJW3508,Southwest,New Mexico,Rio Rancho,Sterling Pacific LLC,Enterprise,Office Supplies,Document Scanner,299.99,145.0,10,2759.9,1450.0,1309.9,8,Sarah Mitchell
SO-12073,2024-02-29,2024-03-03,Distributor,WARE-UHY1004,South,Alabama,Huntsville,National Apex Inc,Enterprise,Electronics,Ring Light,89.99,36.0,17,1529.83,612.0,917.83,0,Rachel Scott
SO-12074,2022-12-08,2022-12-15,Wholesale,WARE-MCD2201,Midwest,Ohio,Akron,Apex Horizon LLC,Small Business,Clothing,Summer Dress,79.99,30.0,34,2583.66,1020.0,1563.66,5,Robert Adams
SO-12075,2022-09-09,2022-09-16,Online,WARE-ATL5509,Southeast,District of Columbia,Washington,Atlantic Central Corp,Enterprise,Furniture,Storage Cabinet,449.99,215.0,1,413.99,215.0,198.99,8,David Park
SO-12076,2023-04-15,2023-04-25,Online,WARE-PJW3508,South,Alabama,Huntsville,Metro Sterling Corp,Government,Electronics,Laptop Pro 15,1299.99,780.0,14,17289.86,10920.0,6369.86,5,Kevin Williams
SO-12077,2023-10-30,2023-11-04,In-Store,WARE-MCD2201,Southwest,Alaska,Ketchikan,Pacific Sterling Group,Corporate,Furniture,Hallway Table,279.99,132.0,14,3527.86,1848.0,1679.86,10,Kevin Williams
SO-12078,2022-10-19,2022-10-25,Wholesale,WARE-ATL5509,Northeast,New York,New York City,Elite Core Corp,Government,Electronics,iPad Pro,1099.99,680.0,14,15399.86,9520.0,5879.86,0,Kevin Williams
SO-12079,2022-10-15,2022-10-21,Online,WARE-MCD2201,Southeast,North Carolina,Winston-Salem,National Swift Commerce,Government,Office Supplies,Printer Cartridges,89.99,32.0,13,1076.27,416.0,660.27,8,Amanda Torres
SO-12080,2023-09-03,2023-09-17,Wholesale,WARE-ATL5509,Southwest,Wyoming,Cheyenne,Bright Coastal Solutions,Government,Furniture,Storage Cabinet,449.99,215.0,2,899.98,430.0,469.98,0,Robert Adams
SO-12081,2023-05-06,2023-05-12,Distributor,WARE-MCD2201,West,New Mexico,Las Cruces,Global Swift LLC,Small Business,Electronics,Laptop Pro 15,1299.99,780.0,5,6499.95,3900.0,2599.95,0,Emily Johnson
SO-12082,2022-01-19,2022-01-24,Wholesale,WARE-ATL5509,West,Colorado,Aurora,Swift National Inc,Retail,Clothing,Winter Coat,149.99,65.0,15,2249.85,975.0,1274.85,0,Kevin Williams
SO-12083,2023-10-19,2023-10-23,Wholesale,WARE-MCD2201,Southeast,Delaware,Smyrna,Core Swift Group,Corporate,Furniture,Corner Desk,699.99,345.0,9,5984.91,3105.0,2879.91,5,Michael Brown
SO-12084,2023-01-24,2023-01-29,Distributor,WARE-MCD2201,West,New Mexico,Rio Rancho,Digital Apex LLC,Corporate,Electronics,Smart Home Hub,299.99,140.0,17,4691.83,2380.0,2311.83,8,Sarah Mitchell
SO-12085,2022-12-26,2023-01-02,Online,WARE-MCD2201,West,Arizona,Mesa,Sterling National LLC,Small Business,Clothing,Formal Jacket,129.99,55.0,26,3278.34,1430.0,1848.34,3,Rachel Scott
SO-12086,2023-06-26,2023-07-01,Wholesale,WARE-MCD2201,South,Texas,Houston,National Horizon Supply,Small Business,Office Supplies,Laminator,89.99,40.0,13,1134.77,520.0,614.77,3,James Carter
SO-12087,2023-12-06,2023-12-09,Distributor,WARE-ATL5509,Southwest,Utah,Salt Lake City,Central Atlantic Solutions,Retail,Clothing,Athleisure Set,119.99,50.0,33,3959.67,1650.0,2309.67,0,Robert Adams
SO-12088,2022-02-28,2022-03-10,Online,WARE-PJW3508,Northeast,Massachusetts,Worcester,Pioneer Pioneer Inc,Enterprise,Furniture,Hallway Table,279.99,132.0,5,1329.95,660.0,669.95,5,Rachel Scott
SO-12089,2023-05-23,2023-05-29,In-Store,WARE-PJW3508,Northeast,New Hampshire,Manchester,Unity Unity Enterprises,Retail,Office Supplies,Label Maker,59.99,24.0,13,756.47,312.0,444.47,3,Sarah Mitchell
SO-12090,2022-09-12,2022-09-16,Online,WARE-PJW3508,West,Colorado,Denver,Global Global Distributors,Small Business,Office Supplies,Heavy Duty Punch,79.99,34.0,17,1359.83,578.0,781.83,0,Lisa Chen
SO-12091,2023-05-19,2023-05-22,Distributor,WARE-MCD2201,South,South Carolina,Greenville,Bright Central Solutions,Retail,Office Supplies,Ergonomic Chair,349.99,175.0,9,2677.41,1575.0,1102.41,15,Robert Adams
SO-12092,2022-04-13,2022-04-19,In-Store,WARE-MCD2201,Southeast,Delaware,Middletown,Premier Summit Solutions,Enterprise,Office Supplies,Laminator,89.99,40.0,17,1407.43,680.0,727.43,8,David Park
SO-12093,2022-02-08,2022-02-12,Wholesale,WARE-MCD2201,Northeast,New York,Buffalo,Metro Apex Trading,Corporate,Office Supplies,Whiteboard,159.99,72.0,5,759.95,360.0,399.95,5,Robert Adams
SO-12094,2022-04-15,2022-04-22,Online,WARE-MCD2201,Midwest,Ohio,Cincinnati,Unity Global Solutions,Retail,Electronics,GPU Card,999.99,620.0,17,16999.83,10540.0,6459.83,0,David Park
SO-12095,2023-08-17,2023-08-22,Online,WARE-ATL5509,Northeast,New Hampshire,Manchester,Sterling Advanced Enterprises,Government,Office Supplies,Filing Cabinet,199.99,95.0,6,1055.94,570.0,485.94,12,David Park
SO-12096,2023-05-01,2023-05-07,In-Store,WARE-NBV1002,South,Mississippi,Jackson,Sterling Sterling Co,Small Business,Furniture,Glass Desk,799.99,400.0,13,9151.87,5200.0,3951.87,12,Robert Adams
SO-12097,2023-07-12,2023-07-16,Wholesale,WARE-NBV1002,Midwest,Kansas,Overland Park,National Digital Group,Enterprise,Furniture,Laptop Cart,299.99,145.0,14,4199.86,2030.0,2169.86,0,Lisa Chen
SO-12098,2022-02-02,2022-02-07,Online,WARE-ATL5509,Northeast,Pennsylvania,Philadelphia,Bright Atlantic Co,Small Business,Electronics,Wireless Router,199.99,85.0,5,919.95,425.0,494.95,8,Rachel Scott
SO-12099,2022-09-28,2022-10-08,Online,WARE-NBV1002,West,California,Long Beach,Unity Bright Supply,Government,Electronics,Laptop Pro 13,1099.99,650.0,15,16499.85,9750.0,6749.85,0,Rachel Scott
SO-12100,2024-01-14,2024-01-19,Online,WARE-UHY1004,South,Alabama,Mobile,Elite Sterling LLC,Enterprise,Office Supplies,Heavy Duty Punch,79.99,34.0,16,1126.24,544.0,582.24,12,Sarah Mitchell
SO-12101,2022-04-17,2022-04-27,Distributor,WARE-NBV1002,Midwest,Ohio,Cleveland,Atlantic Sterling Inc,Small Business,Electronics,USB Microphone,179.99,78.0,4,633.56,312.0,321.56,12,Robert Adams
SO-12102,2022-11-16,2022-11-18,Distributor,WARE-NBV1002,Midwest,Ohio,Toledo,Central Global Distributors,Retail,Electronics,Smart TV 55,799.99,400.0,31,23559.69,12400.0,11159.69,5,Amanda Torres
SO-12103,2022-08-06,2022-08-08,Distributor,WARE-PJW3508,Northeast,New Jersey,Edison,Advanced Apex Trading,Retail,Clothing,Linen Shirt,54.99,21.0,4,219.96,84.0,135.96,0,Robert Adams
SO-12104,2022-10-03,2022-10-08,Wholesale,WARE-PJW3508,South,Arkansas,Fayetteville,Global National Group,Enterprise,Clothing,Country Boots,119.99,52.0,2,227.98,104.0,123.98,5,Rachel Scott
SO-12105,2023-09-16,2023-09-22,In-Store,WARE-MCD2201,Southwest,Hawaii,Honolulu,Core Sterling LLC,Enterprise,Office Supplies,Whiteboard,159.99,72.0,4,588.76,288.0,300.76,8,Sarah Mitchell
SO-12106,2023-03-13,2023-03-18,Wholesale,WARE-MCD2201,Northeast,Vermont,Burlington,Swift Metro Solutions,Small Business,Office Supplies,Projector,699.99,340.0,15,10499.85,5100.0,5399.85,0,Sarah Mitchell
SO-12107,2023-09-10,2023-09-16,Distributor,WARE-UHY1004,Southwest,New Mexico,Albuquerque,Central Atlantic Corp,Retail,Electronics,Wireless Router,199.99,85.0,13,2469.87,1105.0,1364.87,5,James Carter
SO-12108,2023-03-28,2023-04-07,Wholesale,WARE-ATL5509,West,Arizona,Phoenix,Digital Core Co,Government,Electronics,Desktop Computer,1499.99,890.0,10,13799.9,8900.0,4899.9,8,Rachel Scott
SO-12109,2022-01-13,2022-01-18,Wholesale,WARE-NBV1002,Midwest,Kansas,Kansas City,Global Metro Enterprises,Corporate,Electronics,Smart Lock,249.99,115.0,8,1999.92,920.0,1079.92,0,Amanda Torres
SO-12110,2022-11-14,2022-11-21,Online,WARE-NBV1002,West,Colorado,Fort Collins,Digital Unity LLC,Retail,Furniture,TV Stand,249.99,118.0,15,3749.85,1770.0,1979.85,0,Sarah Mitchell
SO-12111,2022-10-12,2022-10-16,Online,WARE-PJW3508,Southeast,District of Columbia,Washington,Advanced Sterling Co,Enterprise,Electronics,MacBook Air,1499.99,950.0,1,1499.99,950.0,549.99,0,Rachel Scott
SO-12112,2022-08-27,2022-08-31,In-Store,WARE-UHY1004,West,New Mexico,Rio Rancho,Central Pioneer Solutions,Government,Office Supplies,Whiteboard,159.99,72.0,18,2447.82,1296.0,1151.82,15,Sarah Mitchell
SO-12113,2022-09-07,2022-09-14,In-Store,WARE-MCD2201,West,California,Sacramento,Sterling Core Supply,Retail,Office Supplies,Laminator,89.99,40.0,1,89.99,40.0,49.99,0,Lisa Chen
SO-12114,2023-04-13,2023-04-16,Wholesale,WARE-UHY1004,South,Mississippi,Jackson,Elite Bright Co,Enterprise,Clothing,Board Shorts,54.99,21.0,8,395.92,168.0,227.92,10,Kevin Williams
SO-12115,2023-01-21,2023-01-31,Wholesale,WARE-ATL5509,West,Oregon,Salem,Core Summit Enterprises,Retail,Furniture,Partition Wall,349.99,168.0,11,3734.39,1848.0,1886.39,3,Sarah Mitchell
SO-12116,2022-07-25,2022-08-01,Online,WARE-MCD2201,Midwest,Ohio,Cleveland,Core Coastal Enterprises,Corporate,Furniture,TV Stand,249.99,118.0,5,1124.95,590.0,534.95,10,Lisa Chen
SO-12117,2022-11-24,2022-11-30,Distributor,WARE-NBV1002,Midwest,Kansas,Wichita,Atlantic Coastal Corp,Retail,Clothing,Sports Jacket,109.99,46.0,32,3519.68,1472.0,2047.68,0,Rachel Scott
SO-12118,2023-02-07,2023-02-12,Online,WARE-NBV1002,Southeast,Delaware,Dover,Swift Core Enterprises,Enterprise,Furniture,Ergonomic Chair Pro,449.99,218.0,10,3824.9,2180.0,1644.9,15,Lisa Chen
SO-12119,2024-01-05,2024-01-09,Wholesale,WARE-MCD2201,Midwest,Iowa,Des Moines,Horizon Atlantic Supply,Government,Office Supplies,Copier Machine,1299.99,680.0,8,10399.92,5440.0,4959.92,0,Robert Adams
SO-12120,2022-01-25,2022-01-30,Online,WARE-NBV1002,Midwest,Indiana,Fort Wayne,Global Metro Retail,Corporate,Electronics,VR Headset,599.99,280.0,6,3599.94,1680.0,1919.94,0,Sarah Mitchell
SO-12121,2023-08-23,2023-08-27,Online,WARE-UHY1004,Midwest,Missouri,Kansas City,Advanced Core Retail,Corporate,Clothing,Polo Shirt,44.99,18.0,16,683.84,288.0,395.84,5,Emily Johnson
SO-12122,2024-02-22,2024-02-27,Online,WARE-ATL5509,Northeast,New York,Syracuse,Coastal Bright Distributors,Retail,Office Supplies,Ink Tank Printer,399.99,195.0,7,2659.93,1365.0,1294.93,5,Amanda Torres
SO-12123,2022-09-28,2022-10-03,Wholesale,WARE-PJW3508,South,Tennessee,Memphis,Digital National Retail,Enterprise,Electronics,MacBook Pro 16,2499.99,1650.0,9,20249.91,14850.0,5399.91,10,David Park
SO-12124,2023-07-15,2023-07-22,Wholesale,WARE-PJW3508,Northeast,Connecticut,New Haven,Central Elite LLC,Corporate,Electronics,USB Microphone,179.99,78.0,6,1079.94,468.0,611.94,0,Amanda Torres
SO-12125,2022-07-14,2022-07-18,Wholesale,WARE-ATL5509,West,Washington,Spokane,Central Core Group,Small Business,Electronics,Wireless Headphones,249.99,99.0,15,3749.85,1485.0,2264.85,0,Lisa Chen
SO-12126,2022-10-08,2022-10-15,Online,WARE-ATL5509,Southwest,Arizona,Chandler,National Bright Retail,Small Business,Clothing,Holiday Sweater,69.99,28.0,1,69.99,28.0,41.99,0,Robert Adams
SO-12127,2023-02-16,2023-02-26,Wholesale,WARE-ATL5509,Midwest,Michigan,Ann Arbor,Coastal Core Group,Enterprise,Office Supplies,Ink Tank Printer,399.99,195.0,15,5999.85,2925.0,3074.85,0,Rachel Scott
SO-12128,2022-11-17,2022-11-27,Distributor,WARE-UHY1004,Southeast,Delaware,Newark,Advanced Advanced Co,Retail,Office Supplies,Projector,699.99,340.0,14,9015.86,4760.0,4255.86,8,Kevin Williams
SO-12129,2022-11-13,2022-11-17,Online,WARE-PJW3508,West,Idaho,Boise,Advanced Global Distributors,Government,Electronics,Surface Laptop,1399.99,870.0,17,21895.83,14790.0,7105.83,8,Amanda Torres
SO-12130,2022-12-23,2022-12-29,Wholesale,WARE-ATL5509,West,Washington,Tacoma,Premier Horizon Commerce,Corporate,Furniture,Floor Lamp,159.99,72.0,6,883.14,432.0,451.14,8,Robert Adams
SO-12131,2024-01-01,2024-01-11,Wholesale,WARE-UHY1004,Midwest,Nebraska,Omaha,Digital Premier LLC,Retail,Office Supplies,Ergonomic Chair,349.99,175.0,9,3055.41,1575.0,1480.41,3,David Park
SO-12132,2022-11-28,2022-12-02,Distributor,WARE-PJW3508,Southwest,New Mexico,Las Cruces,Global Premier Distributors,Government,Office Supplies,Filing Cabinet,199.99,95.0,35,6159.65,3325.0,2834.65,12,Rachel Scott
SO-12133,2023-04-12,2023-04-18,Distributor,WARE-NBV1002,Southeast,West Virginia,Parkersburg,Horizon Bright Solutions,Government,Office Supplies,Letter Opener,14.99,5.0,7,99.68,35.0,64.68,5,Robert Adams
SO-12134,2022-03-07,2022-03-13,Wholesale,WARE-UHY1004,Midwest,Iowa,Davenport,Digital Global Group,Enterprise,Electronics,Surface Laptop,1399.99,870.0,16,20607.84,13920.0,6687.84,8,David Park
SO-12135,2022-06-14,2022-06-24,Online,WARE-NBV1002,Southwest,Hawaii,Kapolei,Premier Elite Group,Government,Electronics,iPhone 15 Pro,1199.99,780.0,13,14819.87,10140.0,4679.87,5,James Carter
SO-12136,2023-06-05,2023-06-10,Wholesale,WARE-UHY1004,Midwest,Missouri,St. Louis,Advanced Swift Corp,Small Business,Electronics,Webcam HD,99.99,42.0,6,599.94,252.0,347.94,0,Sarah Mitchell
SO-12137,2022-06-25,2022-06-30,Distributor,WARE-UHY1004,Northeast,Maine,Auburn,Apex Sterling Commerce,Small Business,Office Supplies,Paper Shredder,129.99,62.0,22,2630.98,1364.0,1266.98,8,James Carter
SO-12138,2023-04-05,2023-04-10,Online,WARE-MCD2201,West,Oregon,Portland,Swift Horizon Co,Small Business,Electronics,Portable Charger,79.99,34.0,1,79.99,34.0,45.99,0,Amanda Torres
SO-12139,2023-02-10,2023-02-13,Online,WARE-NBV1002,Southeast,District of Columbia,Washington,Pioneer Apex Solutions,Corporate,Office Supplies,Ink Tank Printer,399.99,195.0,11,3739.89,2145.0,1594.89,15,Lisa Chen
SO-12140,2022-11-07,2022-11-13,Online,WARE-NBV1002,Northeast,New York,Syracuse,Central Premier Group,Small Business,Electronics,Portable Charger,79.99,34.0,19,1519.81,646.0,873.81,0,David Park
SO-12141,2022-11-26,2022-11-30,In-Store,WARE-PJW3508,Northeast,Maine,Lewiston,National Global Supply,Small Business,Office Supplies,Whiteboard,159.99,72.0,5,703.95,360.0,343.95,12,Michael Brown
SO-12142,2022-04-28,2022-05-04,Online,WARE-MCD2201,South,Arkansas,Fayetteville,Swift Global Distributors,Retail,Office Supplies,Label Maker,59.99,24.0,14,839.86,336.0,503.86,0,Emily Johnson
SO-12143,2023-04-28,2023-04-30,Distributor,WARE-PJW3508,Northeast,Vermont,Barre,Global Advanced Solutions,Corporate,Clothing,Linen Pants,64.99,26.0,10,630.4,260.0,370.4,3,James Carter
SO-12144,2023-08-18,2023-08-20,Distributor,WARE-ATL5509,West,Washington,Bellevue,Sterling Sterling Supply,Corporate,Clothing,Rain Jacket,99.99,42.0,16,1407.84,672.0,735.84,12,Sarah Mitchell
SO-12145,2022-05-27,2022-06-03,In-Store,WARE-PJW3508,Midwest,Ohio,Toledo,Unity Global Distributors,Corporate,Clothing,Winter Coat,149.99,65.0,14,2099.86,910.0,1189.86,0,Sarah Mitchell
SO-12146,2023-09-17,2023-09-23,Distributor,WARE-UHY1004,Midwest,Illinois,Rockford,Atlantic Elite LLC,Enterprise,Electronics,Kindle Paperwhite,139.99,62.0,14,1803.06,868.0,935.06,8,Lisa Chen
SO-12147,2024-03-23,2024-04-02,Wholesale,WARE-MCD2201,South,Tennessee,Memphis,Unity Swift Group,Enterprise,Office Supplies,Ergonomic Mouse,59.99,24.0,18,1025.82,432.0,593.82,5,Emily Johnson
SO-12148,2023-02-19,2023-03-01,Online,WARE-NBV1002,Midwest,Wisconsin,Milwaukee,Core Apex Inc,Corporate,Furniture,Credenza,649.99,320.0,6,3782.94,1920.0,1862.94,3,Lisa Chen
SO-12149,2023-04-20,2023-04-26,Online,WARE-UHY1004,South,Alabama,Montgomery,Swift Premier Trading,Corporate,Clothing,Chinos,74.99,30.0,15,989.85,450.0,539.85,12,Amanda Torres
SO-12150,2022-01-21,2022-01-31,Wholesale,WARE-NBV1002,Midwest,Kansas,Topeka,Swift Unity Inc,Government,Electronics,Gaming PC,2499.99,1450.0,9,21374.91,13050.0,8324.91,5,David Park
SO-12151,2022-08-14,2022-08-24,In-Store,WARE-NBV1002,Northeast,New Jersey,Jersey City,Sterling Apex Distributors,Enterprise,Office Supplies,Copier Machine,1299.99,680.0,13,16054.87,8840.0,7214.87,5,Lisa Chen
SO-12152,2023-05-23,2023-05-26,In-Store,WARE-NBV1002,Southeast,West Virginia,Parkersburg,Digital Bright Commerce,Enterprise,Furniture,Lateral File Cabinet,399.99,192.0,3,1163.97,576.0,587.97,3,Lisa Chen
SO-12153,2022-11-29,2022-12-02,Distributor,WARE-ATL5509,West,Utah,West Valley City,Global Swift Distributors,Government,Clothing,Rain Jacket,99.99,42.0,9,827.91,378.0,449.91,8,Amanda Torres
SO-12154,2022-04-30,2022-05-04,Online,WARE-ATL5509,Northeast,Massachusetts,Springfield,Core Coastal Inc,Small Business,Office Supplies,Projector,699.99,340.0,7,4311.93,2380.0,1931.93,12,Michael Brown
SO-12155,2023-06-04,2023-06-09,In-Store,WARE-NBV1002,West,Utah,Salt Lake City,Bright Core Supply,Retail,Office Supplies,Ergonomic Mouse,59.99,24.0,22,1161.38,528.0,633.38,12,Michael Brown
SO-12156,2023-08-09,2023-08-15,Wholesale,WARE-NBV1002,West,Washington,Seattle,Bright Core Corp,Enterprise,Office Supplies,Letter Opener,14.99,5.0,21,283.29,105.0,178.29,10,David Park
SO-12157,2023-07-08,2023-07-14,Wholesale,WARE-ATL5509,Northeast,Pennsylvania,Pittsburgh,Unity Apex Supply,Corporate,Clothing,Suit Set,299.99,135.0,18,5399.82,2430.0,2969.82,0,Kevin Williams
SO-12158,2023-12-15,2023-12-18,In-Store,WARE-MCD2201,Midwest,Minnesota,Bloomington,Global Global Enterprises,Government,Clothing,Velvet Blazer,179.99,80.0,18,2753.82,1440.0,1313.82,15,Michael Brown
SO-12159,2022-11-17,2022-11-23,Online,WARE-MCD2201,Southeast,Delaware,Smyrna,Sterling Advanced LLC,Retail,Furniture,Ergonomic Chair Pro,449.99,218.0,32,13679.68,6976.0,6703.68,5,Rachel Scott
SO-12160,2024-02-29,2024-03-04,Online,WARE-MCD2201,South,Mississippi,Gulfport,Sterling Digital Solutions,Corporate,Clothing,Board Shorts,54.99,21.0,11,586.74,231.0,355.74,3,Michael Brown
SO-12161,2023-06-13,2023-06-23,Wholesale,WARE-PJW3508,South,Alabama,Tuscaloosa,Metro Digital Distributors,Government,Office Supplies,Copier Machine,1299.99,680.0,12,13259.88,8160.0,5099.88,15,Lisa Chen
SO-12162,2023-03-03,2023-03-06,Distributor,WARE-NBV1002,West,Idaho,Nampa,Unity Sterling Group,Retail,Clothing,Fleece Hoodie,74.99,30.0,18,1214.82,540.0,674.82,10,Emily Johnson
SO-12163,2023-02-02,2023-02-09,Online,WARE-MCD2201,Northeast,Maine,Portland,Pioneer Global Retail,Government,Clothing,Golf Polo,64.99,26.0,4,252.16,104.0,148.16,3,Kevin Williams
SO-12164,2022-07-15,2022-07-21,In-Store,WARE-UHY1004,South,Mississippi,Meridian,Pioneer Sterling Inc,Retail,Office Supplies,Document Scanner,299.99,145.0,8,2111.92,1160.0,951.92,12,Rachel Scott
SO-12165,2022-12-08,2022-12-14,Wholesale,WARE-PJW3508,Southeast,Delaware,Newark,Pacific Summit Retail,Small Business,Office Supplies,Calligraphy Set,39.99,15.0,5,193.95,75.0,118.95,3,Robert Adams
SO-12166,2022-10-19,2022-10-23,In-Store,WARE-UHY1004,West,Colorado,Aurora,Metro Elite Corp,Enterprise,Furniture,Corner Desk,699.99,345.0,15,8924.85,5175.0,3749.85,15,Amanda Torres
SO-12167,2022-12-04,2022-12-09,Wholesale,WARE-NBV1002,West,Washington,Tacoma,Pioneer Apex Solutions,Small Business,Clothing,Country Boots,119.99,52.0,5,569.95,260.0,309.95,5,James Carter
SO-12168,2022-03-17,2022-03-22,Distributor,WARE-MCD2201,Northeast,Vermont,Burlington,Advanced Apex Distributors,Retail,Clothing,Rain Jacket,99.99,42.0,7,664.93,294.0,370.93,5,Sarah Mitchell
SO-12169,2022-06-01,2022-06-07,Wholesale,WARE-MCD2201,South,Florida,Jacksonville,Central Pioneer Inc,Corporate,Electronics,Smartband,199.99,88.0,17,3399.83,1496.0,1903.83,0,Robert Adams
SO-12170,2023-12-29,2024-01-03,Distributor,WARE-UHY1004,South,Georgia,Macon,Sterling Central Commerce,Corporate,Office Supplies,Ink Tank Printer,399.99,195.0,4,1519.96,780.0,739.96,5,Michael Brown
SO-12171,2022-12-07,2022-12-10,Online,WARE-MCD2201,Midwest,Indiana,Evansville,Elite Pioneer Trading,Retail,Furniture,TV Stand,249.99,118.0,6,1379.94,708.0,671.94,8,Amanda Torres
SO-12172,2023-10-24,2023-10-29,Distributor,WARE-MCD2201,Southeast,Delaware,Newark,Bright Core Inc,Corporate,Office Supplies,Whiteboard,159.99,72.0,5,775.95,360.0,415.95,3,James Carter
SO-12173,2023-01-22,2023-02-01,In-Store,WARE-UHY1004,Southeast,Virginia,Norfolk,Bright Global Corp,Corporate,Clothing,Running Shoes,89.99,38.0,5,413.95,190.0,223.95,8,Rachel Scott
SO-12174,2022-04-17,2022-04-23,Online,WARE-PJW3508,West,Nevada,Reno,Central Digital Inc,Corporate,Electronics,Smart Speaker,199.99,90.0,15,2999.85,1350.0,1649.85,0,Robert Adams
SO-12175,2022-11-13,2022-11-18,Wholesale,WARE-UHY1004,Northeast,New York,Buffalo,Horizon Premier LLC,Corporate,Office Supplies,Flip Chart,69.99,29.0,5,297.45,145.0,152.45,15,Kevin Williams
SO-12176,2024-01-23,2024-01-29,In-Store,WARE-NBV1002,Southwest,Utah,West Valley City,Bright Coastal Retail,Corporate,Office Supplies,Label Maker,59.99,24.0,3,179.97,72.0,107.97,0,Lisa Chen
SO-12177,2022-06-27,2022-06-29,In-Store,WARE-MCD2201,South,Texas,Corpus Christi,Swift Summit Corp,Retail,Electronics,AirPods Pro,249.99,135.0,15,3749.85,2025.0,1724.85,0,Michael Brown
SO-12178,2023-09-28,2023-10-02,In-Store,WARE-NBV1002,South,Arkansas,Little Rock,Swift Digital Corp,Retail,Furniture,Mesh Chair,319.99,155.0,18,5068.62,2790.0,2278.62,12,Emily Johnson
SO-12179,2022-06-21,2022-07-05,Wholesale,WARE-MCD2201,South,Georgia,Athens,Metro Sterling Co,Enterprise,Electronics,iPad Pro,1099.99,680.0,15,14519.85,10200.0,4319.85,12,Kevin Williams
SO-12180,2023-02-23,2023-03-02,Wholesale,WARE-UHY1004,Southeast,Maryland,Frederick,Global Central Co,Enterprise,Furniture,Credenza,649.99,320.0,1,597.99,320.0,277.99,8,Lisa Chen
SO-12181,2023-07-18,2023-07-24,Distributor,WARE-NBV1002,South,Alabama,Mobile,Horizon Swift Commerce,Retail,Office Supplies,Tape Dispenser,24.99,9.0,16,359.84,144.0,215.84,10,James Carter
SO-12182,2023-04-25,2023-05-01,Wholesale,WARE-UHY1004,Southwest,Colorado,Fort Collins,Central Pacific Corp,Government,Furniture,Credenza,649.99,320.0,15,9749.85,4800.0,4949.85,0,Michael Brown
SO-12183,2022-05-20,2022-05-26,Wholesale,WARE-PJW3508,South,Mississippi,Meridian,Coastal Pacific Supply,Corporate,Electronics,USB-C Hub,79.99,32.0,17,1359.83,544.0,815.83,0,Amanda Torres
SO-12184,2022-03-18,2022-03-28,Wholesale,WARE-ATL5509,Northeast,New York,Albany,Pioneer Coastal Supply,Government,Office Supplies,Desk Organizer,29.99,11.0,17,509.83,187.0,322.83,0,James Carter
SO-12185,2023-04-29,2023-05-05,In-Store,WARE-NBV1002,South,Florida,Pensacola,Digital Bright Commerce,Small Business,Clothing,Winter Coat,149.99,65.0,12,1799.88,780.0,1019.88,0,Michael Brown
SO-12186,2023-11-20,2023-11-23,Online,WARE-ATL5509,South,Oklahoma,Norman,Global Pacific Distributors,Government,Office Supplies,Laminator,89.99,40.0,20,1655.8,800.0,855.8,8,Michael Brown
SO-12187,2023-12-21,2023-12-26,Distributor,WARE-UHY1004,Southeast,North Carolina,Winston-Salem,Coastal Horizon LLC,Corporate,Clothing,Business Casual Shirt,59.99,22.0,10,527.9,220.0,307.9,12,Amanda Torres
SO-12188,2022-03-01,2022-03-05,Wholesale,WARE-ATL5509,West,Washington,Seattle,Swift Bright Solutions,Retail,Clothing,Winter Coat,149.99,65.0,10,1379.9,650.0,729.9,8,Amanda Torres
SO-12189,2023-11-17,2023-11-21,Online,WARE-NBV1002,Southwest,Nevada,Reno,Pacific Metro Distributors,Retail,Clothing,Polo Shirt,44.99,18.0,6,269.94,108.0,161.94,0,James Carter
SO-12190,2024-01-14,2024-01-16,Distributor,WARE-ATL5509,Northeast,Maine,Auburn,Summit Apex Retail,Retail,Furniture,Standing Desk,699.99,350.0,6,4199.94,2100.0,2099.94,0,Robert Adams
SO-12191,2022-03-25,2022-04-08,Wholesale,WARE-PJW3508,Southwest,Utah,Orem,Core Horizon Solutions,Retail,Office Supplies,Printer Cartridges,89.99,32.0,1,89.99,32.0,57.99,0,Lisa Chen
SO-12192,2023-09-02,2023-09-08,Wholesale,WARE-ATL5509,Southwest,Utah,Orem,Premier Apex Corp,Enterprise,Clothing,Fleece Hoodie,74.99,30.0,15,1068.6,450.0,618.6,5,Robert Adams
SO-12193,2022-04-26,2022-05-02,Distributor,WARE-NBV1002,Northeast,New Jersey,Newark,Digital Sterling Inc,Small Business,Clothing,Winter Coat,149.99,65.0,12,1745.88,780.0,965.88,3,Emily Johnson
SO-12194,2024-03-26,2024-04-01,Online,WARE-MCD2201,West,Montana,Missoula,Digital Coastal Commerce,Corporate,Clothing,Holiday Sweater,69.99,28.0,13,773.37,364.0,409.37,15,Kevin Williams
SO-12195,2022-11-05,2022-11-11,Wholesale,WARE-ATL5509,Midwest,Indiana,South Bend,Sterling Core Supply,Government,Electronics,Smart Lock,249.99,115.0,5,1099.95,575.0,524.95,12,Sarah Mitchell
SO-12196,2022-03-01,2022-03-11,Distributor,WARE-NBV1002,Midwest,Wisconsin,Racine,Unity Coastal Corp,Enterprise,Electronics,Conference Camera,449.99,210.0,7,2992.43,1470.0,1522.43,5,Amanda Torres
SO-12197,2023-09-25,2023-09-30,Distributor,WARE-UHY1004,Midwest,Wisconsin,Green Bay,Advanced Apex Group,Retail,Electronics,NAS Storage,899.99,450.0,18,16199.82,8100.0,8099.82,0,Rachel Scott
SO-12198,2022-02-28,2022-03-05,Wholesale,WARE-ATL5509,Northeast,Massachusetts,Boston,Swift Advanced Trading,Government,Electronics,Portable Projector,499.99,245.0,17,8499.83,4165.0,4334.83,0,Kevin Williams
SO-12199,2022-03-20,2022-03-25,In-Store,WARE-NBV1002,Southwest,Wyoming,Rock Springs,Central Atlantic Commerce,Retail,Office Supplies,Projector,699.99,340.0,8,4759.92,2720.0,2039.92,15,Emily Johnson
SO-12200,2022-06-09,2022-06-15,Wholesale,WARE-UHY1004,Southwest,Colorado,Lakewood,Advanced Summit Solutions,Corporate,Electronics,MacBook Air,1499.99,950.0,6,8279.94,5700.0,2579.94,8,Lisa Chen
SO-12201,2023-06-14,2023-06-24,Online,WARE-PJW3508,Midwest,Wisconsin,Racine,Atlantic Core Corp,Retail,Office Supplies,Label Maker,59.99,24.0,17,897.43,408.0,489.43,12,Michael Brown
SO-12202,2023-01-31,2023-02-04,Wholesale,WARE-ATL5509,Southeast,District of Columbia,Washington,National Digital LLC,Enterprise,Clothing,Winter Coat,149.99,65.0,1,127.49,65.0,62.49,15,Amanda Torres
SO-12203,2023-04-15,2023-04-20,In-Store,WARE-ATL5509,South,Florida,Fort Lauderdale,Metro Advanced Solutions,Small Business,Clothing,Polo Shirt,44.99,18.0,6,237.54,108.0,129.54,12,David Park
SO-12204,2023-07-09,2023-07-14,Distributor,WARE-ATL5509,West,Utah,Orem,Pioneer Sterling Co,Enterprise,Clothing,Running Shoes,89.99,38.0,18,1457.82,684.0,773.82,10,Amanda Torres
SO-12205,2022-04-29,2022-05-05,Distributor,WARE-ATL5509,Midwest,Ohio,Cleveland,Elite Central Inc,Retail,Furniture,Standing Desk,699.99,350.0,5,2974.95,1750.0,1224.95,15,Robert Adams
SO-12206,2023-08-19,2023-08-23,Online,WARE-UHY1004,Southwest,Hawaii,Kailua,Unity Core Inc,Enterprise,Electronics,Portable Projector,499.99,245.0,8,3879.92,1960.0,1919.92,3,Kevin Williams
SO-12207,2024-01-07,2024-01-12,Wholesale,WARE-UHY1004,Midwest,Wisconsin,Kenosha,Apex Central Commerce,Small Business,Office Supplies,Stapler Heavy Duty,29.99,11.0,12,359.88,132.0,227.88,0,Emily Johnson
SO-12208,2023-09-21,2023-09-26,Online,WARE-UHY1004,Northeast,Maine,Portland,National Atlantic Trading,Small Business,Clothing,Fleece Hoodie,74.99,30.0,9,641.16,270.0,371.16,5,Amanda Torres
SO-12209,2022-08-07,2022-08-17,Wholesale,WARE-UHY1004,Southwest,Colorado,Colorado Springs,Horizon Pacific Commerce,Enterprise,Office Supplies,Printer Cartridges,89.99,32.0,16,1439.84,512.0,927.84,0,Michael Brown
SO-12210,2024-03-29,2024-04-01,Online,WARE-MCD2201,West,Nevada,North Las Vegas,Elite Swift Supply,Government,Office Supplies,Paper Shredder,129.99,62.0,4,519.96,248.0,271.96,0,Robert Adams
SO-12211,2023-03-03,2023-03-07,Distributor,WARE-ATL5509,Southeast,West Virginia,Wheeling,Apex Core Commerce,Retail,Electronics,Smart Speaker,199.99,90.0,3,569.97,270.0,299.97,5,David Park
SO-12212,2022-10-31,2022-11-05,In-Store,WARE-PJW3508,South,Alabama,Mobile,Premier Swift Retail,Small Business,Furniture,Floor Lamp,159.99,72.0,3,479.97,216.0,263.97,0,Sarah Mitchell
SO-12213,2023-08-22,2023-09-01,Distributor,WARE-UHY1004,South,Oklahoma,Lawton,Core Advanced Trading,Government,Clothing,Holiday Sweater,69.99,28.0,3,199.47,84.0,115.47,5,Kevin Williams
SO-12214,2022-12-03,2022-12-05,Wholesale,WARE-NBV1002,South,Oklahoma,Norman,National Premier Distributors,Small Business,Clothing,Formal Jacket,129.99,55.0,12,1559.88,660.0,899.88,0,Emily Johnson
SO-12215,2023-01-26,2023-01-31,Wholesale,WARE-ATL5509,Southwest,Nevada,Las Vegas,Summit Digital Supply,Retail,Office Supplies,Stapler Heavy Duty,29.99,11.0,17,484.33,187.0,297.33,5,Robert Adams
SO-12216,2022-05-28,2022-06-02,Online,WARE-ATL5509,West,Idaho,Meridian,Global National Corp,Retail,Office Supplies,Desk Organizer,29.99,11.0,17,469.03,187.0,282.03,8,Amanda Torres
SO-12217,2024-02-01,2024-02-06,Distributor,WARE-PJW3508,Southeast,Virginia,Chesapeake,National National Co,Retail,Clothing,Polo Shirt,44.99,18.0,1,39.59,18.0,21.59,12,Emily Johnson
SO-12218,2022-05-13,2022-05-18,In-Store,WARE-PJW3508,Midwest,Missouri,St. Louis,Metro Advanced Solutions,Government,Office Supplies,Ink Tank Printer,399.99,195.0,15,5999.85,2925.0,3074.85,0,Lisa Chen
SO-12219,2024-03-05,2024-03-09,Wholesale,WARE-NBV1002,Southwest,Hawaii,Hilo,Premier Swift Solutions,Enterprise,Electronics,Smart Monitor 27,599.99,290.0,15,8999.85,4350.0,4649.85,0,Robert Adams
SO-12220,2022-12-17,2022-12-21,In-Store,WARE-ATL5509,Midwest,Illinois,Peoria,Unity Core Supply,Retail,Office Supplies,Binding Machine,149.99,68.0,24,3311.76,1632.0,1679.76,8,Amanda Torres
SO-12221,2023-03-02,2023-03-16,Wholesale,WARE-PJW3508,Southwest,New Mexico,Rio Rancho,Pacific Apex Distributors,Retail,Electronics,iPhone 15 Pro,1199.99,780.0,16,16895.84,12480.0,4415.84,12,Amanda Torres
SO-12222,2023-09-16,2023-09-20,Wholesale,WARE-MCD2201,South,Oklahoma,Broken Arrow,Unity Advanced Supply,Small Business,Furniture,Bookshelf,249.99,110.0,1,237.49,110.0,127.49,5,Emily Johnson
SO-12223,2022-06-16,2022-06-21,Wholesale,WARE-NBV1002,South,Georgia,Macon,Apex Swift Enterprises,Corporate,Electronics,Portable Projector,499.99,245.0,11,5224.89,2695.0,2529.89,5,David Park
SO-12224,2023-08-20,2023-08-26,Online,WARE-MCD2201,South,Tennessee,Clarksville,Premier Central Co,Retail,Furniture,Office Chair,299.99,145.0,20,5699.8,2900.0,2799.8,5,James Carter
SO-12225,2022-05-12,2022-05-16,Online,WARE-UHY1004,Southwest,Wyoming,Casper,Bright Unity Inc,Government,Electronics,iPad Pro,1099.99,680.0,2,2133.98,1360.0,773.98,3,Amanda Torres
SO-12226,2022-12-31,2023-01-05,Online,WARE-ATL5509,Northeast,Vermont,South Burlington,Pioneer Swift LLC,Corporate,Office Supplies,Whiteboard,159.99,72.0,30,4799.7,2160.0,2639.7,0,Sarah Mitchell
SO-12227,2022-07-22,2022-07-27,In-Store,WARE-ATL5509,Midwest,Minnesota,Saint Paul,Summit Digital Enterprises,Retail,Clothing,Rain Jacket,99.99,42.0,12,1199.88,504.0,695.88,0,Sarah Mitchell
SO-12228,2023-09-28,2023-10-03,Distributor,WARE-ATL5509,Midwest,Missouri,Springfield,Sterling Apex Enterprises,Enterprise,Clothing,Swimwear,49.99,19.0,12,509.88,228.0,281.88,15,Rachel Scott
SO-12229,2022-11-28,2022-12-04,Online,WARE-MCD2201,Southeast,Maryland,Rockville,Summit Bright Supply,Corporate,Electronics,VR Headset,599.99,280.0,18,9935.82,5040.0,4895.82,8,Michael Brown
SO-12230,2022-08-18,2022-08-22,Distributor,WARE-UHY1004,Southeast,Maryland,Rockville,Pioneer Summit Supply,Corporate,Electronics,Wi-Fi Mesh System,399.99,190.0,21,8399.79,3990.0,4409.79,0,Amanda Torres
SO-12231,2022-11-17,2022-11-24,Distributor,WARE-MCD2201,Southwest,Nevada,Las Vegas,Premier Pacific Co,Enterprise,Clothing,Board Shorts,54.99,21.0,9,420.66,189.0,231.66,15,Michael Brown
SO-12232,2024-03-19,2024-03-24,In-Store,WARE-NBV1002,Midwest,Michigan,Detroit,Core Advanced Enterprises,Government,Office Supplies,Printer Cartridges,89.99,32.0,5,413.95,160.0,253.95,8,Kevin Williams
SO-12233,2023-01-07,2023-01-11,Online,WARE-UHY1004,South,Louisiana,New Orleans,Premier Sterling Co,Government,Office Supplies,Letter Opener,14.99,5.0,8,119.92,40.0,79.92,0,Emily Johnson
SO-12234,2022-09-14,2022-09-18,In-Store,WARE-PJW3508,West,Colorado,Aurora,Swift Metro Solutions,Retail,Electronics,NAS Storage,899.99,450.0,3,2699.97,1350.0,1349.97,0,Rachel Scott
SO-12235,2022-01-28,2022-02-07,In-Store,WARE-UHY1004,Midwest,Nebraska,Kearney,Core Advanced LLC,Small Business,Electronics,Digital Whiteboard,1999.99,1100.0,10,17999.9,11000.0,6999.9,10,Lisa Chen
SO-12236,2023-09-01,2023-09-11,In-Store,WARE-PJW3508,Midwest,Missouri,Kansas City,Elite Sterling Supply,Government,Electronics,Wi-Fi Mesh System,399.99,190.0,3,1199.97,570.0,629.97,0,Lisa Chen
SO-12237,2024-02-25,2024-03-02,Online,WARE-UHY1004,West,Washington,Spokane,Central Swift Trading,Retail,Office Supplies,Copier Machine,1299.99,680.0,14,16379.86,9520.0,6859.86,10,Emily Johnson
SO-12238,2022-01-27,2022-02-02,Online,WARE-NBV1002,Midwest,Michigan,Detroit,Unity Pacific Group,Enterprise,Electronics,Wireless Headphones,249.99,99.0,6,1454.94,594.0,860.94,3,Rachel Scott
SO-12239,2023-06-23,2023-06-26,Wholesale,WARE-MCD2201,Midwest,Kansas,Wichita,Unity Pacific Distributors,Enterprise,Office Supplies,Copier Machine,1299.99,680.0,21,24023.79,14280.0,9743.79,12,Lisa Chen
SO-12240,2023-08-13,2023-08-15,Distributor,WARE-MCD2201,South,Tennessee,Nashville,Pacific Elite Group,Government,Electronics,Laptop Cooling Pad,49.99,19.0,20,999.8,380.0,619.8,0,Emily Johnson
SO-12241,2023-10-04,2023-10-09,Online,WARE-UHY1004,Northeast,Maine,Lewiston,Pacific Horizon LLC,Government,Office Supplies,Stapler Heavy Duty,29.99,11.0,13,370.37,143.0,227.37,5,Rachel Scott
SO-12242,2022-02-06,2022-02-13,In-Store,WARE-UHY1004,Northeast,Massachusetts,Lowell,Atlantic National Supply,Corporate,Clothing,Winter Coat,149.99,65.0,11,1649.89,715.0,934.89,0,Emily Johnson
SO-12243,2022-01-29,2022-02-01,Online,WARE-MCD2201,Midwest,Wisconsin,Racine,Horizon Coastal Solutions,Retail,Furniture,Storage Cabinet,449.99,215.0,16,6335.84,3440.0,2895.84,12,Lisa Chen
SO-12244,2022-08-20,2022-08-27,In-Store,WARE-MCD2201,Southwest,Nevada,Reno,Atlantic Coastal Inc,Government,Clothing,Casual Pants,69.99,28.0,4,271.56,112.0,159.56,3,Sarah Mitchell
SO-12245,2022-07-12,2022-07-18,Wholesale,WARE-NBV1002,Northeast,New York,Albany,Metro Central Trading,Corporate,Clothing,Business Casual Shirt,59.99,22.0,20,1163.8,440.0,723.8,3,Lisa Chen
SO-12246,2023-02-11,2023-02-17,Wholesale,WARE-NBV1002,Southeast,Delaware,Newark,Summit National Group,Corporate,Clothing,Country Boots,119.99,52.0,13,1513.07,676.0,837.07,3,Amanda Torres
SO-12247,2023-08-17,2023-08-24,Wholesale,WARE-UHY1004,Northeast,Rhode Island,East Providence,Advanced Metro Commerce,Small Business,Electronics,Laptop Pro 13,1099.99,650.0,17,18699.83,11050.0,7649.83,0,Robert Adams
SO-12248,2022-12-12,2022-12-16,In-Store,WARE-UHY1004,South,Louisiana,Baton Rouge,Unity Swift Group,Retail,Electronics,Smart Speaker,199.99,90.0,34,5983.66,3060.0,2923.66,12,Lisa Chen
SO-12249,2022-05-26,2022-06-02,Distributor,WARE-ATL5509,Southeast,District of Columbia,Washington,Swift Summit Retail,Enterprise,Clothing,Chinos,74.99,30.0,17,1211.08,510.0,701.08,5,Michael Brown
SO-12250,2024-02-27,2024-03-05,In-Store,WARE-UHY1004,Midwest,Indiana,Indianapolis,Global Elite Co,Retail,Office Supplies,Copier Machine,1299.99,680.0,4,4783.96,2720.0,2063.96,8,Amanda Torres
SO-12251,2023-02-10,2023-02-13,Distributor,WARE-UHY1004,Southeast,Delaware,Dover,Swift Global Inc,Retail,Clothing,Denim Jacket,89.99,38.0,7,611.03,266.0,345.03,3,Michael Brown
SO-12252,2023-03-08,2023-03-13,In-Store,WARE-MCD2201,West,Nevada,Sparks,Advanced Atlantic Trading,Corporate,Furniture,Storage Cabinet,449.99,215.0,9,3644.91,1935.0,1709.91,10,Robert Adams
SO-12253,2022-12-07,2022-12-14,Online,WARE-NBV1002,Northeast,Vermont,South Burlington,Digital Horizon Trading,Enterprise,Electronics,Smart Lock,249.99,115.0,25,5312.25,2875.0,2437.25,15,Lisa Chen
SO-12254,2024-02-07,2024-02-11,Online,WARE-PJW3508,Southeast,Maryland,Baltimore,Apex Digital Corp,Small Business,Electronics,iPhone 15,999.99,620.0,9,8999.91,5580.0,3419.91,0,David Park
SO-12255,2022-04-15,2022-04-20,Online,WARE-ATL5509,Northeast,Massachusetts,Cambridge,Elite Coastal LLC,Government,Clothing,Summer Dress,79.99,30.0,10,799.9,300.0,499.9,0,Robert Adams
SO-12256,2023-12-28,2024-01-02,Wholesale,WARE-ATL5509,West,California,Fresno,Advanced Premier Supply,Small Business,Furniture,Office Chair,299.99,145.0,20,5699.8,2900.0,2799.8,5,David Park
SO-12257,2023-04-08,2023-04-22,Distributor,WARE-PJW3508,Southeast,Kentucky,Bowling Green,Elite Sterling Retail,Enterprise,Office Supplies,Desk Organizer,29.99,11.0,3,89.97,33.0,56.97,0,Lisa Chen
SO-12258,2022-01-10,2022-01-24,In-Store,WARE-UHY1004,Southeast,Maryland,Gaithersburg,Pacific Core Trading,Retail,Clothing,Business Casual Shirt,59.99,22.0,8,479.92,176.0,303.92,0,Robert Adams
SO-12259,2023-12-05,2023-12-11,In-Store,WARE-ATL5509,South,Oklahoma,Broken Arrow,Elite Coastal Commerce,Enterprise,Clothing,Rain Jacket,99.99,42.0,11,989.89,462.0,527.89,10,James Carter
SO-12260,2022-07-18,2022-07-20,Distributor,WARE-NBV1002,Southeast,Maryland,Gaithersburg,Bright Pacific Trading,Government,Electronics,External SSD,129.99,55.0,10,1104.9,550.0,554.9,15,Sarah Mitchell
SO-12261,2022-09-04,2022-09-11,Wholesale,WARE-MCD2201,Northeast,Pennsylvania,Erie,Swift Advanced Group,Corporate,Furniture,Standing Desk,699.99,350.0,9,5984.91,3150.0,2834.91,5,James Carter
SO-12262,2022-12-05,2022-12-12,Distributor,WARE-PJW3508,Southwest,Alaska,Fairbanks,Sterling Premier Distributors,Enterprise,Clothing,Running Shoes,89.99,38.0,24,2159.76,912.0,1247.76,0,Rachel Scott
SO-12263,2022-05-22,2022-06-05,Wholesale,WARE-PJW3508,Southwest,Alaska,Sitka,Apex Central Corp,Small Business,Furniture,Mesh Chair,319.99,155.0,3,863.97,465.0,398.97,10,Kevin Williams
SO-12264,2024-01-06,2024-01-12,Wholesale,WARE-ATL5509,Northeast,New York,New York City,Elite Advanced Co,Enterprise,Clothing,Suit Set,299.99,135.0,3,809.97,405.0,404.97,10,Lisa Chen
SO-12265,2022-05-01,2022-05-07,Distributor,WARE-ATL5509,Southeast,Virginia,Norfolk,National Premier Trading,Government,Furniture,Hallway Table,279.99,132.0,14,3449.46,1848.0,1601.46,12,Amanda Torres
SO-12266,2023-04-01,2023-04-06,Distributor,WARE-MCD2201,Southwest,Arizona,Phoenix,Summit Core Co,Retail,Electronics,iPad Pro,1099.99,680.0,1,1099.99,680.0,419.99,0,Sarah Mitchell
SO-12267,2022-11-05,2022-11-08,Distributor,WARE-UHY1004,Southwest,Utah,Salt Lake City,Premier National Solutions,Government,Furniture,TV Stand,249.99,118.0,21,4987.29,2478.0,2509.29,5,Emily Johnson
SO-12268,2023-07-02,2023-07-08,Online,WARE-UHY1004,Southwest,Utah,West Jordan,Horizon Bright Commerce,Corporate,Office Supplies,Ergonomic Mouse,59.99,24.0,17,938.23,408.0,530.23,8,Robert Adams
SO-12269,2023-04-13,2023-04-16,In-Store,WARE-NBV1002,West,Nevada,North Las Vegas,Pioneer Unity Commerce,Government,Furniture,Accent Table,199.99,92.0,16,3199.84,1472.0,1727.84,0,Amanda Torres
SO-12270,2024-01-09,2024-01-14,Online,WARE-NBV1002,Northeast,New Hampshire,Dover,Atlantic Atlantic Trading,Enterprise,Furniture,Executive Desk,1199.99,620.0,1,1019.99,620.0,399.99,15,David Park
SO-12271,2023-08-20,2023-08-24,In-Store,WARE-PJW3508,Midwest,Wisconsin,Kenosha,Digital Apex Co,Retail,Electronics,iPhone 15 Pro,1199.99,780.0,18,18359.82,14040.0,4319.82,15,Emily Johnson
SO-12272,2024-01-09,2024-01-23,Online,WARE-MCD2201,Southwest,Wyoming,Casper,Horizon Digital Inc,Government,Office Supplies,Desk Organizer,29.99,11.0,16,422.24,176.0,246.24,12,Kevin Williams
SO-12273,2022-12-09,2022-12-13,In-Store,WARE-MCD2201,Northeast,Connecticut,Bridgeport,Global Swift Corp,Retail,Office Supplies,Projector,699.99,340.0,9,5543.91,3060.0,2483.91,12,Rachel Scott
SO-12274,2023-02-20,2023-02-26,In-Store,WARE-ATL5509,Southeast,North Carolina,Winston-Salem,Swift Central Solutions,Small Business,Clothing,Swimwear,49.99,19.0,14,699.86,266.0,433.86,0,Rachel Scott
SO-12275,2022-11-11,2022-11-17,Online,WARE-NBV1002,Southwest,Wyoming,Gillette,Summit Atlantic Supply,Small Business,Electronics,Smart Display,349.99,165.0,28,8623.72,4620.0,4003.72,12,Amanda Torres
SO-12276,2023-05-15,2023-05-21,Wholesale,WARE-ATL5509,Northeast,New York,Rochester,Unity Central Supply,Small Business,Electronics,Gaming PC,2499.99,1450.0,17,37399.83,24650.0,12749.83,12,Robert Adams
SO-12277,2023-06-01,2023-06-06,Wholesale,WARE-MCD2201,Northeast,Maine,Portland,Horizon Sterling Commerce,Small Business,Office Supplies,Flip Chart,69.99,29.0,10,643.9,290.0,353.9,8,Rachel Scott
SO-12278,2023-11-21,2023-11-28,Wholesale,WARE-MCD2201,West,Nevada,Las Vegas,Pioneer Digital Corp,Retail,Clothing,Winter Coat,149.99,65.0,20,2759.8,1300.0,1459.8,8,Lisa Chen
SO-12279,2022-04-16,2022-04-30,Distributor,WARE-NBV1002,Southwest,Colorado,Denver,Horizon Horizon Distributors,Corporate,Office Supplies,Card Reader,39.99,15.0,15,569.85,225.0,344.85,5,Emily Johnson
SO-12280,2022-07-10,2022-07-24,In-Store,WARE-UHY1004,Midwest,Indiana,Fort Wayne,Core National Inc,Retail,Office Supplies,Printer Cartridges,89.99,32.0,15,1241.85,480.0,761.85,8,Michael Brown
SO-12281,2022-09-05,2022-09-11,Wholesale,WARE-UHY1004,Midwest,Michigan,Warren,Digital Advanced Inc,Enterprise,Clothing,Sports Jacket,109.99,46.0,1,109.99,46.0,63.99,0,Sarah Mitchell
SO-12282,2022-06-02,2022-06-07,Distributor,WARE-ATL5509,West,Idaho,Meridian,Apex Atlantic Corp,Small Business,Office Supplies,Ink Tank Printer,399.99,195.0,10,3599.9,1950.0,1649.9,10,Amanda Torres
SO-12283,2023-02-14,2023-02-20,Wholesale,WARE-UHY1004,Southwest,New Mexico,Albuquerque,Elite Summit Enterprises,Small Business,Furniture,Modular Sofa,1499.99,750.0,14,20369.86,10500.0,9869.86,3,Michael Brown
SO-12284,2023-02-14,2023-02-20,In-Store,WARE-MCD2201,South,Georgia,Macon,National Digital Corp,Small Business,Furniture,Floor Lamp,159.99,72.0,6,844.74,432.0,412.74,12,Robert Adams
SO-12285,2022-08-27,2022-09-02,Distributor,WARE-UHY1004,Midwest,Nebraska,Lincoln,Global Swift Supply,Small Business,Electronics,MacBook Air,1499.99,950.0,9,13499.91,8550.0,4949.91,0,Michael Brown
SO-12286,2022-07-22,2022-07-26,In-Store,WARE-ATL5509,Northeast,Pennsylvania,Erie,Atlantic Swift Commerce,Enterprise,Electronics,Desktop Computer,1499.99,890.0,8,11639.92,7120.0,4519.92,3,Lisa Chen
SO-12287,2023-05-14,2023-05-20,Wholesale,WARE-NBV1002,West,Washington,Spokane,Advanced Digital Group,Government,Furniture,Accent Table,199.99,92.0,18,3599.82,1656.0,1943.82,0,Kevin Williams
SO-12288,2023-08-09,2023-08-14,Distributor,WARE-PJW3508,Southwest,Wyoming,Cheyenne,Sterling Apex Supply,Enterprise,Clothing,Holiday Sweater,69.99,28.0,14,901.46,392.0,509.46,8,Robert Adams
SO-12289,2023-09-28,2023-10-03,In-Store,WARE-MCD2201,Northeast,Rhode Island,Pawtucket,Pioneer Elite Supply,Small Business,Office Supplies,Tape Dispenser,24.99,9.0,6,149.94,54.0,95.94,0,Rachel Scott
SO-12290,2022-07-29,2022-08-04,Online,WARE-UHY1004,West,Idaho,Pocatello,Unity Swift Group,Government,Furniture,Bar Cart,299.99,140.0,10,2999.9,1400.0,1599.9,0,Amanda Torres
SO-12291,2022-08-05,2022-08-11,Distributor,WARE-ATL5509,Southeast,Delaware,Middletown,National Premier LLC,Retail,Office Supplies,Ergonomic Mouse,59.99,24.0,4,239.96,96.0,143.96,0,Lisa Chen
SO-12292,2022-01-12,2022-01-17,Wholesale,WARE-UHY1004,Midwest,Ohio,Columbus,Coastal Metro Trading,Enterprise,Office Supplies,Binding Machine,149.99,68.0,13,1715.87,884.0,831.87,12,Amanda Torres
SO-12293,2023-08-14,2023-08-19,Online,WARE-NBV1002,West,New Mexico,Albuquerque,Swift Bright Solutions,Small Business,Furniture,TV Stand,249.99,118.0,19,4749.81,2242.0,2507.81,0,Kevin Williams
SO-12294,2023-01-26,2023-01-30,In-Store,WARE-MCD2201,Midwest,Michigan,Warren,Apex Bright Trading,Enterprise,Office Supplies,Desk Organizer,29.99,11.0,6,170.94,66.0,104.94,5,Emily Johnson
SO-12295,2023-09-11,2023-09-17,Distributor,WARE-PJW3508,Southeast,District of Columbia,Washington,Sterling Global Group,Enterprise,Office Supplies,Copier Machine,1299.99,680.0,9,9944.91,6120.0,3824.91,15,David Park
SO-12296,2023-04-27,2023-05-02,Online,WARE-NBV1002,Midwest,Missouri,Springfield,Metro Metro Corp,Small Business,Office Supplies,Paper Shredder,129.99,62.0,2,252.18,124.0,128.18,3,Amanda Torres
SO-12297,2024-01-31,2024-02-05,In-Store,WARE-UHY1004,South,Mississippi,Hattiesburg,Digital Elite Supply,Small Business,Office Supplies,Ergonomic Mouse,59.99,24.0,6,331.14,144.0,187.14,8,Michael Brown
SO-12298,2022-03-08,2022-03-14,Online,WARE-ATL5509,Southeast,West Virginia,Morgantown,Atlantic Bright LLC,Corporate,Office Supplies,Copier Machine,1299.99,680.0,14,18199.86,9520.0,8679.86,0,Michael Brown
SO-12299,2024-01-15,2024-01-21,Distributor,WARE-MCD2201,Southeast,Delaware,Middletown,Summit Central Co,Government,Clothing,Suit Set,299.99,135.0,1,290.99,135.0,155.99,3,Rachel Scott
SO-12300,2023-01-07,2023-01-10,Online,WARE-ATL5509,Southwest,Utah,West Jordan,Metro Core Retail,Small Business,Furniture,Bar Cart,299.99,140.0,9,2483.91,1260.0,1223.91,8,Amanda Torres
SO-12301,2023-07-27,2023-07-29,Distributor,WARE-MCD2201,Northeast,Vermont,Rutland,Horizon National Supply,Retail,Furniture,Accent Table,199.99,92.0,5,949.95,460.0,489.95,5,Rachel Scott
SO-12302,2022-08-28,2022-09-02,Online,WARE-PJW3508,Midwest,Wisconsin,Kenosha,Metro Pioneer Corp,Retail,Office Supplies,Wireless Keyboard,89.99,38.0,19,1504.61,722.0,782.61,12,David Park
SO-12303,2023-07-10,2023-07-16,In-Store,WARE-MCD2201,Midwest,Ohio,Akron,Pacific Bright Commerce,Enterprise,Office Supplies,Tape Dispenser,24.99,9.0,11,247.39,99.0,148.39,10,Emily Johnson
SO-12304,2022-11-23,2022-11-28,In-Store,WARE-UHY1004,Midwest,Indiana,Indianapolis,Premier Pioneer Inc,Corporate,Clothing,Linen Shirt,54.99,21.0,16,809.44,336.0,473.44,8,Kevin Williams
SO-12305,2023-09-15,2023-09-19,Distributor,WARE-ATL5509,Southeast,District of Columbia,Washington,Sterling National Solutions,Retail,Furniture,Bookshelf,249.99,110.0,6,1454.94,660.0,794.94,3,Rachel Scott
SO-12306,2023-12-04,2023-12-09,Online,WARE-ATL5509,Midwest,Michigan,Detroit,Unity Digital LLC,Government,Office Supplies,Label Printer,179.99,82.0,25,4364.75,2050.0,2314.75,3,James Carter
SO-12307,2022-10-25,2022-10-30,Wholesale,WARE-MCD2201,South,Alabama,Montgomery,Bright Metro Group,Enterprise,Clothing,Country Boots,119.99,52.0,13,1481.87,676.0,805.87,5,Amanda Torres
SO-12308,2024-01-30,2024-02-04,Online,WARE-UHY1004,Midwest,Iowa,Sioux City,Premier Atlantic Solutions,Government,Electronics,Satellite Phone,799.99,420.0,3,2399.97,1260.0,1139.97,0,David Park
SO-12309,2023-05-30,2023-06-05,Distributor,WARE-ATL5509,Southwest,Wyoming,Laramie,Metro Sterling LLC,Government,Clothing,Sun Hat,34.99,13.0,3,104.97,39.0,65.97,0,Emily Johnson
SO-12310,2023-03-02,2023-03-04,Online,WARE-NBV1002,South,Tennessee,Knoxville,Unity Pioneer Solutions,Small Business,Office Supplies,Calligraphy Set,39.99,15.0,13,504.27,195.0,309.27,3,Rachel Scott
SO-12311,2022-02-01,2022-02-05,Online,WARE-PJW3508,Midwest,Iowa,Cedar Rapids,Apex Digital LLC,Government,Electronics,iPhone 15 Pro,1199.99,780.0,3,3419.97,2340.0,1079.97,5,James Carter
SO-12312,2023-08-05,2023-08-08,Distributor,WARE-NBV1002,West,Washington,Everett,Apex Metro Solutions,Government,Furniture,Bar Cart,299.99,140.0,20,5519.8,2800.0,2719.8,8,Sarah Mitchell
SO-12313,2023-03-25,2023-03-30,Online,WARE-PJW3508,Southwest,Utah,Orem,Pacific Horizon Inc,Government,Clothing,Linen Pants,64.99,26.0,3,175.47,78.0,97.47,10,Robert Adams
SO-12314,2024-01-03,2024-01-05,In-Store,WARE-ATL5509,Southeast,Kentucky,Lexington,Core Central LLC,Small Business,Office Supplies,Calligraphy Set,39.99,15.0,12,479.88,180.0,299.88,0,Emily Johnson
SO-12315,2022-12-28,2023-01-07,Online,WARE-UHY1004,South,Florida,Jacksonville,Bright Advanced Inc,Retail,Furniture,TV Stand,249.99,118.0,13,3249.87,1534.0,1715.87,0,Sarah Mitchell
SO-12316,2022-06-08,2022-06-12,Online,WARE-UHY1004,West,New Mexico,Rio Rancho,Coastal Coastal LLC,Retail,Furniture,Bookshelf,249.99,110.0,16,3999.84,1760.0,2239.84,0,Robert Adams
SO-12317,2023-08-30,2023-09-09,Online,WARE-UHY1004,Southwest,New Mexico,Las Cruces,Pioneer Horizon Retail,Corporate,Electronics,Action Camera,349.99,170.0,13,4185.87,2210.0,1975.87,8,Sarah Mitchell
SO-12318,2022-03-25,2022-03-31,In-Store,WARE-UHY1004,Southeast,West Virginia,Charleston,National Core Distributors,Corporate,Electronics,Wireless Router,199.99,85.0,4,799.96,340.0,459.96,0,Robert Adams
SO-12319,2024-01-08,2024-01-11,Distributor,WARE-ATL5509,Midwest,Indiana,Carmel,National Atlantic Co,Retail,Clothing,Running Shoes,89.99,38.0,5,449.95,190.0,259.95,0,Kevin Williams
SO-12320,2022-04-21,2022-04-28,Distributor,WARE-UHY1004,Southwest,Arizona,Phoenix,Sterling Apex Inc,Corporate,Clothing,Board Shorts,54.99,21.0,13,714.87,273.0,441.87,0,Sarah Mitchell
SO-12321,2023-06-16,2023-06-21,Distributor,WARE-PJW3508,South,Texas,Austin,Atlantic Swift Inc,Retail,Clothing,Business Casual Shirt,59.99,22.0,5,284.95,110.0,174.95,5,James Carter
SO-12322,2022-09-20,2022-09-27,Distributor,WARE-PJW3508,Southeast,District of Columbia,Washington,National Advanced Trading,Enterprise,Clothing,Summer Dress,79.99,30.0,2,140.78,60.0,80.78,12,Rachel Scott
SO-12323,2023-11-28,2023-12-05,Wholesale,WARE-PJW3508,Midwest,Illinois,Joliet,Metro Central Corp,Enterprise,Electronics,External SSD,129.99,55.0,24,2745.36,1320.0,1425.36,12,David Park
SO-12324,2023-09-26,2023-10-06,Distributor,WARE-UHY1004,West,Montana,Helena,Bright Metro Enterprises,Government,Office Supplies,Ergonomic Mouse,59.99,24.0,18,1025.82,432.0,593.82,5,Michael Brown
SO-12325,2023-09-28,2023-10-03,In-Store,WARE-ATL5509,Northeast,New Jersey,Jersey City,Central Premier Solutions,Enterprise,Electronics,Server Unit,4999.99,2800.0,12,53999.88,33600.0,20399.88,10,Amanda Torres
SO-12326,2022-12-20,2022-12-22,Wholesale,WARE-NBV1002,West,Utah,Orem,Sterling Horizon Corp,Retail,Electronics,USB-C Hub,79.99,32.0,15,1103.85,480.0,623.85,8,Michael Brown
SO-12327,2022-01-15,2022-01-25,Wholesale,WARE-NBV1002,Southwest,Alaska,Ketchikan,Summit Core Enterprises,Corporate,Furniture,TV Stand,249.99,118.0,5,1149.95,590.0,559.95,8,David Park
SO-12328,2022-01-09,2022-01-13,Wholesale,WARE-MCD2201,West,Oregon,Hillsboro,Summit Advanced Trading,Corporate,Clothing,Holiday Sweater,69.99,28.0,7,431.13,196.0,235.13,12,Sarah Mitchell
SO-12329,2024-02-03,2024-02-10,Distributor,WARE-MCD2201,West,Nevada,North Las Vegas,Metro Premier LLC,Small Business,Office Supplies,Desk Organizer,29.99,11.0,16,455.84,176.0,279.84,5,Emily Johnson
SO-12330,2022-07-03,2022-07-07,Distributor,WARE-ATL5509,Northeast,Connecticut,Bridgeport,Coastal Metro Inc,Government,Office Supplies,Flip Chart,69.99,29.0,8,531.92,232.0,299.92,5,Michael Brown
SO-12331,2022-04-21,2022-05-01,Distributor,WARE-UHY1004,Southeast,West Virginia,Charleston,Pioneer Summit Inc,Enterprise,Clothing,Chinos,74.99,30.0,12,899.88,360.0,539.88,0,Emily Johnson
SO-12332,2023-02-28,2023-03-04,In-Store,WARE-UHY1004,Northeast,Pennsylvania,Philadelphia,National Sterling Retail,Small Business,Furniture,Reception Desk,849.99,430.0,1,722.49,430.0,292.49,15,Robert Adams
SO-12333,2023-08-16,2023-08-26,Online,WARE-PJW3508,Southwest,Arizona,Phoenix,Atlantic Advanced Supply,Corporate,Electronics,Wireless Headphones,249.99,99.0,10,2424.9,990.0,1434.9,3,Kevin Williams
SO-12334,2024-03-30,2024-04-05,In-Store,WARE-PJW3508,West,Idaho,Nampa,Horizon Bright Commerce,Corporate,Furniture,Floor Lamp,159.99,72.0,7,1007.93,504.0,503.93,10,Robert Adams
SO-12335,2022-04-05,2022-04-10,Online,WARE-NBV1002,Northeast,Massachusetts,Cambridge,Unity Pacific Commerce,Corporate,Office Supplies,Whiteboard,159.99,72.0,7,951.93,504.0,447.93,15,Rachel Scott
SO-12336,2022-12-19,2022-12-24,Distributor,WARE-PJW3508,West,Oregon,Eugene,Central Elite Retail,Government,Office Supplies,Stapler Heavy Duty,29.99,11.0,32,815.68,352.0,463.68,15,Amanda Torres
SO-12337,2022-08-07,2022-08-12,Wholesale,WARE-UHY1004,West,Arizona,Mesa,Summit Elite Supply,Enterprise,Office Supplies,Stapler Heavy Duty,29.99,11.0,11,290.29,121.0,169.29,12,Michael Brown
SO-12338,2022-12-01,2022-12-04,Online,WARE-PJW3508,Midwest,Michigan,Grand Rapids,Unity Swift Corp,Corporate,Furniture,Modular Sofa,1499.99,750.0,10,13499.9,7500.0,5999.9,10,Emily Johnson
SO-12339,2024-01-24,2024-01-28,Wholesale,WARE-MCD2201,Midwest,Indiana,Evansville,Premier Global Co,Retail,Office Supplies,Calligraphy Set,39.99,15.0,17,611.83,255.0,356.83,10,David Park
SO-12340,2023-07-14,2023-07-18,In-Store,WARE-NBV1002,West,Utah,Salt Lake City,Digital Pacific Supply,Retail,Office Supplies,Calligraphy Set,39.99,15.0,17,598.23,255.0,343.23,12,Lisa Chen
SO-12341,2023-01-04,2023-01-07,Online,WARE-MCD2201,South,Florida,Jacksonville,Coastal Summit LLC,Enterprise,Clothing,Linen Pants,64.99,26.0,7,454.93,182.0,272.93,0,Sarah Mitchell
SO-12342,2022-05-05,2022-05-12,In-Store,WARE-ATL5509,Midwest,Wisconsin,Madison,Advanced Sterling Solutions,Government,Electronics,Smartband,199.99,88.0,1,199.99,88.0,111.99,0,David Park
SO-12343,2022-07-29,2022-08-01,Distributor,WARE-UHY1004,Midwest,Indiana,South Bend,Horizon Atlantic LLC,Small Business,Furniture,Ergonomic Chair Pro,449.99,218.0,8,3059.92,1744.0,1315.92,15,Emily Johnson
SO-12344,2023-03-19,2023-03-21,Distributor,WARE-UHY1004,Midwest,Nebraska,Grand Island,Metro Elite Retail,Enterprise,Office Supplies,Copier Machine,1299.99,680.0,15,19499.85,10200.0,9299.85,0,Michael Brown
SO-12345,2023-12-30,2024-01-06,Online,WARE-MCD2201,Southeast,Delaware,Middletown,Pacific Unity Commerce,Government,Furniture,Adjustable Monitor Stand,129.99,58.0,25,2989.75,1450.0,1539.75,8,David Park
SO-12346,2023-08-28,2023-09-02,In-Store,WARE-ATL5509,Northeast,Connecticut,Hartford,Elite Digital Trading,Small Business,Furniture,TV Stand,249.99,118.0,6,1424.94,708.0,716.94,5,Amanda Torres
SO-12347,2022-05-01,2022-05-05,Online,WARE-MCD2201,Midwest,Nebraska,Omaha,Core Pioneer Co,Corporate,Office Supplies,Filing Cabinet,199.99,95.0,6,1163.94,570.0,593.94,3,Michael Brown
SO-12348,2024-01-26,2024-01-30,Wholesale,WARE-MCD2201,West,Colorado,Denver,Swift Digital Co,Retail,Furniture,Adjustable Monitor Stand,129.99,58.0,17,2033.03,986.0,1047.03,8,Michael Brown
SO-12349,2023-01-30,2023-02-06,Wholesale,WARE-MCD2201,Northeast,Maine,Portland,Coastal Global Inc,Small Business,Office Supplies,Electric Stapler,49.99,19.0,14,664.86,266.0,398.86,5,Robert Adams
SO-12350,2024-03-17,2024-03-20,In-Store,WARE-MCD2201,Southeast,Kentucky,Lexington,Elite Unity Trading,Government,Electronics,Bluetooth Speaker,149.99,58.0,18,2294.82,1044.0,1250.82,15,Michael Brown
SO-12351,2024-03-20,2024-03-25,Distributor,WARE-ATL5509,West,Oregon,Gresham,Global Sterling Supply,Retail,Furniture,Floor Lamp,159.99,72.0,7,1086.33,504.0,582.33,3,Rachel Scott
SO-12352,2023-02-11,2023-02-18,In-Store,WARE-UHY1004,South,Texas,Lubbock,Apex National LLC,Enterprise,Clothing,Swimwear,49.99,19.0,2,87.98,38.0,49.98,12,Michael Brown
SO-12353,2023-07-30,2023-08-02,Online,WARE-UHY1004,South,Alabama,Tuscaloosa,Sterling Central Solutions,Enterprise,Furniture,TV Stand,249.99,118.0,4,879.96,472.0,407.96,12,Robert Adams
SO-12354,2023-07-25,2023-07-30,In-Store,WARE-MCD2201,Northeast,New York,Rochester,Sterling Swift Supply,Enterprise,Office Supplies,Tape Dispenser,24.99,9.0,4,99.96,36.0,63.96,0,Kevin Williams
SO-12355,2022-12-25,2022-12-31,In-Store,WARE-NBV1002,Northeast,Massachusetts,Cambridge,Apex Bright Co,Government,Furniture,TV Stand,249.99,118.0,26,5719.74,3068.0,2651.74,12,Emily Johnson
SO-12356,2024-02-21,2024-02-25,In-Store,WARE-MCD2201,West,Montana,Missoula,Pioneer Bright Enterprises,Retail,Electronics,Tablet Pro,899.99,450.0,14,11591.86,6300.0,5291.86,8,Amanda Torres
SO-12357,2023-01-10,2023-01-15,Distributor,WARE-NBV1002,West,Idaho,Idaho Falls,Central Pacific Group,Retail,Clothing,Athleisure Set,119.99,50.0,7,739.13,350.0,389.13,12,Michael Brown
SO-12358,2024-03-04,2024-03-06,Wholesale,WARE-MCD2201,Southeast,North Carolina,Winston-Salem,Swift Sterling Corp,Small Business,Furniture,Lounge Chair,399.99,195.0,18,6335.82,3510.0,2825.82,12,Emily Johnson
SO-12359,2023-05-17,2023-05-20,Online,WARE-UHY1004,South,South Carolina,Rock Hill,Metro Atlantic LLC,Government,Electronics,Laptop Cooling Pad,49.99,19.0,13,649.87,247.0,402.87,0,Sarah Mitchell
SO-12360,2022-10-17,2022-10-23,In-Store,WARE-NBV1002,Midwest,Wisconsin,Racine,Advanced Horizon Distributors,Enterprise,Electronics,Smart TV 55,799.99,400.0,6,4415.94,2400.0,2015.94,8,Rachel Scott
SO-12361,2023-06-22,2023-06-25,Online,WARE-PJW3508,Southeast,North Carolina,Charlotte,Advanced Digital Supply,Government,Electronics,Bloomberg Terminal,5999.99,3800.0,14,77279.86,53200.0,24079.86,8,Rachel Scott
SO-12362,2023-11-09,2023-11-14,In-Store,WARE-MCD2201,Northeast,Rhode Island,Pawtucket,Bright Coastal Enterprises,Retail,Office Supplies,Card Reader,39.99,15.0,4,135.96,60.0,75.96,15,Robert Adams
SO-12363,2024-02-19,2024-02-24,In-Store,WARE-NBV1002,Northeast,Vermont,Burlington,Sterling National Retail,Enterprise,Electronics,Bluetooth Speaker,149.99,58.0,7,965.93,406.0,559.93,8,Kevin Williams
SO-12364,2022-10-01,2022-10-07,Wholesale,WARE-ATL5509,West,Montana,Helena,Atlantic Apex Solutions,Small Business,Clothing,Chinos,74.99,30.0,12,809.88,360.0,449.88,10,Robert Adams
SO-12365,2023-11-29,2023-12-03,Wholesale,WARE-UHY1004,West,New Mexico,Albuquerque,Atlantic Digital Retail,Small Business,Electronics,iPhone 15,999.99,620.0,24,20399.76,14880.0,5519.76,15,David Park
SO-12366,2023-06-05,2023-06-11,Distributor,WARE-ATL5509,Northeast,Vermont,Montpelier,Central Pacific Inc,Retail,Furniture,Storage Cabinet,449.99,215.0,19,7523.81,4085.0,3438.81,12,Emily Johnson
SO-12367,2022-10-28,2022-11-07,Wholesale,WARE-NBV1002,Midwest,Kansas,Olathe,Central Advanced Co,Small Business,Clothing,Running Shoes,89.99,38.0,7,611.03,266.0,345.03,3,David Park
SO-12368,2023-11-05,2023-11-12,Distributor,WARE-ATL5509,South,Georgia,Columbus,Core Coastal Co,Retail,Clothing,Athleisure Set,119.99,50.0,30,3419.7,1500.0,1919.7,5,David Park
SO-12369,2024-02-02,2024-02-06,Distributor,WARE-NBV1002,West,Montana,Great Falls,Advanced Digital Co,Small Business,Furniture,Lateral File Cabinet,399.99,192.0,3,1163.97,576.0,587.97,3,Michael Brown
SO-12370,2022-06-23,2022-06-29,Wholesale,WARE-PJW3508,Northeast,Rhode Island,Cranston,Advanced Unity Distributors,Small Business,Clothing,Athleisure Set,119.99,50.0,21,2217.39,1050.0,1167.39,12,Rachel Scott
SO-12371,2022-12-24,2022-12-29,Distributor,WARE-UHY1004,Midwest,Indiana,Indianapolis,Horizon Unity Inc,Government,Office Supplies,Tape Dispenser,24.99,9.0,20,499.8,180.0,319.8,0,Emily Johnson
SO-12372,2022-07-13,2022-07-19,Wholesale,WARE-PJW3508,South,Oklahoma,Norman,National Central Distributors,Government,Clothing,Running Shoes,89.99,38.0,7,629.93,266.0,363.93,0,James Carter
SO-12373,2023-04-15,2023-04-18,Wholesale,WARE-UHY1004,Southwest,Colorado,Denver,Pacific Apex Inc,Small Business,Clothing,Sports Jacket,109.99,46.0,7,731.43,322.0,409.43,5,Michael Brown
SO-12374,2022-05-25,2022-05-30,Wholesale,WARE-UHY1004,Northeast,Rhode Island,Providence,Swift Digital Retail,Small Business,Electronics,Webcam HD,99.99,42.0,14,1357.86,588.0,769.86,3,Michael Brown
SO-12375,2023-12-10,2023-12-17,Wholesale,WARE-UHY1004,West,New Mexico,Rio Rancho,National Elite Corp,Government,Clothing,Rain Jacket,99.99,42.0,28,2799.72,1176.0,1623.72,0,Rachel Scott
SO-12376,2022-05-31,2022-06-06,Online,WARE-NBV1002,West,Arizona,Phoenix,Sterling Pacific Inc,Small Business,Furniture,Bar Cart,299.99,140.0,2,509.98,280.0,229.98,15,Amanda Torres
SO-12377,2023-09-03,2023-09-06,Wholesale,WARE-MCD2201,West,California,Bakersfield,Unity Advanced Distributors,Government,Electronics,Laptop Cooling Pad,49.99,19.0,11,522.39,209.0,313.39,5,Amanda Torres
SO-12378,2023-03-14,2023-03-18,Distributor,WARE-PJW3508,South,Oklahoma,Tulsa,Pioneer Digital Retail,Retail,Office Supplies,Ergonomic Chair,349.99,175.0,3,1018.47,525.0,493.47,3,Kevin Williams
SO-12379,2023-11-16,2023-11-21,Wholesale,WARE-ATL5509,Southeast,Virginia,Chesapeake,Digital Global Supply,Retail,Electronics,Drone Camera,799.99,400.0,14,11199.86,5600.0,5599.86,0,Lisa Chen
SO-12380,2023-10-14,2023-10-20,In-Store,WARE-MCD2201,West,New Mexico,Albuquerque,Premier Core Corp,Corporate,Clothing,Polo Shirt,44.99,18.0,18,809.82,324.0,485.82,0,Emily Johnson
SO-12381,2023-04-18,2023-04-23,Online,WARE-UHY1004,Southeast,North Carolina,Raleigh,Unity Sterling Retail,Small Business,Office Supplies,Desk Organizer,29.99,11.0,9,229.41,99.0,130.41,15,Amanda Torres
SO-12382,2023-12-12,2023-12-18,Online,WARE-MCD2201,West,Idaho,Idaho Falls,Horizon Bright LLC,Enterprise,Electronics,VR Headset,599.99,280.0,35,20999.65,9800.0,11199.65,0,Sarah Mitchell
SO-12383,2022-02-06,2022-02-11,Distributor,WARE-ATL5509,Northeast,Vermont,Rutland,Sterling Digital Commerce,Small Business,Electronics,Ring Light,89.99,36.0,15,1187.85,540.0,647.85,12,James Carter
SO-12384,2022-08-07,2022-08-17,Distributor,WARE-ATL5509,South,Louisiana,Lake Charles,Sterling Global Co,Small Business,Furniture,Lateral File Cabinet,399.99,192.0,15,5699.85,2880.0,2819.85,5,Amanda Torres
SO-12385,2022-05-01,2022-05-06,In-Store,WARE-NBV1002,South,Oklahoma,Oklahoma City,National Coastal Co,Retail,Electronics,Smart Watch,399.99,180.0,15,5279.85,2700.0,2579.85,12,Amanda Torres
SO-12386,2022-10-01,2022-10-06,Online,WARE-UHY1004,Southwest,Wyoming,Rock Springs,Pioneer Bright Group,Small Business,Furniture,Ergonomic Chair Pro,449.99,218.0,2,764.98,436.0,328.98,15,James Carter
SO-12387,2022-12-17,2022-12-22,Distributor,WARE-UHY1004,West,Nevada,North Las Vegas,Metro Atlantic Supply,Small Business,Electronics,Digital Whiteboard,1999.99,1100.0,12,20399.88,13200.0,7199.88,15,James Carter
SO-12388,2022-07-20,2022-07-22,Wholesale,WARE-PJW3508,South,South Carolina,Rock Hill,Premier National Solutions,Enterprise,Clothing,Velvet Blazer,179.99,80.0,9,1376.91,720.0,656.91,15,James Carter
SO-12389,2022-10-09,2022-10-16,Online,WARE-UHY1004,South,Texas,Corpus Christi,Elite Premier Inc,Government,Electronics,Drone Camera,799.99,400.0,2,1439.98,800.0,639.98,10,Lisa Chen
SO-12390,2022-10-27,2022-10-31,Wholesale,WARE-ATL5509,South,Florida,Clearwater,Summit Metro Supply,Small Business,Electronics,Laptop Pro 13,1099.99,650.0,5,4839.95,3250.0,1589.95,12,James Carter
SO-12391,2022-09-01,2022-09-11,Wholesale,WARE-UHY1004,Midwest,Kansas,Wichita,Sterling Unity Co,Government,Electronics,NAS Storage,899.99,450.0,2,1709.98,900.0,809.98,5,Lisa Chen
SO-12392,2023-08-24,2023-09-03,Distributor,WARE-UHY1004,West,New Mexico,Roswell,Advanced Pioneer Retail,Government,Clothing,Denim Jacket,89.99,38.0,18,1619.82,684.0,935.82,0,Sarah Mitchell
SO-12393,2022-05-29,2022-06-04,Distributor,WARE-NBV1002,Midwest,Ohio,Akron,Central Advanced Corp,Government,Office Supplies,Desk Organizer,29.99,11.0,7,209.93,77.0,132.93,0,Lisa Chen
SO-12394,2023-03-05,2023-03-11,Online,WARE-UHY1004,South,Alabama,Montgomery,Pioneer Pioneer Distributors,Corporate,Clothing,Swimwear,49.99,19.0,17,849.83,323.0,526.83,0,Kevin Williams
SO-12395,2022-09-26,2022-10-01,Distributor,WARE-ATL5509,Northeast,Vermont,Montpelier,Pioneer Global Supply,Government,Furniture,Mesh Chair,319.99,155.0,17,5439.83,2635.0,2804.83,0,Michael Brown
SO-12396,2022-02-01,2022-02-06,Distributor,WARE-NBV1002,Southeast,District of Columbia,Washington,Sterling Central Supply,Small Business,Furniture,Adjustable Monitor Stand,129.99,58.0,17,2099.33,986.0,1113.33,5,Lisa Chen
SO-12397,2024-03-13,2024-03-19,Online,WARE-NBV1002,Northeast,Maine,South Portland,Apex Pioneer Commerce,Government,Furniture,Reception Desk,849.99,430.0,12,9893.88,5160.0,4733.88,3,Robert Adams
SO-12398,2022-11-04,2022-11-10,Distributor,WARE-ATL5509,Southwest,Nevada,North Las Vegas,Horizon Horizon Co,Small Business,Clothing,Fleece Hoodie,74.99,30.0,31,2092.19,930.0,1162.19,10,Lisa Chen
SO-12399,2023-04-04,2023-04-11,Wholesale,WARE-ATL5509,Midwest,Ohio,Cleveland,National Horizon Distributors,Corporate,Office Supplies,Card Reader,39.99,15.0,5,169.95,75.0,94.95,15,James Carter
SO-12400,2023-09-07,2023-09-12,Distributor,WARE-NBV1002,West,California,Oakland,Bright Central Enterprises,Retail,Furniture,Reception Desk,849.99,430.0,10,8074.9,4300.0,3774.9,5,David Park
SO-12401,2023-11-06,2023-11-09,Distributor,WARE-NBV1002,South,Tennessee,Clarksville,Apex Bright Group,Small Business,Furniture,Storage Cabinet,449.99,215.0,34,14534.66,7310.0,7224.66,5,Amanda Torres
SO-12402,2022-11-05,2022-11-11,Wholesale,WARE-MCD2201,West,New Mexico,Rio Rancho,Horizon Summit Retail,Enterprise,Electronics,Action Camera,349.99,170.0,10,3499.9,1700.0,1799.9,0,Emily Johnson
SO-12403,2023-10-05,2023-10-09,Distributor,WARE-PJW3508,Northeast,New Jersey,Paterson,Metro Metro Solutions,Enterprise,Electronics,Portable Projector,499.99,245.0,7,3149.93,1715.0,1434.93,10,Kevin Williams
SO-12404,2022-12-11,2022-12-21,In-Store,WARE-UHY1004,South,Louisiana,Shreveport,Atlantic Central Commerce,Enterprise,Furniture,Bar Cart,299.99,140.0,26,7799.74,3640.0,4159.74,0,Amanda Torres
SO-12405,2024-03-12,2024-03-18,Wholesale,WARE-NBV1002,Southwest,Alaska,Sitka,Bright Pacific Inc,Enterprise,Electronics,Wi-Fi Mesh System,399.99,190.0,12,4559.88,2280.0,2279.88,5,Emily Johnson
SO-12406,2023-11-28,2023-12-03,In-Store,WARE-UHY1004,Northeast,Maine,Portland,Pacific Bright Enterprises,Retail,Furniture,Office Chair,299.99,145.0,33,9899.67,4785.0,5114.67,0,Kevin Williams
SO-12407,2023-11-16,2023-11-18,Distributor,WARE-NBV1002,West,California,Riverside,Unity Unity Commerce,Corporate,Office Supplies,Paper Shredder,129.99,62.0,29,3204.21,1798.0,1406.21,15,James Carter
SO-12408,2022-03-22,2022-03-25,Wholesale,WARE-PJW3508,Midwest,Indiana,Carmel,Premier Metro Corp,Corporate,Office Supplies,Copier Machine,1299.99,680.0,3,3782.97,2040.0,1742.97,3,James Carter
SO-12409,2022-08-11,2022-08-16,Online,WARE-UHY1004,Southeast,District of Columbia,Washington,Bright Metro Corp,Government,Office Supplies,Wireless Keyboard,89.99,38.0,20,1619.8,760.0,859.8,10,Kevin Williams
SO-12410,2022-03-06,2022-03-11,Wholesale,WARE-ATL5509,Southwest,Hawaii,Kaneohe,Unity Sterling Co,Corporate,Office Supplies,Ink Tank Printer,399.99,195.0,18,6983.82,3510.0,3473.82,3,David Park
SO-12411,2022-10-07,2022-10-13,Online,WARE-UHY1004,West,Utah,West Jordan,National Sterling Commerce,Enterprise,Office Supplies,Letter Opener,14.99,5.0,5,65.95,25.0,40.95,12,Robert Adams
SO-12412,2022-10-12,2022-10-18,Distributor,WARE-MCD2201,Southwest,Alaska,Sitka,Sterling Advanced Inc,Government,Furniture,Credenza,649.99,320.0,5,2989.95,1600.0,1389.95,8,Emily Johnson
SO-12413,2022-09-03,2022-09-08,Wholesale,WARE-MCD2201,Southwest,Nevada,North Las Vegas,Unity Pacific Retail,Enterprise,Clothing,Holiday Sweater,69.99,28.0,15,997.35,420.0,577.35,5,Michael Brown
SO-12414,2023-06-24,2023-06-30,In-Store,WARE-ATL5509,Southeast,Delaware,Dover,Advanced Coastal Distributors,Government,Furniture,Bookshelf,249.99,110.0,16,3799.84,1760.0,2039.84,5,Lisa Chen
SO-12415,2023-02-18,2023-02-24,In-Store,WARE-MCD2201,South,Florida,Clearwater,Core Advanced Inc,Government,Furniture,Storage Cabinet,449.99,215.0,10,4364.9,2150.0,2214.9,3,James Carter
SO-12416,2023-02-02,2023-02-07,In-Store,WARE-UHY1004,Southeast,Delaware,Middletown,Pacific Atlantic Retail,Government,Furniture,TV Stand,249.99,118.0,13,2859.87,1534.0,1325.87,12,Robert Adams
SO-12417,2023-05-18,2023-05-22,In-Store,WARE-MCD2201,South,Georgia,Augusta,National Digital Group,Government,Clothing,Linen Pants,64.99,26.0,5,324.95,130.0,194.95,0,Michael Brown
SO-12418,2023-02-28,2023-03-10,In-Store,WARE-NBV1002,Northeast,Vermont,Burlington,Pioneer Horizon Commerce,Enterprise,Office Supplies,Card Reader,39.99,15.0,16,563.04,240.0,323.04,12,Lisa Chen
SO-12419,2024-03-05,2024-03-11,Online,WARE-NBV1002,Midwest,Nebraska,Grand Island,Digital Unity Trading,Enterprise,Furniture,Hallway Table,279.99,132.0,15,3989.85,1980.0,2009.85,5,Lisa Chen
SO-12420,2023-03-11,2023-03-17,In-Store,WARE-UHY1004,Northeast,Connecticut,Stamford,Advanced Elite Trading,Retail,Clothing,Board Shorts,54.99,21.0,9,420.66,189.0,231.66,15,James Carter
SO-12421,2022-12-30,2023-01-06,Distributor,WARE-UHY1004,Midwest,Missouri,Kansas City,Premier Metro Inc,Corporate,Furniture,Storage Cabinet,449.99,215.0,15,6412.35,3225.0,3187.35,5,Kevin Williams
SO-12422,2022-04-13,2022-04-16,Online,WARE-ATL5509,West,New Mexico,Rio Rancho,Pioneer Pacific Retail,Government,Clothing,Sun Hat,34.99,13.0,12,407.28,156.0,251.28,3,Lisa Chen
SO-12423,2023-10-05,2023-10-09,Online,WARE-PJW3508,Southwest,New Mexico,Rio Rancho,Swift Pioneer Inc,Small Business,Clothing,Turtleneck,59.99,24.0,4,227.96,96.0,131.96,5,Robert Adams
SO-12424,2023-02-25,2023-03-01,In-Store,WARE-UHY1004,South,South Carolina,Rock Hill,Bright Metro Co,Small Business,Clothing,Holiday Sweater,69.99,28.0,7,440.93,196.0,244.93,10,Kevin Williams
SO-12425,2024-03-30,2024-04-05,Distributor,WARE-UHY1004,Northeast,New York,Rochester,Horizon Metro Inc,Small Business,Electronics,Webcam HD,99.99,42.0,17,1699.83,714.0,985.83,0,Rachel Scott
SO-12426,2023-11-02,2023-11-07,Online,WARE-PJW3508,Northeast,New Hampshire,Concord,Apex Core Distributors,Small Business,Furniture,Lateral File Cabinet,399.99,192.0,21,7727.79,4032.0,3695.79,8,Amanda Torres
SO-12427,2022-04-26,2022-04-30,Online,WARE-MCD2201,Northeast,Connecticut,Bridgeport,Elite Metro Co,Retail,Clothing,Summer Dress,79.99,30.0,10,703.9,300.0,403.9,12,Lisa Chen
SO-12428,2022-01-12,2022-01-19,Wholesale,WARE-PJW3508,Northeast,Pennsylvania,Philadelphia,Atlantic Coastal Commerce,Enterprise,Clothing,Polo Shirt,44.99,18.0,5,224.95,90.0,134.95,0,Emily Johnson
SO-12429,2022-06-08,2022-06-12,Distributor,WARE-UHY1004,West,Washington,Tacoma,Core Summit Enterprises,Corporate,Clothing,Sports Jacket,109.99,46.0,3,329.97,138.0,191.97,0,Robert Adams
SO-12430,2022-02-14,2022-02-18,Distributor,WARE-ATL5509,West,Utah,West Jordan,Pacific Central Solutions,Corporate,Furniture,Bookshelf,249.99,110.0,6,1379.94,660.0,719.94,8,David Park
SO-12431,2022-12-13,2022-12-18,Wholesale,WARE-NBV1002,South,Louisiana,Lafayette,Metro National Trading,Small Business,Furniture,Office Chair,299.99,145.0,12,3599.88,1740.0,1859.88,0,Amanda Torres
SO-12432,2022-12-31,2023-01-05,Distributor,WARE-MCD2201,Southwest,Wyoming,Cheyenne,Central Bright Inc,Corporate,Electronics,Laptop Pro 15,1299.99,780.0,30,38999.7,23400.0,15599.7,0,Sarah Mitchell
SO-12433,2023-12-06,2023-12-13,In-Store,WARE-UHY1004,South,Florida,Orlando,Apex Elite Distributors,Corporate,Clothing,Golf Polo,64.99,26.0,15,945.6,390.0,555.6,3,Lisa Chen
SO-12434,2023-03-05,2023-03-10,In-Store,WARE-UHY1004,Midwest,Kansas,Kansas City,Digital Bright Co,Corporate,Furniture,Executive Desk,1199.99,620.0,11,13199.89,6820.0,6379.89,0,Kevin Williams
SO-12435,2023-02-10,2023-02-15,Online,WARE-ATL5509,South,Texas,San Antonio,Pioneer Pioneer Supply,Corporate,Furniture,Work Bench,549.99,270.0,9,4355.91,2430.0,1925.91,12,Robert Adams
SO-12436,2022-03-08,2022-03-14,Online,WARE-NBV1002,Southwest,New Mexico,Rio Rancho,Unity Metro Solutions,Government,Electronics,Kindle Paperwhite,139.99,62.0,11,1355.09,682.0,673.09,12,Emily Johnson
SO-12437,2022-09-11,2022-09-25,Wholesale,WARE-PJW3508,South,Louisiana,Lafayette,National Global Solutions,Enterprise,Furniture,Adjustable Monitor Stand,129.99,58.0,8,1008.72,464.0,544.72,3,Emily Johnson
SO-12438,2023-02-20,2023-02-24,Wholesale,WARE-NBV1002,West,California,Los Angeles,Metro Summit LLC,Enterprise,Furniture,Corner Desk,699.99,345.0,9,5669.91,3105.0,2564.91,10,Amanda Torres
SO-12439,2023-12-18,2023-12-23,Wholesale,WARE-NBV1002,Northeast,Massachusetts,Worcester,Elite Bright Supply,Retail,Furniture,Floor Lamp,159.99,72.0,13,2017.47,936.0,1081.47,3,Kevin Williams
SO-12440,2023-01-23,2023-01-28,In-Store,WARE-ATL5509,Midwest,Missouri,Independence,Core Atlantic Enterprises,Small Business,Electronics,Smart Lock,249.99,115.0,15,3562.35,1725.0,1837.35,5,James Carter
SO-12441,2023-01-07,2023-01-13,Online,WARE-MCD2201,Southwest,Arizona,Phoenix,Swift Elite Group,Government,Furniture,Adjustable Monitor Stand,129.99,58.0,3,331.47,174.0,157.47,15,Emily Johnson
SO-12442,2023-09-09,2023-09-15,Distributor,WARE-PJW3508,West,Arizona,Chandler,Coastal Apex Supply,Small Business,Electronics,USB Microphone,179.99,78.0,9,1619.91,702.0,917.91,0,Lisa Chen
SO-12443,2023-11-11,2023-11-18,Distributor,WARE-MCD2201,Southeast,Virginia,Chesapeake,Apex Global Distributors,Small Business,Clothing,Business Casual Shirt,59.99,22.0,34,1876.46,748.0,1128.46,8,James Carter
SO-12444,2023-10-31,2023-11-05,In-Store,WARE-MCD2201,West,Idaho,Meridian,Premier Central Inc,Corporate,Clothing,Casual Pants,69.99,28.0,6,356.94,168.0,188.94,15,Sarah Mitchell
SO-12445,2022-05-01,2022-05-15,Online,WARE-ATL5509,Southeast,West Virginia,Wheeling,Central Global Distributors,Enterprise,Electronics,Webcam HD,99.99,42.0,1,96.99,42.0,54.99,3,Rachel Scott
SO-12446,2022-02-20,2022-03-06,Online,WARE-PJW3508,Northeast,New Hampshire,Manchester,Coastal Premier Commerce,Government,Clothing,Formal Jacket,129.99,55.0,7,818.93,385.0,433.93,10,Amanda Torres
SO-12447,2022-10-12,2022-10-15,Online,WARE-ATL5509,West,New Mexico,Santa Fe,Unity Summit LLC,Enterprise,Electronics,iPad Pro,1099.99,680.0,15,15179.85,10200.0,4979.85,8,David Park
SO-12448,2023-05-18,2023-05-22,Online,WARE-ATL5509,Southwest,Alaska,Juneau,Core Apex Trading,Small Business,Clothing,Business Casual Shirt,59.99,22.0,15,854.85,330.0,524.85,5,Robert Adams
SO-12449,2023-02-15,2023-02-22,In-Store,WARE-PJW3508,Northeast,Rhode Island,Providence,Digital Sterling Supply,Corporate,Office Supplies,Laminator,89.99,40.0,8,611.92,320.0,291.92,15,James Carter
SO-12450,2024-02-04,2024-02-11,Distributor,WARE-ATL5509,West,Nevada,Las Vegas,Central Horizon Group,Corporate,Clothing,Golf Polo,64.99,26.0,9,514.71,234.0,280.71,12,Kevin Williams
SO-12451,2023-06-06,2023-06-16,In-Store,WARE-PJW3508,South,Florida,Boca Raton,Horizon Digital Distributors,Government,Clothing,Rain Jacket,99.99,42.0,16,1519.84,672.0,847.84,5,Rachel Scott
SO-12452,2023-07-04,2023-07-09,Online,WARE-UHY1004,Southwest,Wyoming,Rock Springs,Bright Bright Enterprises,Enterprise,Furniture,Modular Sofa,1499.99,750.0,9,11474.91,6750.0,4724.91,15,Robert Adams
SO-12453,2023-12-15,2023-12-22,Wholesale,WARE-MCD2201,Northeast,Massachusetts,Lowell,Bright Atlantic Corp,Corporate,Office Supplies,Printer Cartridges,89.99,32.0,27,2235.33,864.0,1371.33,8,Rachel Scott
SO-12454,2023-01-14,2023-01-20,Wholesale,WARE-ATL5509,Northeast,Vermont,Montpelier,Pacific National Commerce,Small Business,Office Supplies,Filing Cabinet,199.99,95.0,8,1551.92,760.0,791.92,3,James Carter
SO-12455,2024-03-27,2024-04-01,Wholesale,WARE-UHY1004,Midwest,Missouri,Independence,Pioneer Pioneer Corp,Corporate,Office Supplies,Card Reader,39.99,15.0,16,620.64,240.0,380.64,3,Robert Adams
SO-12456,2023-05-07,2023-05-10,In-Store,WARE-PJW3508,Southeast,District of Columbia,Washington,Swift Premier Trading,Enterprise,Clothing,Rain Jacket,99.99,42.0,17,1699.83,714.0,985.83,0,Sarah Mitchell
SO-12457,2022-05-21,2022-05-24,Online,WARE-UHY1004,West,Colorado,Lakewood,Unity Central Solutions,Government,Office Supplies,Document Scanner,299.99,145.0,8,2159.92,1160.0,999.92,10,Michael Brown
SO-12458,2022-11-30,2022-12-06,Wholesale,WARE-PJW3508,Southwest,Hawaii,Kailua,Horizon Bright LLC,Small Business,Electronics,Home Theater System,1499.99,820.0,33,44549.67,27060.0,17489.67,10,Sarah Mitchell
SO-12459,2022-11-23,2022-11-27,Distributor,WARE-MCD2201,South,Louisiana,Baton Rouge,Pacific Pacific Supply,Enterprise,Furniture,Accent Table,199.99,92.0,16,2815.84,1472.0,1343.84,12,James Carter
SO-12460,2023-09-26,2023-10-01,Distributor,WARE-MCD2201,Southeast,Virginia,Richmond,Coastal Bright Supply,Enterprise,Office Supplies,Printer Cartridges,89.99,32.0,9,785.61,288.0,497.61,3,David Park
SO-12461,2023-08-14,2023-08-19,Distributor,WARE-PJW3508,South,South Carolina,Greenville,Digital Global Commerce,Corporate,Office Supplies,Filing Cabinet,199.99,95.0,5,919.95,475.0,444.95,8,David Park
SO-12462,2023-10-21,2023-10-25,Distributor,WARE-UHY1004,Southeast,Kentucky,Bowling Green,Metro Pacific Inc,Retail,Office Supplies,Label Maker,59.99,24.0,9,539.91,216.0,323.91,0,Rachel Scott
SO-12463,2022-10-13,2022-10-16,Wholesale,WARE-ATL5509,West,Arizona,Scottsdale,Atlantic Unity LLC,Government,Office Supplies,Laminator,89.99,40.0,5,449.95,200.0,249.95,0,Sarah Mitchell
SO-12464,2023-04-05,2023-04-09,Online,WARE-PJW3508,South,Georgia,Athens,Unity Pacific LLC,Retail,Office Supplies,Laminator,89.99,40.0,11,940.39,440.0,500.39,5,James Carter
SO-12465,2022-02-24,2022-03-03,In-Store,WARE-PJW3508,South,Louisiana,Lafayette,Sterling Premier Trading,Enterprise,Furniture,Bookshelf,249.99,110.0,3,689.97,330.0,359.97,8,Lisa Chen
SO-12466,2022-05-07,2022-05-11,In-Store,WARE-UHY1004,Midwest,Missouri,St. Louis,Coastal Core Supply,Small Business,Electronics,Bluetooth Speaker,149.99,58.0,8,1139.92,464.0,675.92,5,Rachel Scott
SO-12467,2022-09-10,2022-09-14,Distributor,WARE-PJW3508,Midwest,Illinois,Joliet,Coastal Metro Distributors,Retail,Electronics,Smart Thermostat,249.99,115.0,10,2299.9,1150.0,1149.9,8,James Carter
SO-12468,2023-08-08,2023-08-15,Distributor,WARE-NBV1002,Southwest,New Mexico,Santa Fe,Metro Digital Distributors,Retail,Electronics,Gaming PC,2499.99,1450.0,18,44999.82,26100.0,18899.82,0,Emily Johnson
SO-12469,2024-02-20,2024-02-26,Online,WARE-MCD2201,Midwest,Michigan,Detroit,Premier Premier Co,Enterprise,Furniture,Accent Table,199.99,92.0,3,599.97,276.0,323.97,0,David Park
SO-12470,2022-12-12,2022-12-16,Online,WARE-UHY1004,Northeast,Vermont,Montpelier,Unity Pioneer Co,Small Business,Electronics,USB-C Hub,79.99,32.0,30,2399.7,960.0,1439.7,0,Emily Johnson
SO-12471,2023-06-15,2023-06-29,Distributor,WARE-ATL5509,West,Utah,Provo,Pacific Pioneer Trading,Corporate,Electronics,Smart Monitor 27,599.99,290.0,12,6119.88,3480.0,2639.88,15,Amanda Torres
SO-12472,2022-06-24,2022-06-27,In-Store,WARE-UHY1004,Southwest,Arizona,Mesa,Premier Sterling Distributors,Corporate,Clothing,Linen Pants,64.99,26.0,20,1234.8,520.0,714.8,5,Rachel Scott
SO-12473,2023-08-20,2023-08-24,Online,WARE-NBV1002,Northeast,Massachusetts,Springfield,Sterling Atlantic Co,Small Business,Office Supplies,Label Maker,59.99,24.0,21,1259.79,504.0,755.79,0,Kevin Williams
SO-12474,2022-05-04,2022-05-11,Online,WARE-UHY1004,Midwest,Missouri,Independence,Pioneer Summit Inc,Corporate,Office Supplies,Label Maker,59.99,24.0,10,551.9,240.0,311.9,8,Sarah Mitchell
SO-12475,2023-09-27,2023-10-03,Wholesale,WARE-MCD2201,West,Arizona,Phoenix,Central Core Commerce,Enterprise,Office Supplies,Printer Cartridges,89.99,32.0,17,1453.33,544.0,909.33,5,Rachel Scott
SO-12476,2022-07-11,2022-07-14,Online,WARE-MCD2201,Midwest,Kansas,Wichita,Digital Pioneer Distributors,Enterprise,Office Supplies,Tape Dispenser,24.99,9.0,21,482.79,189.0,293.79,8,Michael Brown
SO-12477,2024-01-07,2024-01-12,Online,WARE-ATL5509,Southwest,Arizona,Mesa,Atlantic Atlantic Group,Enterprise,Office Supplies,Document Scanner,299.99,145.0,4,1199.96,580.0,619.96,0,Robert Adams
SO-12478,2024-02-25,2024-03-03,Distributor,WARE-NBV1002,South,Florida,Clearwater,Sterling Premier Commerce,Small Business,Clothing,Linen Pants,64.99,26.0,6,378.24,156.0,222.24,3,Robert Adams
SO-12479,2023-05-04,2023-05-10,In-Store,WARE-PJW3508,Southwest,Colorado,Fort Collins,Global Summit Solutions,Small Business,Office Supplies,Electric Stapler,49.99,19.0,3,149.97,57.0,92.97,0,Emily Johnson
SO-12480,2023-05-01,2023-05-03,Wholesale,WARE-MCD2201,Southeast,West Virginia,Parkersburg,Core Elite Retail,Retail,Electronics,Smart Thermostat,249.99,115.0,13,3249.87,1495.0,1754.87,0,Amanda Torres
SO-12481,2022-05-18,2022-05-20,Online,WARE-NBV1002,Midwest,Illinois,Naperville,Premier Sterling Supply,Small Business,Clothing,Athleisure Set,119.99,50.0,3,341.97,150.0,191.97,5,Emily Johnson
SO-12482,2023-12-06,2023-12-16,Distributor,WARE-PJW3508,Southwest,New Mexico,Rio Rancho,Sterling Digital Corp,Small Business,Electronics,Laptop Pro 13,1099.99,650.0,34,37399.66,22100.0,15299.66,0,David Park
SO-12483,2023-11-14,2023-11-19,Distributor,WARE-UHY1004,Midwest,Wisconsin,Milwaukee,Central National Distributors,Small Business,Clothing,Suit Set,299.99,135.0,16,4319.84,2160.0,2159.84,10,Kevin Williams
SO-12484,2023-08-14,2023-08-24,Wholesale,WARE-ATL5509,Southwest,Arizona,Scottsdale,Premier Digital Commerce,Corporate,Office Supplies,Card Reader,39.99,15.0,8,310.32,120.0,190.32,3,Amanda Torres
SO-12485,2022-08-26,2022-09-05,Distributor,WARE-ATL5509,Southwest,New Mexico,Rio Rancho,National Pacific Commerce,Small Business,Office Supplies,Ink Tank Printer,399.99,195.0,13,4679.87,2535.0,2144.87,10,Sarah Mitchell
SO-12486,2022-03-24,2022-03-28,Online,WARE-MCD2201,Northeast,Vermont,Montpelier,Digital Metro Solutions,Corporate,Office Supplies,Ergonomic Mouse,59.99,24.0,7,398.93,168.0,230.93,5,Amanda Torres
SO-12487,2022-10-17,2022-10-21,Wholesale,WARE-MCD2201,West,Nevada,Las Vegas,Digital Coastal Commerce,Small Business,Furniture,TV Stand,249.99,118.0,13,3087.37,1534.0,1553.37,5,Sarah Mitchell
SO-12488,2023-01-03,2023-01-09,Distributor,WARE-PJW3508,South,Oklahoma,Oklahoma City,Swift Advanced Supply,Small Business,Furniture,TV Stand,249.99,118.0,3,712.47,354.0,358.47,5,Robert Adams
SO-12489,2022-07-20,2022-07-26,Distributor,WARE-NBV1002,Midwest,Nebraska,Bellevue,Core Pacific Solutions,Government,Furniture,Corner Desk,699.99,345.0,8,5319.92,2760.0,2559.92,5,David Park
SO-12490,2023-09-03,2023-09-08,In-Store,WARE-MCD2201,South,Alabama,Birmingham,Atlantic National Trading,Enterprise,Electronics,Laptop Pro 13,1099.99,650.0,14,14629.86,9100.0,5529.86,5,Rachel Scott
SO-12491,2023-05-19,2023-05-24,In-Store,WARE-MCD2201,Northeast,Rhode Island,Providence,Summit National Co,Retail,Furniture,Executive Desk,1199.99,620.0,8,9599.92,4960.0,4639.92,0,Kevin Williams
SO-12492,2023-10-11,2023-10-14,In-Store,WARE-PJW3508,West,California,Sacramento,Pacific Digital LLC,Enterprise,Office Supplies,Filing Cabinet,199.99,95.0,18,3167.82,1710.0,1457.82,12,Amanda Torres
SO-12493,2022-06-15,2022-06-21,In-Store,WARE-NBV1002,Southwest,Wyoming,Casper,Central National Enterprises,Corporate,Electronics,Surface Laptop,1399.99,870.0,16,19039.84,13920.0,5119.84,15,Michael Brown
SO-12494,2022-01-17,2022-01-22,Distributor,WARE-ATL5509,Southeast,Kentucky,Lexington,National Metro Trading,Enterprise,Office Supplies,Label Printer,179.99,82.0,18,3239.82,1476.0,1763.82,0,James Carter
SO-12495,2024-03-31,2024-04-04,Online,WARE-NBV1002,Northeast,Pennsylvania,Reading,Sterling Swift Solutions,Corporate,Electronics,Conference Camera,449.99,210.0,1,413.99,210.0,203.99,8,Robert Adams
SO-12496,2023-12-25,2023-12-27,Distributor,WARE-MCD2201,Northeast,New Hampshire,Nashua,Digital Metro Corp,Corporate,Furniture,Executive Desk,1199.99,620.0,19,22799.81,11780.0,11019.81,0,David Park
SO-12497,2024-03-22,2024-03-26,Wholesale,WARE-NBV1002,Southwest,Hawaii,Kaneohe,Sterling Bright Distributors,Small Business,Clothing,Board Shorts,54.99,21.0,7,384.93,147.0,237.93,0,Robert Adams
SO-12498,2023-05-23,2023-05-27,Online,WARE-NBV1002,Northeast,New Jersey,Jersey City,Sterling Sterling Corp,Retail,Furniture,Hallway Table,279.99,132.0,9,2444.31,1188.0,1256.31,3,Lisa Chen
SO-12499,2022-01-02,2022-01-04,In-Store,WARE-PJW3508,Northeast,New York,New York City,Atlantic Elite LLC,Enterprise,Furniture,Bookshelf,249.99,110.0,3,712.47,330.0,382.47,5,Lisa Chen
SO-12500,2022-02-18,2022-02-24,Distributor,WARE-MCD2201,Southwest,Hawaii,Kaneohe,Summit National Distributors,Retail,Furniture,Glass Desk,799.99,400.0,16,12799.84,6400.0,6399.84,0,Robert Adams
SO-12501,2023-12-29,2024-01-04,Wholesale,WARE-PJW3508,Southwest,Arizona,Chandler,Horizon Central Enterprises,Corporate,Clothing,Polo Shirt,44.99,18.0,34,1376.66,612.0,764.66,10,Emily Johnson
SO-12502,2024-03-19,2024-03-25,Wholesale,WARE-UHY1004,Southeast,West Virginia,Parkersburg,Swift Bright Group,Corporate,Electronics,Smart Monitor 27,599.99,290.0,7,4199.93,2030.0,2169.93,0,Michael Brown
SO-12503,2023-01-05,2023-01-10,Online,WARE-MCD2201,Southeast,West Virginia,Huntington,Pioneer Unity Trading,Small Business,Electronics,Desktop Computer,1499.99,890.0,4,5699.96,3560.0,2139.96,5,Michael Brown
SO-12504,2023-08-16,2023-08-22,Wholesale,WARE-PJW3508,Northeast,New Hampshire,Dover,National Atlantic Solutions,Government,Electronics,Ring Light,89.99,36.0,14,1259.86,504.0,755.86,0,Lisa Chen
SO-12505,2023-10-15,2023-10-19,Distributor,WARE-PJW3508,Southeast,Virginia,Newport News,Summit Metro Solutions,Government,Electronics,Wireless Router,199.99,85.0,11,2023.89,935.0,1088.89,8,Emily Johnson
SO-12506,2023-11-22,2023-11-26,Wholesale,WARE-MCD2201,South,South Carolina,Charleston,National Unity Solutions,Corporate,Clothing,Polo Shirt,44.99,18.0,23,951.97,414.0,537.97,8,Robert Adams
SO-12507,2023-04-15,2023-04-21,Distributor,WARE-PJW3508,Northeast,Maine,Portland,Metro Apex Solutions,Small Business,Furniture,Modular Sofa,1499.99,750.0,18,26999.82,13500.0,13499.82,0,Lisa Chen
SO-12508,2023-12-27,2024-01-01,In-Store,WARE-UHY1004,Midwest,Wisconsin,Milwaukee,Unity Swift Distributors,Corporate,Clothing,Linen Shirt,54.99,21.0,29,1403.31,609.0,794.31,12,James Carter
SO-12509,2023-11-14,2023-11-24,Online,WARE-NBV1002,Southwest,New Mexico,Santa Fe,Core Sterling Enterprises,Small Business,Office Supplies,Ergonomic Mouse,59.99,24.0,3,179.97,72.0,107.97,0,Michael Brown
SO-12510,2023-05-19,2023-05-25,Distributor,WARE-ATL5509,West,Washington,Bellevue,Atlantic Global Supply,Retail,Furniture,Hallway Table,279.99,132.0,18,4787.82,2376.0,2411.82,5,David Park
SO-12511,2022-10-07,2022-10-17,Online,WARE-PJW3508,West,Washington,Everett,Sterling Sterling Enterprises,Government,Clothing,Rain Jacket,99.99,42.0,5,499.95,210.0,289.95,0,Kevin Williams
SO-12512,2022-05-01,2022-05-06,Distributor,WARE-MCD2201,West,New Mexico,Albuquerque,National National Corp,Corporate,Electronics,Laptop Pro 13,1099.99,650.0,17,18699.83,11050.0,7649.83,0,Michael Brown
SO-12513,2022-09-08,2022-09-12,Wholesale,WARE-PJW3508,Southwest,Colorado,Colorado Springs,Central Unity Distributors,Government,Electronics,Smart Lock,249.99,115.0,5,1149.95,575.0,574.95,8,James Carter
SO-12514,2022-04-14,2022-04-19,In-Store,WARE-PJW3508,South,Texas,Fort Worth,Unity Bright Distributors,Retail,Office Supplies,Card Reader,39.99,15.0,15,509.85,225.0,284.85,15,Rachel Scott
SO-12515,2023-06-25,2023-06-28,Wholesale,WARE-PJW3508,South,Louisiana,Lafayette,Metro Pacific Commerce,Small Business,Electronics,Server Unit,4999.99,2800.0,5,24249.95,14000.0,10249.95,3,Robert Adams
SO-12516,2023-01-24,2023-01-27,Online,WARE-MCD2201,South,Florida,Fort Lauderdale,Premier Digital Solutions,Corporate,Furniture,Floor Lamp,159.99,72.0,12,1919.88,864.0,1055.88,0,James Carter
SO-12517,2022-07-22,2022-07-27,Distributor,WARE-UHY1004,South,Louisiana,Baton Rouge,Horizon Sterling Inc,Retail,Clothing,Rain Jacket,99.99,42.0,6,551.94,252.0,299.94,8,Robert Adams
SO-12518,2022-03-16,2022-03-20,In-Store,WARE-NBV1002,Midwest,Ohio,Cleveland,Atlantic Bright Inc,Retail,Office Supplies,Label Printer,179.99,82.0,11,1979.89,902.0,1077.89,0,James Carter
SO-12519,2023-08-21,2023-08-24,Online,WARE-PJW3508,West,Washington,Spokane,Apex Summit Corp,Enterprise,Clothing,Board Shorts,54.99,21.0,8,439.92,168.0,271.92,0,Robert Adams
SO-12520,2024-02-12,2024-02-19,Wholesale,WARE-NBV1002,Southwest,Alaska,Sitka,Advanced Summit Solutions,Corporate,Office Supplies,Letter Opener,14.99,5.0,12,158.28,60.0,98.28,12,David Park
SO-12521,2024-01-23,2024-01-28,Distributor,WARE-UHY1004,Northeast,Rhode Island,East Providence,Swift Advanced Solutions,Retail,Furniture,Ergonomic Chair Pro,449.99,218.0,5,2249.95,1090.0,1159.95,0,Lisa Chen
SO-12522,2023-10-19,2023-10-22,Distributor,WARE-NBV1002,Southeast,Virginia,Richmond,Advanced Core Distributors,Small Business,Office Supplies,Letter Opener,14.99,5.0,12,179.88,60.0,119.88,0,Emily Johnson
SO-12523,2022-08-24,2022-08-29,Online,WARE-PJW3508,South,Tennessee,Knoxville,Pioneer Premier Commerce,Corporate,Furniture,TV Stand,249.99,118.0,13,3152.37,1534.0,1618.37,3,Amanda Torres
SO-12524,2023-12-04,2023-12-11,Distributor,WARE-UHY1004,Midwest,Illinois,Joliet,Advanced Sterling Corp,Enterprise,Electronics,External SSD,129.99,55.0,31,3828.19,1705.0,2123.19,5,Amanda Torres
SO-12525,2024-03-08,2024-03-13,Distributor,WARE-MCD2201,West,New Mexico,Santa Fe,Bright National Inc,Enterprise,Furniture,Mesh Chair,319.99,155.0,9,2735.91,1395.0,1340.91,5,James Carter
SO-12526,2023-06-29,2023-07-09,In-Store,WARE-MCD2201,Northeast,Vermont,Burlington,Sterling Swift Trading,Enterprise,Clothing,Running Shoes,89.99,38.0,18,1490.22,684.0,806.22,8,Lisa Chen
SO-12527,2022-12-27,2023-01-02,In-Store,WARE-NBV1002,South,Arkansas,Springdale,Global Bright LLC,Corporate,Office Supplies,Calligraphy Set,39.99,15.0,21,772.59,315.0,457.59,8,Michael Brown
SO-12528,2022-12-29,2023-01-04,In-Store,WARE-UHY1004,Northeast,Maine,Lewiston,Pacific Central Inc,Enterprise,Furniture,Ergonomic Chair Pro,449.99,218.0,15,6749.85,3270.0,3479.85,0,Amanda Torres
SO-12529,2022-05-20,2022-05-26,Online,WARE-MCD2201,Northeast,Maine,Auburn,Horizon Sterling Group,Corporate,Office Supplies,Electric Stapler,49.99,19.0,12,599.88,228.0,371.88,0,Emily Johnson
SO-12530,2023-11-28,2023-12-02,Distributor,WARE-UHY1004,South,Alabama,Birmingham,Unity Unity Co,Retail,Office Supplies,Letter Opener,14.99,5.0,22,280.28,110.0,170.28,15,Kevin Williams
SO-12531,2022-04-03,2022-04-08,Distributor,WARE-PJW3508,Southeast,Maryland,Frederick,Bright Central Supply,Enterprise,Office Supplies,Stapler Heavy Duty,29.99,11.0,16,455.84,176.0,279.84,5,Rachel Scott
SO-12532,2024-01-21,2024-01-28,Online,WARE-MCD2201,Southwest,Wyoming,Rock Springs,Digital Elite Supply,Enterprise,Furniture,Lateral File Cabinet,399.99,192.0,17,6799.83,3264.0,3535.83,0,Robert Adams
SO-12533,2022-05-29,2022-06-08,Wholesale,WARE-UHY1004,West,Washington,Everett,Elite Core Group,Retail,Office Supplies,Document Scanner,299.99,145.0,9,2699.91,1305.0,1394.91,0,David Park
SO-12534,2022-02-01,2022-02-15,Distributor,WARE-NBV1002,Northeast,Maine,South Portland,Coastal Pioneer Retail,Corporate,Furniture,Floor Lamp,159.99,72.0,9,1367.91,648.0,719.91,5,Robert Adams
SO-12535,2022-01-17,2022-01-19,In-Store,WARE-NBV1002,Southeast,West Virginia,Huntington,Summit Swift Supply,Retail,Electronics,iPhone 15,999.99,620.0,12,11999.88,7440.0,4559.88,0,Michael Brown
SO-12536,2024-03-23,2024-04-06,Wholesale,WARE-PJW3508,Southwest,Wyoming,Rock Springs,Digital Central Enterprises,Small Business,Furniture,Work Bench,549.99,270.0,17,9349.83,4590.0,4759.83,0,Emily Johnson
SO-12537,2024-02-10,2024-02-17,Wholesale,WARE-ATL5509,Southeast,Virginia,Chesapeake,Elite Summit Supply,Small Business,Furniture,Modular Sofa,1499.99,750.0,8,10799.92,6000.0,4799.92,10,Rachel Scott
SO-12538,2022-05-03,2022-05-05,In-Store,WARE-NBV1002,West,Montana,Missoula,Global Horizon Enterprises,Enterprise,Electronics,Drone Camera,799.99,400.0,2,1471.98,800.0,671.98,8,Emily Johnson
SO-12539,2023-11-14,2023-11-28,Distributor,WARE-PJW3508,Southwest,Colorado,Lakewood,Elite Horizon LLC,Retail,Clothing,Running Shoes,89.99,38.0,27,2308.23,1026.0,1282.23,5,Emily Johnson
SO-12540,2023-07-28,2023-08-02,Online,WARE-ATL5509,Northeast,New York,Albany,Swift Digital Group,Enterprise,Office Supplies,Ergonomic Chair,349.99,175.0,20,6999.8,3500.0,3499.8,0,James Carter
SO-12541,2023-04-06,2023-04-09,Distributor,WARE-NBV1002,West,Montana,Missoula,Core Horizon Group,Enterprise,Office Supplies,Tape Dispenser,24.99,9.0,8,199.92,72.0,127.92,0,Kevin Williams
SO-12542,2023-01-18,2023-01-23,Online,WARE-MCD2201,Midwest,Illinois,Springfield,Swift Global Inc,Small Business,Clothing,Swimwear,49.99,19.0,1,45.99,19.0,26.99,8,Robert Adams
SO-12543,2024-02-11,2024-02-16,Distributor,WARE-ATL5509,Northeast,New Hampshire,Derry,Apex Premier Group,Retail,Electronics,AirPods Pro,249.99,135.0,4,949.96,540.0,409.96,5,James Carter
SO-12544,2023-09-28,2023-10-04,Wholesale,WARE-ATL5509,South,Tennessee,Memphis,Atlantic Digital Solutions,Corporate,Electronics,Home Theater System,1499.99,820.0,17,24224.83,13940.0,10284.83,5,Emily Johnson
SO-12545,2022-01-04,2022-01-14,Distributor,WARE-NBV1002,South,Tennessee,Nashville,Pioneer Global Corp,Small Business,Electronics,Smart Home Hub,299.99,140.0,10,2699.9,1400.0,1299.9,10,James Carter
SO-12546,2023-10-28,2023-11-02,Distributor,WARE-NBV1002,Northeast,Maine,Auburn,Pioneer Pioneer Retail,Government,Clothing,Athleisure Set,119.99,50.0,12,1295.88,600.0,695.88,10,Lisa Chen
SO-12547,2022-02-14,2022-02-20,Wholesale,WARE-ATL5509,Southeast,Kentucky,Louisville,Premier National Trading,Enterprise,Furniture,Office Chair,299.99,145.0,10,2699.9,1450.0,1249.9,10,David Park
SO-12548,2022-04-17,2022-04-27,In-Store,WARE-ATL5509,South,Arkansas,Fort Smith,Summit Metro Co,Enterprise,Clothing,Fleece Hoodie,74.99,30.0,18,1282.32,540.0,742.32,5,Lisa Chen
SO-12549,2023-05-14,2023-05-18,Distributor,WARE-NBV1002,Northeast,New Jersey,Elizabeth,Sterling Core Group,Retail,Office Supplies,Label Printer,179.99,82.0,13,2269.67,1066.0,1203.67,3,David Park
SO-12550,2023-11-27,2023-12-02,Distributor,WARE-ATL5509,West,Arizona,Phoenix,Swift Pioneer Enterprises,Corporate,Clothing,Linen Pants,64.99,26.0,29,1790.46,754.0,1036.46,5,Sarah Mitchell
SO-12551,2022-06-04,2022-06-08,In-Store,WARE-ATL5509,Northeast,Vermont,Barre,Unity Digital Distributors,Retail,Clothing,Board Shorts,54.99,21.0,15,824.85,315.0,509.85,0,Kevin Williams
SO-12552,2022-02-23,2022-03-05,Wholesale,WARE-PJW3508,Southeast,Maryland,Frederick,Bright Elite LLC,Enterprise,Clothing,Athleisure Set,119.99,50.0,3,341.97,150.0,191.97,5,Rachel Scott
SO-12553,2023-07-14,2023-07-18,In-Store,WARE-MCD2201,Southeast,Virginia,Chesapeake,Sterling Metro Enterprises,Enterprise,Office Supplies,Tape Dispenser,24.99,9.0,2,49.98,18.0,31.98,0,Sarah Mitchell
SO-12554,2024-03-16,2024-03-30,In-Store,WARE-MCD2201,Southeast,Kentucky,Owensboro,Summit Metro Group,Small Business,Furniture,Bookshelf,249.99,110.0,6,1274.94,660.0,614.94,15,Lisa Chen
SO-12555,2023-05-11,2023-05-25,Distributor,WARE-MCD2201,West,Washington,Spokane,National Global Inc,Government,Furniture,Bookshelf,249.99,110.0,6,1499.94,660.0,839.94,0,Rachel Scott
SO-12556,2022-05-26,2022-05-30,Online,WARE-PJW3508,Midwest,Nebraska,Omaha,Coastal Global Inc,Retail,Furniture,Lounge Chair,399.99,195.0,10,3679.9,1950.0,1729.9,8,Kevin Williams
SO-12557,2022-07-30,2022-08-03,Wholesale,WARE-PJW3508,South,Mississippi,Meridian,Pacific National Retail,Small Business,Electronics,Portable Projector,499.99,245.0,2,949.98,490.0,459.98,5,Robert Adams
SO-12558,2023-07-03,2023-07-09,Wholesale,WARE-NBV1002,Southeast,Delaware,Newark,Digital Digital Inc,Retail,Clothing,Suit Set,299.99,135.0,10,2549.9,1350.0,1199.9,15,James Carter
SO-12559,2022-10-12,2022-10-16,Online,WARE-MCD2201,Northeast,Maine,Bangor,Metro Metro Co,Enterprise,Clothing,Summer Dress,79.99,30.0,8,575.92,240.0,335.92,10,Michael Brown
SO-12560,2023-11-08,2023-11-12,Distributor,WARE-MCD2201,South,Mississippi,Meridian,Central Premier LLC,Retail,Clothing,Polo Shirt,44.99,18.0,27,1093.23,486.0,607.23,10,Michael Brown
SO-12561,2023-03-24,2023-03-27,Wholesale,WARE-PJW3508,Northeast,Rhode Island,Warwick,Sterling Swift Supply,Corporate,Furniture,Partition Wall,349.99,168.0,14,4899.86,2352.0,2547.86,0,Michael Brown
SO-12562,2023-10-05,2023-10-09,In-Store,WARE-MCD2201,South,Arkansas,Jonesboro,Unity Unity Enterprises,Small Business,Furniture,Lounge Chair,399.99,195.0,3,1019.97,585.0,434.97,15,Michael Brown
SO-12563,2022-07-29,2022-08-03,Distributor,WARE-ATL5509,Southwest,Nevada,Las Vegas,Unity Premier LLC,Corporate,Office Supplies,Document Scanner,299.99,145.0,9,2294.91,1305.0,989.91,15,James Carter
SO-12564,2023-12-14,2023-12-18,Wholesale,WARE-MCD2201,West,Washington,Spokane,Unity Advanced Solutions,Retail,Office Supplies,Ergonomic Mouse,59.99,24.0,3,170.97,72.0,98.97,5,Sarah Mitchell
SO-12565,2023-12-14,2023-12-19,In-Store,WARE-ATL5509,Midwest,Wisconsin,Milwaukee,Pioneer Central Commerce,Corporate,Clothing,Board Shorts,54.99,21.0,27,1410.48,567.0,843.48,5,Sarah Mitchell
SO-12566,2023-02-15,2023-02-25,Wholesale,WARE-MCD2201,West,Arizona,Mesa,Coastal Apex Enterprises,Retail,Clothing,Board Shorts,54.99,21.0,16,791.84,336.0,455.84,10,Michael Brown
SO-12567,2022-01-09,2022-01-15,Distributor,WARE-PJW3508,West,Utah,Salt Lake City,Summit Bright Trading,Enterprise,Furniture,Glass Desk,799.99,400.0,17,12919.83,6800.0,6119.83,5,Robert Adams
SO-12568,2023-08-10,2023-08-15,Wholesale,WARE-UHY1004,Northeast,Maine,Bangor,Unity Summit Distributors,Retail,Electronics,Server Unit,4999.99,2800.0,21,94499.79,58800.0,35699.79,10,Lisa Chen
SO-12569,2023-03-18,2023-03-24,In-Store,WARE-ATL5509,Midwest,Wisconsin,Madison,Apex Metro Trading,Government,Office Supplies,Ergonomic Chair,349.99,175.0,3,923.97,525.0,398.97,12,Amanda Torres
SO-12570,2022-10-10,2022-10-13,Wholesale,WARE-UHY1004,Southwest,Utah,Orem,Summit Sterling Trading,Government,Clothing,Swimwear,49.99,19.0,2,89.98,38.0,51.98,10,James Carter
SO-12571,2022-02-26,2022-03-01,Online,WARE-NBV1002,South,Georgia,Atlanta,Bright National Group,Corporate,Furniture,Lounge Chair,399.99,195.0,7,2715.93,1365.0,1350.93,3,Sarah Mitchell
SO-12572,2022-09-15,2022-09-20,Distributor,WARE-UHY1004,Southeast,Maryland,Baltimore,Unity Horizon Solutions,Enterprise,Clothing,Turtleneck,59.99,24.0,17,968.83,408.0,560.83,5,Lisa Chen
SO-12573,2022-03-18,2022-03-22,Wholesale,WARE-ATL5509,South,South Carolina,Spartanburg,Digital Advanced Solutions,Small Business,Electronics,VR Headset,599.99,280.0,9,4589.91,2520.0,2069.91,15,Lisa Chen
SO-12574,2023-05-29,2023-06-04,Wholesale,WARE-MCD2201,Northeast,Maine,Auburn,National Pioneer Solutions,Government,Office Supplies,Ink Tank Printer,399.99,195.0,15,5999.85,2925.0,3074.85,0,David Park
SO-12575,2024-02-02,2024-02-07,In-Store,WARE-PJW3508,South,Tennessee,Clarksville,Pacific Digital Retail,Retail,Furniture,Floor Lamp,159.99,72.0,18,2735.82,1296.0,1439.82,5,James Carter
SO-12576,2023-03-19,2023-03-23,Wholesale,WARE-MCD2201,Southwest,Arizona,Scottsdale,Core Sterling Retail,Small Business,Electronics,Webcam HD,99.99,42.0,5,459.95,210.0,249.95,8,Rachel Scott
SO-12577,2023-03-18,2023-03-25,In-Store,WARE-MCD2201,South,Mississippi,Meridian,Horizon Bright Enterprises,Retail,Furniture,Glass Desk,799.99,400.0,17,13599.83,6800.0,6799.83,0,Rachel Scott
SO-12578,2023-11-02,2023-11-09,In-Store,WARE-NBV1002,Southwest,New Mexico,Albuquerque,Metro Core Solutions,Small Business,Electronics,Smart Monitor 27,599.99,290.0,34,17339.66,9860.0,7479.66,15,Kevin Williams
SO-12579,2022-05-08,2022-05-14,Wholesale,WARE-UHY1004,Southwest,Hawaii,Hilo,Metro Advanced Solutions,Enterprise,Electronics,Smart Monitor 27,599.99,290.0,12,6119.88,3480.0,2639.88,15,Michael Brown
SO-12580,2023-02-05,2023-02-10,Distributor,WARE-NBV1002,West,Oregon,Salem,National Core Group,Government,Electronics,iPhone 15 Pro,1199.99,780.0,11,12803.89,8580.0,4223.89,3,Robert Adams
SO-12581,2022-11-27,2022-12-03,Online,WARE-MCD2201,Midwest,Minnesota,Saint Paul,Advanced Global Group,Enterprise,Clothing,Casual Pants,69.99,28.0,18,1259.82,504.0,755.82,0,Lisa Chen
SO-12582,2023-11-20,2023-11-27,Distributor,WARE-UHY1004,Southeast,Kentucky,Covington,Summit Sterling Commerce,Enterprise,Furniture,Executive Desk,1199.99,620.0,20,23999.8,12400.0,11599.8,0,James Carter
SO-12583,2023-09-07,2023-09-13,Wholesale,WARE-NBV1002,West,Arizona,Mesa,Premier Unity Inc,Small Business,Electronics,Webcam HD,99.99,42.0,7,678.93,294.0,384.93,3,Michael Brown
SO-12584,2022-01-25,2022-01-30,Distributor,WARE-UHY1004,Midwest,Illinois,Rockford,Swift Premier Group,Small Business,Office Supplies,Paper Shredder,129.99,62.0,1,129.99,62.0,67.99,0,Amanda Torres
SO-12585,2022-12-18,2022-12-23,Distributor,WARE-MCD2201,West,Colorado,Fort Collins,Digital Summit Enterprises,Small Business,Clothing,Turtleneck,59.99,24.0,19,1139.81,456.0,683.81,0,Lisa Chen
SO-12586,2023-04-25,2023-04-29,Distributor,WARE-UHY1004,Midwest,Wisconsin,Racine,Central Central LLC,Government,Electronics,Server Unit,4999.99,2800.0,4,18399.96,11200.0,7199.96,8,Emily Johnson
SO-12587,2023-04-19,2023-04-26,Online,WARE-UHY1004,Southeast,District of Columbia,Washington,Apex Metro Retail,Enterprise,Furniture,Work Bench,549.99,270.0,2,1099.98,540.0,559.98,0,Emily Johnson
SO-12588,2022-06-11,2022-06-17,In-Store,WARE-PJW3508,Southwest,Utah,Orem,Core Pioneer Commerce,Retail,Electronics,Smart Home Hub,299.99,140.0,17,4487.83,2380.0,2107.83,12,Amanda Torres
SO-12589,2023-09-10,2023-09-14,Wholesale,WARE-PJW3508,South,Tennessee,Clarksville,Core Atlantic Corp,Government,Electronics,Smart Monitor 27,599.99,290.0,2,1199.98,580.0,619.98,0,Emily Johnson
SO-12590,2023-11-15,2023-11-25,In-Store,WARE-UHY1004,Southeast,District of Columbia,Washington,Pacific Pacific Trading,Corporate,Furniture,Lateral File Cabinet,399.99,192.0,8,3199.92,1536.0,1663.92,0,David Park
SO-12591,2022-01-04,2022-01-11,Wholesale,WARE-PJW3508,Southwest,Wyoming,Rock Springs,Coastal Advanced Group,Enterprise,Electronics,MacBook Air,1499.99,950.0,9,13094.91,8550.0,4544.91,3,Michael Brown
SO-12592,2022-04-06,2022-04-09,In-Store,WARE-UHY1004,South,Georgia,Athens,Metro Digital Retail,Retail,Clothing,Running Shoes,89.99,38.0,9,809.91,342.0,467.91,0,David Park
SO-12593,2023-06-05,2023-06-12,Wholesale,WARE-NBV1002,Southwest,Utah,Provo,Digital Swift Solutions,Corporate,Office Supplies,Tape Dispenser,24.99,9.0,3,65.97,27.0,38.97,12,Rachel Scott
SO-12594,2022-02-10,2022-02-12,In-Store,WARE-PJW3508,South,Tennessee,Clarksville,Metro Central Group,Government,Furniture,Modular Sofa,1499.99,750.0,1,1499.99,750.0,749.99,0,David Park
SO-12595,2023-02-17,2023-02-22,Distributor,WARE-MCD2201,Southwest,Hawaii,Kapolei,Horizon Premier Commerce,Corporate,Furniture,Mesh Chair,319.99,155.0,12,3839.88,1860.0,1979.88,0,Emily Johnson
SO-12596,2022-07-08,2022-07-15,Online,WARE-PJW3508,Midwest,Wisconsin,Kenosha,Central Unity Co,Enterprise,Office Supplies,Whiteboard,159.99,72.0,11,1671.89,792.0,879.89,5,David Park
SO-12597,2022-11-17,2022-11-21,Wholesale,WARE-MCD2201,Southwest,Utah,Provo,Unity Apex LLC,Government,Electronics,Smart Lock,249.99,115.0,34,8499.66,3910.0,4589.66,0,David Park
SO-12598,2024-03-19,2024-03-21,Distributor,WARE-UHY1004,Midwest,Nebraska,Bellevue,National Digital Supply,Small Business,Clothing,Fleece Hoodie,74.99,30.0,14,1018.36,420.0,598.36,3,Rachel Scott
SO-12599,2022-05-24,2022-05-26,Online,WARE-PJW3508,West,Arizona,Scottsdale,Premier Summit Solutions,Enterprise,Furniture,Accent Table,199.99,92.0,3,599.97,276.0,323.97,0,Lisa Chen
SO-12600,2023-10-19,2023-10-23,Online,WARE-PJW3508,West,Montana,Great Falls,Central Metro Co,Small Business,Office Supplies,Tape Dispenser,24.99,9.0,5,114.95,45.0,69.95,8,David Park
SO-12601,2023-04-29,2023-05-04,In-Store,WARE-NBV1002,Midwest,Minnesota,Minneapolis,Horizon Summit Corp,Corporate,Office Supplies,Copier Machine,1299.99,680.0,2,2521.98,1360.0,1161.98,3,Rachel Scott
SO-12602,2022-07-14,2022-07-18,Distributor,WARE-ATL5509,South,Alabama,Huntsville,Apex Metro LLC,Retail,Furniture,Hallway Table,279.99,132.0,21,4997.79,2772.0,2225.79,15,Robert Adams
SO-12603,2023-11-25,2023-11-29,In-Store,WARE-PJW3508,Southeast,Maryland,Baltimore,Swift Digital Commerce,Retail,Clothing,Holiday Sweater,69.99,28.0,24,1679.76,672.0,1007.76,0,David Park
SO-12604,2023-06-02,2023-06-06,Distributor,WARE-ATL5509,West,Montana,Billings,Central Coastal Trading,Small Business,Electronics,Smart Thermostat,249.99,115.0,6,1379.94,690.0,689.94,8,David Park
SO-12605,2023-06-15,2023-06-20,Distributor,WARE-ATL5509,Southwest,New Mexico,Roswell,Global Unity Solutions,Small Business,Furniture,Modular Sofa,1499.99,750.0,15,21374.85,11250.0,10124.85,5,Lisa Chen
SO-12606,2023-01-22,2023-01-27,Wholesale,WARE-UHY1004,Southwest,Alaska,Fairbanks,Elite Summit Solutions,Retail,Clothing,Chinos,74.99,30.0,13,974.87,390.0,584.87,0,Emily Johnson
SO-12607,2022-02-26,2022-03-03,Distributor,WARE-MCD2201,Southwest,Colorado,Fort Collins,National Advanced Retail,Retail,Office Supplies,Desk Organizer,29.99,11.0,9,261.81,99.0,162.81,3,David Park
SO-12608,2023-09-06,2023-09-09,In-Store,WARE-ATL5509,Northeast,New York,Albany,Coastal Unity Trading,Government,Electronics,Smart TV 55,799.99,400.0,13,10399.87,5200.0,5199.87,0,David Park
SO-12609,2022-09-14,2022-09-21,Wholesale,WARE-ATL5509,Southwest,Hawaii,Kaneohe,Core Apex LLC,Enterprise,Office Supplies,Flip Chart,69.99,29.0,9,611.01,261.0,350.01,3,David Park
SO-12610,2023-07-29,2023-08-02,Online,WARE-NBV1002,Northeast,Pennsylvania,Allentown,Atlantic Swift Group,Retail,Furniture,Conference Table,999.99,520.0,19,18429.81,9880.0,8549.81,3,Rachel Scott
SO-12611,2023-08-23,2023-08-30,In-Store,WARE-ATL5509,Southwest,Utah,Provo,Horizon Horizon Distributors,Government,Clothing,Holiday Sweater,69.99,28.0,4,271.56,112.0,159.56,3,James Carter
SO-12612,2023-01-30,2023-02-02,In-Store,WARE-UHY1004,Northeast,Connecticut,New Haven,Premier Global Inc,Government,Electronics,Surface Laptop,1399.99,870.0,7,9309.93,6090.0,3219.93,5,Sarah Mitchell
SO-12613,2022-09-06,2022-09-12,In-Store,WARE-NBV1002,Midwest,Michigan,Grand Rapids,Pacific Sterling Inc,Small Business,Electronics,Smart Watch,399.99,180.0,13,5043.87,2340.0,2703.87,3,Amanda Torres
SO-12614,2023-09-02,2023-09-07,Distributor,WARE-ATL5509,Northeast,Connecticut,New Haven,Atlantic Premier Distributors,Corporate,Electronics,Wi-Fi Mesh System,399.99,190.0,14,5599.86,2660.0,2939.86,0,Emily Johnson
SO-12615,2023-08-13,2023-08-15,Online,WARE-MCD2201,Northeast,Maine,South Portland,Atlantic Bright Retail,Retail,Furniture,Bookshelf,249.99,110.0,2,499.98,220.0,279.98,0,Lisa Chen
SO-12616,2022-09-02,2022-09-16,Online,WARE-PJW3508,South,Georgia,Augusta,Horizon Atlantic Solutions,Enterprise,Furniture,Partition Wall,349.99,168.0,9,2771.91,1512.0,1259.91,12,Amanda Torres
SO-12617,2023-04-22,2023-04-29,Wholesale,WARE-UHY1004,Midwest,Missouri,Independence,Digital Global Corp,Government,Electronics,iPhone 15,999.99,620.0,2,1759.98,1240.0,519.98,12,Robert Adams
SO-12618,2022-09-01,2022-09-03,Online,WARE-UHY1004,Northeast,New Jersey,Newark,Elite Sterling Retail,Small Business,Electronics,Portable Charger,79.99,34.0,17,1196.63,578.0,618.63,12,Robert Adams
SO-12619,2023-09-07,2023-09-11,Distributor,WARE-UHY1004,Northeast,Vermont,Burlington,Swift National Corp,Retail,Electronics,4K Camera,1199.99,600.0,7,8399.93,4200.0,4199.93,0,David Park
SO-12620,2022-04-01,2022-04-04,Distributor,WARE-UHY1004,South,Alabama,Huntsville,Digital Bright Solutions,Government,Electronics,AirPods Pro,249.99,135.0,8,1839.92,1080.0,759.92,8,Emily Johnson
SO-12621,2024-02-07,2024-02-12,Wholesale,WARE-ATL5509,South,Mississippi,Hattiesburg,Atlantic Atlantic Trading,Retail,Electronics,iPhone 15 Pro,1199.99,780.0,3,3167.97,2340.0,827.97,12,Robert Adams
SO-12622,2022-12-08,2022-12-13,In-Store,WARE-NBV1002,Southeast,North Carolina,Raleigh,Premier Central Enterprises,Small Business,Furniture,Corner Desk,699.99,345.0,15,9974.85,5175.0,4799.85,5,Robert Adams
SO-12623,2022-12-13,2022-12-19,In-Store,WARE-NBV1002,Northeast,New Jersey,Newark,Sterling Global Solutions,Government,Clothing,Swimwear,49.99,19.0,16,799.84,304.0,495.84,0,Kevin Williams
SO-12624,2023-04-04,2023-04-10,Distributor,WARE-UHY1004,Midwest,Ohio,Columbus,Unity Advanced Commerce,Government,Furniture,Standing Desk,699.99,350.0,11,7699.89,3850.0,3849.89,0,Michael Brown
SO-12625,2024-03-11,2024-03-16,Online,WARE-NBV1002,West,New Mexico,Santa Fe,Digital Core Enterprises,Government,Electronics,Gaming Console,499.99,250.0,16,7359.84,4000.0,3359.84,8,Emily Johnson
SO-12626,2022-10-29,2022-11-02,Online,WARE-NBV1002,Northeast,Maine,South Portland,National Pioneer Solutions,Retail,Furniture,Hallway Table,279.99,132.0,2,492.78,264.0,228.78,12,Robert Adams
SO-12627,2024-01-13,2024-01-18,In-Store,WARE-UHY1004,West,Oregon,Gresham,Global Atlantic Supply,Corporate,Clothing,Sports Jacket,109.99,46.0,5,467.45,230.0,237.45,15,Lisa Chen
SO-12628,2022-09-19,2022-09-24,Online,WARE-ATL5509,Northeast,Massachusetts,Worcester,Coastal Swift Inc,Government,Electronics,Smart Watch,399.99,180.0,1,387.99,180.0,207.99,3,James Carter
SO-12629,2023-02-15,2023-02-18,Online,WARE-MCD2201,Midwest,Illinois,Springfield,Advanced Horizon LLC,Corporate,Furniture,Conference Table,999.99,520.0,11,9899.89,5720.0,4179.89,10,David Park
SO-12630,2023-03-23,2023-03-28,Online,WARE-MCD2201,Midwest,Kansas,Kansas City,Pacific Premier Co,Government,Clothing,Running Shoes,89.99,38.0,17,1483.93,646.0,837.93,3,James Carter
SO-12631,2023-07-10,2023-07-13,Distributor,WARE-MCD2201,Midwest,Wisconsin,Racine,Atlantic Atlantic Co,Retail,Electronics,Gaming PC,2499.99,1450.0,18,44999.82,26100.0,18899.82,0,David Park
SO-12632,2022-12-13,2022-12-17,Online,WARE-ATL5509,West,New Mexico,Santa Fe,Global Atlantic Enterprises,Small Business,Electronics,External SSD,129.99,55.0,11,1315.49,605.0,710.49,8,Sarah Mitchell
SO-12633,2023-05-10,2023-05-16,In-Store,WARE-ATL5509,West,Utah,Provo,Summit Summit Retail,Corporate,Furniture,Executive Desk,1199.99,620.0,15,17999.85,9300.0,8699.85,0,Michael Brown
SO-12634,2023-06-01,2023-06-06,In-Store,WARE-NBV1002,Southwest,Wyoming,Casper,Pioneer Elite Supply,Government,Furniture,Lateral File Cabinet,399.99,192.0,7,2799.93,1344.0,1455.93,0,Lisa Chen
SO-12635,2023-08-01,2023-08-06,In-Store,WARE-MCD2201,Southwest,Nevada,Sparks,Apex Unity Enterprises,Small Business,Furniture,Partition Wall,349.99,168.0,19,6450.31,3192.0,3258.31,3,Rachel Scott
SO-12636,2023-04-29,2023-05-03,Wholesale,WARE-MCD2201,Southeast,Virginia,Norfolk,Global Core Group,Small Business,Furniture,Floor Lamp,159.99,72.0,1,151.99,72.0,79.99,5,Rachel Scott
SO-12637,2022-10-20,2022-10-23,In-Store,WARE-PJW3508,Southeast,Maryland,Gaithersburg,National Bright Commerce,Retail,Furniture,Laptop Cart,299.99,145.0,9,2429.91,1305.0,1124.91,10,Lisa Chen
SO-12638,2024-01-21,2024-01-26,Wholesale,WARE-UHY1004,South,Tennessee,Clarksville,Coastal Premier Corp,Enterprise,Electronics,Wi-Fi Mesh System,399.99,190.0,18,6479.82,3420.0,3059.82,10,Emily Johnson
SO-12639,2022-06-11,2022-06-18,Distributor,WARE-NBV1002,South,Louisiana,New Orleans,Central Elite Group,Corporate,Clothing,Board Shorts,54.99,21.0,3,151.77,63.0,88.77,8,Michael Brown
SO-12640,2023-12-08,2023-12-12,Wholesale,WARE-UHY1004,Southwest,Nevada,Las Vegas,Premier Central Group,Government,Furniture,Bookshelf,249.99,110.0,15,3562.35,1650.0,1912.35,5,Kevin Williams
SO-12641,2023-04-16,2023-04-20,Online,WARE-PJW3508,West,Oregon,Salem,Apex Apex Supply,Small Business,Office Supplies,Laminator,89.99,40.0,2,170.98,80.0,90.98,5,Michael Brown
SO-12642,2023-04-24,2023-04-28,Distributor,WARE-MCD2201,Midwest,Michigan,Detroit,Advanced Sterling Distributors,Enterprise,Electronics,iPhone 15 Pro,1199.99,780.0,11,11219.89,8580.0,2639.89,15,Robert Adams
SO-12643,2023-10-03,2023-10-08,In-Store,WARE-ATL5509,Northeast,New Hampshire,Dover,Atlantic Apex LLC,Corporate,Furniture,Work Bench,549.99,270.0,10,4839.9,2700.0,2139.9,12,Sarah Mitchell
SO-12644,2023-11-08,2023-11-12,In-Store,WARE-PJW3508,West,Arizona,Chandler,Core Unity Enterprises,Retail,Office Supplies,Flip Chart,69.99,29.0,27,1606.23,783.0,823.23,15,Emily Johnson
SO-12645,2024-02-23,2024-02-28,Online,WARE-PJW3508,Midwest,Minnesota,Bloomington,Metro Digital Solutions,Enterprise,Clothing,Turtleneck,59.99,24.0,4,239.96,96.0,143.96,0,Sarah Mitchell
SO-12646,2022-07-01,2022-07-03,Distributor,WARE-UHY1004,Southeast,Virginia,Chesapeake,Swift Premier Co,Corporate,Clothing,Running Shoes,89.99,38.0,9,728.91,342.0,386.91,10,James Carter
SO-12647,2022-11-04,2022-11-10,In-Store,WARE-NBV1002,Southwest,Arizona,Tucson,Coastal Premier Co,Corporate,Furniture,Bookshelf,249.99,110.0,18,3959.82,1980.0,1979.82,12,Michael Brown
SO-12648,2024-01-25,2024-01-28,Wholesale,WARE-UHY1004,Southwest,Alaska,Anchorage,Coastal Core Retail,Retail,Clothing,Holiday Sweater,69.99,28.0,13,909.87,364.0,545.87,0,Michael Brown
SO-12649,2023-05-18,2023-05-23,Wholesale,WARE-NBV1002,Southeast,North Carolina,Raleigh,Central Pacific Co,Enterprise,Electronics,USB Microphone,179.99,78.0,2,359.98,156.0,203.98,0,Rachel Scott
SO-12650,2022-01-03,2022-01-09,Online,WARE-PJW3508,Northeast,Massachusetts,Boston,Pacific Central Inc,Corporate,Office Supplies,Binding Machine,149.99,68.0,5,727.45,340.0,387.45,3,Robert Adams
SO-12651,2022-08-21,2022-08-24,Online,WARE-PJW3508,West,Oregon,Hillsboro,Metro Swift Trading,Government,Clothing,Linen Shirt,54.99,21.0,22,1209.78,462.0,747.78,0,Kevin Williams
SO-12652,2023-09-26,2023-10-02,Distributor,WARE-UHY1004,Midwest,Michigan,Warren,Core Digital Commerce,Corporate,Electronics,Smart Lock,249.99,115.0,13,2762.37,1495.0,1267.37,15,James Carter
SO-12653,2022-10-04,2022-10-08,In-Store,WARE-UHY1004,Southwest,Arizona,Mesa,Horizon National Enterprises,Government,Electronics,Desktop Computer,1499.99,890.0,5,7499.95,4450.0,3049.95,0,David Park
SO-12654,2023-06-16,2023-06-22,Wholesale,WARE-MCD2201,Northeast,Rhode Island,East Providence,Advanced Digital Solutions,Small Business,Furniture,Work Bench,549.99,270.0,12,5609.88,3240.0,2369.88,15,Amanda Torres
SO-12655,2022-12-15,2022-12-20,In-Store,WARE-MCD2201,Southwest,Nevada,Sparks,Horizon Core Retail,Retail,Office Supplies,Ergonomic Chair,349.99,175.0,23,6842.27,4025.0,2817.27,15,David Park
SO-12656,2023-01-13,2023-01-19,Distributor,WARE-UHY1004,Northeast,Maine,Bangor,Atlantic Pioneer Inc,Government,Electronics,MacBook Air,1499.99,950.0,7,9239.93,6650.0,2589.93,12,James Carter
SO-12657,2023-06-28,2023-07-04,Online,WARE-ATL5509,South,Alabama,Mobile,Core Coastal Trading,Retail,Electronics,Smart Monitor 27,599.99,290.0,13,7175.87,3770.0,3405.87,8,Emily Johnson
SO-12658,2023-05-13,2023-05-20,Distributor,WARE-UHY1004,Midwest,Wisconsin,Kenosha,Pacific Metro LLC,Retail,Clothing,Business Casual Shirt,59.99,22.0,11,659.89,242.0,417.89,0,Robert Adams
SO-12659,2022-10-20,2022-10-25,Distributor,WARE-NBV1002,Southwest,Nevada,North Las Vegas,Advanced Apex Distributors,Government,Furniture,Accent Table,199.99,92.0,4,799.96,368.0,431.96,0,Lisa Chen
SO-12660,2023-01-18,2023-01-22,Distributor,WARE-NBV1002,Southeast,District of Columbia,Washington,National Horizon Enterprises,Retail,Furniture,Bookshelf,249.99,110.0,8,1899.92,880.0,1019.92,5,David Park
SO-12661,2023-05-13,2023-05-18,In-Store,WARE-UHY1004,Southwest,Wyoming,Laramie,Summit Pioneer LLC,Enterprise,Clothing,Sports Jacket,109.99,46.0,9,940.41,414.0,526.41,5,Kevin Williams
SO-12662,2023-11-07,2023-11-14,In-Store,WARE-ATL5509,Midwest,Missouri,Columbia,Premier Horizon Distributors,Enterprise,Electronics,iPad Pro,1099.99,680.0,34,37399.66,23120.0,14279.66,0,Rachel Scott
SO-12663,2024-03-16,2024-03-21,In-Store,WARE-NBV1002,Southwest,Alaska,Juneau,Bright Core Inc,Small Business,Office Supplies,Filing Cabinet,199.99,95.0,13,2209.87,1235.0,974.87,15,Kevin Williams
SO-12664,2022-03-02,2022-03-06,Online,WARE-UHY1004,Midwest,Wisconsin,Milwaukee,Pioneer Bright Supply,Enterprise,Clothing,Business Casual Shirt,59.99,22.0,18,1079.82,396.0,683.82,0,Robert Adams
SO-12665,2022-08-15,2022-08-19,In-Store,WARE-PJW3508,West,Montana,Great Falls,Core Horizon Trading,Small Business,Clothing,Fleece Hoodie,74.99,30.0,19,1382.06,570.0,812.06,3,Rachel Scott
SO-12666,2024-01-11,2024-01-17,Distributor,WARE-UHY1004,Midwest,Missouri,Kansas City,Advanced Metro Commerce,Corporate,Furniture,Glass Desk,799.99,400.0,14,11199.86,5600.0,5599.86,0,David Park
SO-12667,2022-03-12,2022-03-17,In-Store,WARE-ATL5509,South,Tennessee,Knoxville,Horizon Elite Enterprises,Small Business,Clothing,Polo Shirt,44.99,18.0,17,673.03,306.0,367.03,12,David Park
SO-12668,2023-06-04,2023-06-08,Wholesale,WARE-NBV1002,Midwest,Nebraska,Lincoln,Pacific Horizon LLC,Small Business,Office Supplies,Wireless Keyboard,89.99,38.0,3,229.47,114.0,115.47,15,Emily Johnson
SO-12669,2022-10-16,2022-10-21,Wholesale,WARE-NBV1002,Southwest,Utah,Salt Lake City,National Central Retail,Small Business,Furniture,Mesh Chair,319.99,155.0,3,911.97,465.0,446.97,5,James Carter
SO-12670,2023-07-21,2023-07-23,In-Store,WARE-MCD2201,Southwest,Utah,Salt Lake City,Pacific Metro Distributors,Retail,Office Supplies,Desk Organizer,29.99,11.0,19,569.81,209.0,360.81,0,David Park
SO-12671,2023-03-03,2023-03-09,Distributor,WARE-PJW3508,West,New Mexico,Santa Fe,Coastal Sterling Solutions,Enterprise,Clothing,Sports Jacket,109.99,46.0,11,1088.89,506.0,582.89,10,Rachel Scott
SO-12672,2022-12-05,2022-12-09,Wholesale,WARE-ATL5509,Northeast,Pennsylvania,Allentown,Atlantic Metro Corp,Small Business,Electronics,Portable Charger,79.99,34.0,19,1519.81,646.0,873.81,0,Rachel Scott
SO-12673,2023-07-05,2023-07-11,Online,WARE-UHY1004,Midwest,Indiana,Fort Wayne,Elite National Group,Enterprise,Office Supplies,Printer Cartridges,89.99,32.0,21,1889.79,672.0,1217.79,0,Sarah Mitchell
SO-12674,2024-03-15,2024-03-20,Wholesale,WARE-UHY1004,Midwest,Kansas,Kansas City,Coastal Advanced Inc,Retail,Furniture,Adjustable Monitor Stand,129.99,58.0,1,129.99,58.0,71.99,0,James Carter
SO-12675,2023-10-10,2023-10-16,Wholesale,WARE-UHY1004,West,New Mexico,Rio Rancho,Sterling Unity Enterprises,Corporate,Electronics,Home Theater System,1499.99,820.0,4,5699.96,3280.0,2419.96,5,David Park
SO-12676,2022-05-20,2022-05-26,In-Store,WARE-ATL5509,Midwest,Kansas,Overland Park,Digital National Inc,Enterprise,Furniture,Hallway Table,279.99,132.0,15,3569.85,1980.0,1589.85,15,James Carter
SO-12677,2022-12-20,2022-12-26,In-Store,WARE-MCD2201,West,Montana,Great Falls,National Apex Commerce,Retail,Clothing,Chinos,74.99,30.0,13,974.87,390.0,584.87,0,Sarah Mitchell
SO-12678,2022-09-28,2022-10-12,Distributor,WARE-ATL5509,South,Alabama,Tuscaloosa,Core Pacific Distributors,Enterprise,Office Supplies,Calligraphy Set,39.99,15.0,17,598.23,255.0,343.23,12,Sarah Mitchell
SO-12679,2023-12-25,2023-12-29,Distributor,WARE-PJW3508,West,Nevada,Sparks,Sterling Sterling Trading,Small Business,Electronics,Webcam HD,99.99,42.0,20,1839.8,840.0,999.8,8,Emily Johnson
SO-12680,2023-01-15,2023-01-19,Distributor,WARE-PJW3508,Southeast,North Carolina,Charlotte,Unity Coastal Enterprises,Enterprise,Furniture,Executive Desk,1199.99,620.0,6,7199.94,3720.0,3479.94,0,Amanda Torres
SO-12681,2023-09-06,2023-09-12,Online,WARE-ATL5509,Northeast,Massachusetts,Lowell,Sterling Coastal Enterprises,Small Business,Clothing,Athleisure Set,119.99,50.0,12,1439.88,600.0,839.88,0,David Park
SO-12682,2022-05-12,2022-05-18,Wholesale,WARE-NBV1002,West,Oregon,Eugene,Sterling Pacific Enterprises,Retail,Electronics,Webcam HD,99.99,42.0,17,1699.83,714.0,985.83,0,Emily Johnson
SO-12683,2023-02-28,2023-03-04,In-Store,WARE-NBV1002,Midwest,Missouri,Kansas City,Global Horizon Distributors,Retail,Office Supplies,Label Printer,179.99,82.0,4,683.96,328.0,355.96,5,Michael Brown
SO-12684,2022-12-20,2022-12-26,Wholesale,WARE-MCD2201,Midwest,Iowa,Davenport,Elite Summit Commerce,Government,Office Supplies,Desk Organizer,29.99,11.0,21,554.19,231.0,323.19,12,Lisa Chen
SO-12685,2023-06-18,2023-06-21,Distributor,WARE-PJW3508,Northeast,Rhode Island,Providence,Digital Atlantic Supply,Retail,Clothing,Velvet Blazer,179.99,80.0,18,3077.82,1440.0,1637.82,5,David Park
SO-12686,2023-08-03,2023-08-08,Online,WARE-PJW3508,Northeast,Vermont,Barre,Coastal Advanced Trading,Government,Furniture,Conference Table,999.99,520.0,9,8729.91,4680.0,4049.91,3,Lisa Chen
SO-12687,2022-08-13,2022-08-18,Distributor,WARE-PJW3508,Midwest,Ohio,Toledo,Elite Premier Corp,Corporate,Electronics,Surface Laptop,1399.99,870.0,8,10303.92,6960.0,3343.92,8,Kevin Williams
SO-12688,2023-08-31,2023-09-03,Distributor,WARE-ATL5509,South,Alabama,Mobile,Central Bright Enterprises,Retail,Clothing,Polo Shirt,44.99,18.0,6,269.94,108.0,161.94,0,Rachel Scott
SO-12689,2024-02-11,2024-02-17,Wholesale,WARE-UHY1004,West,Idaho,Meridian,Elite Pacific Distributors,Corporate,Clothing,Running Shoes,89.99,38.0,17,1407.43,646.0,761.43,8,Lisa Chen
SO-12690,2022-07-29,2022-08-03,Online,WARE-MCD2201,South,Arkansas,Little Rock,Premier Apex Distributors,Enterprise,Furniture,Floor Lamp,159.99,72.0,14,2239.86,1008.0,1231.86,0,Robert Adams
SO-12691,2022-10-16,2022-10-21,In-Store,WARE-NBV1002,South,Texas,Dallas,Atlantic Horizon Trading,Government,Office Supplies,Desk Organizer,29.99,11.0,13,389.87,143.0,246.87,0,Sarah Mitchell
SO-12692,2023-04-23,2023-04-30,Online,WARE-MCD2201,Southeast,Kentucky,Covington,Apex National Trading,Small Business,Clothing,Sports Jacket,109.99,46.0,1,104.49,46.0,58.49,5,Robert Adams
SO-12693,2023-03-04,2023-03-08,Wholesale,WARE-ATL5509,South,Texas,Lubbock,Horizon Digital Solutions,Enterprise,Office Supplies,Laminator,89.99,40.0,16,1367.84,640.0,727.84,5,Robert Adams
SO-12694,2024-03-29,2024-04-05,In-Store,WARE-NBV1002,Southeast,Delaware,Newark,Elite Premier Enterprises,Small Business,Electronics,Laptop Pro 15,1299.99,780.0,10,12999.9,7800.0,5199.9,0,Robert Adams
SO-12695,2023-12-13,2023-12-17,Wholesale,WARE-NBV1002,Midwest,Kansas,Overland Park,Summit National Solutions,Corporate,Clothing,Winter Coat,149.99,65.0,27,3847.23,1755.0,2092.23,5,Kevin Williams
SO-12696,2023-07-08,2023-07-14,Wholesale,WARE-UHY1004,Southeast,District of Columbia,Washington,Bright Pioneer Commerce,Corporate,Electronics,Gaming PC,2499.99,1450.0,2,4599.98,2900.0,1699.98,8,Kevin Williams
SO-12697,2023-11-03,2023-11-08,Online,WARE-UHY1004,Midwest,Minnesota,Minneapolis,Digital Horizon Distributors,Retail,Electronics,iPhone 15 Pro,1199.99,780.0,13,15599.87,10140.0,5459.87,0,David Park
SO-12698,2024-01-08,2024-01-13,Wholesale,WARE-PJW3508,West,Utah,West Valley City,Pacific National Corp,Government,Clothing,Board Shorts,54.99,21.0,10,483.9,210.0,273.9,12,Kevin Williams
SO-12699,2023-12-02,2023-12-08,In-Store,WARE-MCD2201,Midwest,Indiana,Indianapolis,Core Advanced Inc,Enterprise,Office Supplies,Filing Cabinet,199.99,95.0,34,6799.66,3230.0,3569.66,0,Emily Johnson
SO-12700,2023-12-29,2024-01-04,Wholesale,WARE-NBV1002,Midwest,Minnesota,Minneapolis,Digital Pioneer Trading,Government,Office Supplies,Document Scanner,299.99,145.0,19,5699.81,2755.0,2944.81,0,Lisa Chen
SO-12701,2023-05-29,2023-06-03,Wholesale,WARE-PJW3508,Northeast,Pennsylvania,Philadelphia,Pacific Summit Supply,Small Business,Furniture,Bookshelf,249.99,110.0,15,3374.85,1650.0,1724.85,10,Michael Brown
SO-12702,2022-12-31,2023-01-06,In-Store,WARE-NBV1002,Southeast,Maryland,Bowie,Unity National Commerce,Corporate,Electronics,Conference Camera,449.99,210.0,13,4972.37,2730.0,2242.37,15,Lisa Chen
SO-12703,2023-05-24,2023-05-28,Online,WARE-MCD2201,Northeast,New Jersey,Edison,National Coastal Supply,Enterprise,Clothing,Golf Polo,64.99,26.0,14,909.86,364.0,545.86,0,Amanda Torres
SO-12704,2023-12-22,2023-12-25,Online,WARE-UHY1004,West,Nevada,Henderson,Pioneer Advanced Supply,Government,Office Supplies,Document Scanner,299.99,145.0,27,6884.73,3915.0,2969.73,15,Michael Brown
SO-12705,2023-11-19,2023-11-25,Wholesale,WARE-NBV1002,Southeast,Kentucky,Bowling Green,Digital Horizon Trading,Small Business,Furniture,Modular Sofa,1499.99,750.0,19,27074.81,14250.0,12824.81,5,Kevin Williams
SO-12706,2022-12-15,2022-12-21,Distributor,WARE-ATL5509,Southeast,Kentucky,Owensboro,Bright Pacific Supply,Enterprise,Furniture,Accent Table,199.99,92.0,4,799.96,368.0,431.96,0,David Park
SO-12707,2022-08-02,2022-08-08,Online,WARE-NBV1002,Southwest,Hawaii,Kaneohe,Bright Elite Trading,Government,Office Supplies,Document Scanner,299.99,145.0,20,5699.8,2900.0,2799.8,5,Michael Brown
SO-12708,2023-01-28,2023-02-02,Wholesale,WARE-ATL5509,Northeast,Connecticut,Stamford,National Central Inc,Corporate,Electronics,Smart Display,349.99,165.0,4,1329.96,660.0,669.96,5,Amanda Torres
SO-12709,2023-10-12,2023-10-17,Online,WARE-ATL5509,South,Texas,San Antonio,Atlantic Pacific Corp,Government,Electronics,Gaming Console,499.99,250.0,7,3079.93,1750.0,1329.93,12,David Park
SO-12710,2022-06-17,2022-06-21,In-Store,WARE-MCD2201,West,New Mexico,Santa Fe,National Sterling Co,Enterprise,Office Supplies,Tape Dispenser,24.99,9.0,2,44.98,18.0,26.98,10,David Park
SO-12711,2023-10-07,2023-10-11,Wholesale,WARE-MCD2201,West,California,Bakersfield,Horizon Sterling Group,Retail,Electronics,External SSD,129.99,55.0,1,123.49,55.0,68.49,5,James Carter
SO-12712,2023-09-08,2023-09-11,Distributor,WARE-PJW3508,Midwest,Wisconsin,Kenosha,Core Global Distributors,Retail,Clothing,Denim Jacket,89.99,38.0,8,683.92,304.0,379.92,5,Kevin Williams
SO-12713,2023-06-14,2023-06-19,In-Store,WARE-NBV1002,Southwest,Hawaii,Hilo,Metro Premier Solutions,Small Business,Electronics,Drone Camera,799.99,400.0,18,14399.82,7200.0,7199.82,0,Rachel Scott
SO-12714,2022-10-06,2022-10-12,Online,WARE-PJW3508,South,Mississippi,Hattiesburg,Metro Bright Solutions,Corporate,Office Supplies,Binding Machine,149.99,68.0,16,2399.84,1088.0,1311.84,0,Sarah Mitchell
SO-12715,2024-03-17,2024-03-23,Online,WARE-NBV1002,Midwest,Missouri,Kansas City,Metro Global LLC,Retail,Furniture,Bar Cart,299.99,140.0,15,4499.85,2100.0,2399.85,0,Emily Johnson
SO-12716,2023-03-28,2023-04-03,In-Store,WARE-ATL5509,Southeast,Delaware,Newark,Sterling National Trading,Corporate,Furniture,Bookshelf,249.99,110.0,8,1799.92,880.0,919.92,10,Kevin Williams
SO-12717,2023-08-12,2023-08-16,In-Store,WARE-UHY1004,Southeast,Maryland,Baltimore,Coastal Horizon LLC,Corporate,Office Supplies,Label Printer,179.99,82.0,18,2753.82,1476.0,1277.82,15,Emily Johnson
SO-12718,2023-07-09,2023-07-13,Online,WARE-ATL5509,Northeast,Rhode Island,Warwick,Apex Pacific LLC,Corporate,Office Supplies,Ergonomic Mouse,59.99,24.0,22,1319.78,528.0,791.78,0,Emily Johnson
SO-12719,2022-10-28,2022-11-03,Wholesale,WARE-ATL5509,Midwest,Nebraska,Bellevue,Pacific Premier Solutions,Government,Electronics,NAS Storage,899.99,450.0,6,5129.94,2700.0,2429.94,5,Rachel Scott
SO-12720,2023-07-10,2023-07-16,Wholesale,WARE-UHY1004,Northeast,Pennsylvania,Pittsburgh,Coastal Central Inc,Government,Office Supplies,Calligraphy Set,39.99,15.0,16,575.84,240.0,335.84,10,Rachel Scott
SO-12721,2023-10-26,2023-10-31,Wholesale,WARE-PJW3508,Midwest,Ohio,Cleveland,Swift Elite Commerce,Enterprise,Furniture,Standing Desk,699.99,350.0,7,4409.93,2450.0,1959.93,10,Emily Johnson
SO-12722,2022-09-02,2022-09-08,Wholesale,WARE-NBV1002,Northeast,New Hampshire,Manchester,Elite Core Retail,Small Business,Office Supplies,Stapler Heavy Duty,29.99,11.0,6,152.94,66.0,86.94,15,David Park
SO-12723,2023-04-29,2023-05-03,Distributor,WARE-NBV1002,West,Colorado,Lakewood,Swift Pacific Commerce,Small Business,Office Supplies,Ergonomic Chair,349.99,175.0,4,1329.96,700.0,629.96,5,Emily Johnson
SO-12724,2022-12-16,2022-12-23,In-Store,WARE-ATL5509,Northeast,Massachusetts,Cambridge,Digital Horizon LLC,Government,Clothing,Formal Jacket,129.99,55.0,31,3707.29,1705.0,2002.29,8,Rachel Scott
SO-12725,2023-06-28,2023-07-02,In-Store,WARE-UHY1004,South,Texas,Austin,Advanced Metro Solutions,Corporate,Electronics,Wireless Headphones,249.99,99.0,16,3599.84,1584.0,2015.84,10,Emily Johnson
SO-12726,2023-06-27,2023-06-30,In-Store,WARE-MCD2201,West,California,Long Beach,Advanced Core Enterprises,Enterprise,Clothing,Athleisure Set,119.99,50.0,17,2039.83,850.0,1189.83,0,Lisa Chen
SO-12727,2023-08-14,2023-08-19,Distributor,WARE-PJW3508,West,Washington,Spokane,Apex Atlantic Supply,Small Business,Clothing,Winter Coat,149.99,65.0,15,2137.35,975.0,1162.35,5,Amanda Torres
SO-12728,2022-11-04,2022-11-10,In-Store,WARE-MCD2201,Midwest,Michigan,Warren,Swift Summit Solutions,Government,Clothing,Suit Set,299.99,135.0,22,5807.78,2970.0,2837.78,12,Rachel Scott
SO-12729,2024-02-20,2024-02-27,In-Store,WARE-ATL5509,Northeast,Massachusetts,Lowell,Central Horizon Group,Enterprise,Furniture,Corner Desk,699.99,345.0,4,2659.96,1380.0,1279.96,5,Sarah Mitchell
SO-12730,2023-03-07,2023-03-21,Online,WARE-ATL5509,Midwest,Iowa,Sioux City,Metro Central Commerce,Government,Furniture,Adjustable Monitor Stand,129.99,58.0,16,1975.84,928.0,1047.84,5,Emily Johnson
SO-12731,2022-08-17,2022-08-22,Wholesale,WARE-NBV1002,Southeast,District of Columbia,Washington,Premier Horizon Solutions,Small Business,Electronics,External SSD,129.99,55.0,10,1299.9,550.0,749.9,0,Michael Brown
SO-12732,2022-09-04,2022-09-10,Distributor,WARE-UHY1004,Southwest,Wyoming,Gillette,Summit National Co,Enterprise,Office Supplies,Wireless Keyboard,89.99,38.0,7,535.43,266.0,269.43,15,Lisa Chen
SO-12733,2022-12-12,2022-12-19,Online,WARE-UHY1004,West,California,Fresno,Coastal Elite Commerce,Small Business,Electronics,Home Theater System,1499.99,820.0,33,49499.67,27060.0,22439.67,0,Michael Brown
SO-12734,2022-04-23,2022-04-29,Wholesale,WARE-ATL5509,Southwest,Nevada,North Las Vegas,Premier Unity Retail,Retail,Electronics,Action Camera,349.99,170.0,17,5473.83,2890.0,2583.83,8,Michael Brown
SO-12735,2023-04-26,2023-04-30,Wholesale,WARE-UHY1004,West,Utah,West Valley City,Apex Advanced Enterprises,Retail,Office Supplies,Ink Tank Printer,399.99,195.0,1,351.99,195.0,156.99,12,Kevin Williams
SO-12736,2024-01-12,2024-01-15,Online,WARE-MCD2201,Northeast,Pennsylvania,Philadelphia,National Summit Commerce,Small Business,Office Supplies,Projector,699.99,340.0,9,6299.91,3060.0,3239.91,0,Lisa Chen
SO-12737,2023-01-05,2023-01-09,In-Store,WARE-PJW3508,South,South Carolina,Greenville,Pacific Swift Distributors,Government,Electronics,Conference Camera,449.99,210.0,9,3847.41,1890.0,1957.41,5,Kevin Williams
SO-12738,2022-08-26,2022-08-31,In-Store,WARE-MCD2201,South,Florida,Fort Lauderdale,Elite Premier Commerce,Retail,Electronics,MacBook Pro 16,2499.99,1650.0,13,32499.87,21450.0,11049.87,0,Emily Johnson
SO-12739,2023-04-03,2023-04-13,Wholesale,WARE-UHY1004,Midwest,Wisconsin,Racine,Digital Atlantic Trading,Corporate,Electronics,Smart TV 55,799.99,400.0,18,13679.82,7200.0,6479.82,5,Emily Johnson
SO-12740,2023-07-07,2023-07-17,In-Store,WARE-PJW3508,South,Alabama,Birmingham,Coastal Sterling Retail,Retail,Clothing,Chinos,74.99,30.0,15,1068.6,450.0,618.6,5,David Park
SO-12741,2022-01-21,2022-01-28,Distributor,WARE-MCD2201,Northeast,New Hampshire,Dover,Digital Premier Commerce,Retail,Office Supplies,Filing Cabinet,199.99,95.0,6,1055.94,570.0,485.94,12,Emily Johnson
SO-12742,2022-09-07,2022-09-14,Wholesale,WARE-UHY1004,West,Colorado,Denver,Coastal Metro LLC,Retail,Clothing,Denim Jacket,89.99,38.0,1,85.49,38.0,47.49,5,Robert Adams
SO-12743,2023-12-19,2023-12-23,Wholesale,WARE-PJW3508,Southeast,Kentucky,Louisville,Unity Sterling Retail,Government,Office Supplies,Filing Cabinet,199.99,95.0,28,5599.72,2660.0,2939.72,0,Sarah Mitchell
SO-12744,2023-10-30,2023-11-06,Online,WARE-MCD2201,Southwest,Arizona,Chandler,National Atlantic Inc,Retail,Office Supplies,Flip Chart,69.99,29.0,8,559.92,232.0,327.92,0,Emily Johnson
SO-12745,2022-10-08,2022-10-15,Distributor,WARE-MCD2201,West,Utah,West Valley City,Pacific Sterling Inc,Government,Office Supplies,Card Reader,39.99,15.0,12,455.88,180.0,275.88,5,David Park
SO-12746,2024-02-22,2024-02-28,Online,WARE-NBV1002,South,Georgia,Macon,Sterling Unity Trading,Retail,Furniture,Executive Desk,1199.99,620.0,4,4223.96,2480.0,1743.96,12,David Park
SO-12747,2022-01-07,2022-01-12,Distributor,WARE-UHY1004,Southwest,New Mexico,Albuquerque,Atlantic Digital Co,Government,Office Supplies,Electric Stapler,49.99,19.0,10,499.9,190.0,309.9,0,Rachel Scott
SO-12748,2022-03-16,2022-03-21,Distributor,WARE-MCD2201,Northeast,Vermont,South Burlington,Swift Swift Co,Small Business,Furniture,Ergonomic Chair Pro,449.99,218.0,1,404.99,218.0,186.99,10,Robert Adams
SO-12749,2023-12-01,2023-12-05,Distributor,WARE-PJW3508,Northeast,Vermont,Rutland,Unity Bright Group,Enterprise,Electronics,Bluetooth Speaker,149.99,58.0,20,2909.8,1160.0,1749.8,3,James Carter
SO-12750,2023-04-21,2023-04-27,Online,WARE-PJW3508,West,Washington,Seattle,Global Premier Group,Corporate,Electronics,Laptop Cooling Pad,49.99,19.0,6,284.94,114.0,170.94,5,David Park
SO-12751,2022-12-14,2022-12-24,Distributor,WARE-MCD2201,West,New Mexico,Albuquerque,Atlantic Horizon LLC,Government,Furniture,Laptop Cart,299.99,145.0,17,4946.83,2465.0,2481.83,3,Lisa Chen
SO-12752,2024-03-29,2024-04-04,Online,WARE-UHY1004,Midwest,Wisconsin,Milwaukee,Bright Premier Corp,Government,Office Supplies,Label Maker,59.99,24.0,18,1025.82,432.0,593.82,5,Kevin Williams
SO-12753,2023-08-24,2023-08-27,Online,WARE-UHY1004,Northeast,Rhode Island,Cranston,Coastal Swift Inc,Retail,Electronics,Conference Camera,449.99,210.0,13,5264.87,2730.0,2534.87,10,Rachel Scott
SO-12754,2024-02-17,2024-02-22,Online,WARE-UHY1004,West,Oregon,Eugene,Summit Advanced Supply,Government,Electronics,Home Theater System,1499.99,820.0,2,2909.98,1640.0,1269.98,3,Michael Brown
SO-12755,2022-02-16,2022-02-21,In-Store,WARE-ATL5509,South,Texas,Austin,Coastal Summit Group,Enterprise,Office Supplies,Laminator,89.99,40.0,6,458.94,240.0,218.94,15,Michael Brown
SO-12756,2022-09-21,2022-09-26,Distributor,WARE-ATL5509,Northeast,Pennsylvania,Erie,Advanced Summit Supply,Corporate,Clothing,Turtleneck,59.99,24.0,7,356.93,168.0,188.93,15,Emily Johnson
SO-12757,2022-10-22,2022-10-27,Online,WARE-ATL5509,South,Texas,Lubbock,Summit Bright Retail,Enterprise,Furniture,Corner Desk,699.99,345.0,18,12221.82,6210.0,6011.82,3,James Carter
SO-12758,2022-04-19,2022-04-24,In-Store,WARE-MCD2201,Midwest,Illinois,Rockford,Atlantic Swift Corp,Retail,Clothing,Swimwear,49.99,19.0,11,522.39,209.0,313.39,5,Robert Adams
SO-12759,2022-09-17,2022-09-21,Online,WARE-MCD2201,Northeast,New York,Syracuse,National Bright LLC,Corporate,Electronics,Video Doorbell,179.99,80.0,10,1529.9,800.0,729.9,15,Amanda Torres
SO-12760,2022-09-20,2022-09-25,Distributor,WARE-MCD2201,Midwest,Illinois,Chicago,Advanced Unity Trading,Small Business,Office Supplies,Wireless Keyboard,89.99,38.0,12,950.28,456.0,494.28,12,Amanda Torres
SO-12761,2023-01-22,2023-01-27,Online,WARE-PJW3508,Midwest,Wisconsin,Racine,Coastal Coastal Supply,Retail,Clothing,Velvet Blazer,179.99,80.0,1,174.59,80.0,94.59,3,Michael Brown
SO-12762,2022-01-02,2022-01-07,In-Store,WARE-PJW3508,Northeast,Connecticut,Hartford,Elite Unity Retail,Small Business,Electronics,Wireless Router,199.99,85.0,7,1189.93,595.0,594.93,15,Kevin Williams
SO-12763,2023-08-18,2023-08-24,Wholesale,WARE-ATL5509,Southwest,Colorado,Denver,Coastal Global Corp,Enterprise,Furniture,Modular Sofa,1499.99,750.0,9,13499.91,6750.0,6749.91,0,Amanda Torres
SO-12764,2023-07-29,2023-08-08,In-Store,WARE-MCD2201,West,Nevada,Henderson,Elite Atlantic Trading,Retail,Clothing,Holiday Sweater,69.99,28.0,11,769.89,308.0,461.89,0,Kevin Williams
SO-12765,2023-10-26,2023-10-29,Distributor,WARE-UHY1004,Northeast,Maine,Bangor,National Horizon Trading,Government,Office Supplies,Flip Chart,69.99,29.0,18,1196.82,522.0,674.82,5,Kevin Williams
SO-12766,2023-10-02,2023-10-06,Distributor,WARE-UHY1004,South,South Carolina,Charleston,Summit Coastal Inc,Small Business,Electronics,Tablet Pro,899.99,450.0,12,10259.88,5400.0,4859.88,5,Rachel Scott
SO-12767,2023-12-23,2023-12-26,Distributor,WARE-MCD2201,Southeast,Kentucky,Owensboro,Core Core Enterprises,Enterprise,Office Supplies,Heavy Duty Punch,79.99,34.0,4,303.96,136.0,167.96,5,Michael Brown
SO-12768,2022-02-07,2022-02-13,Wholesale,WARE-ATL5509,Southwest,Hawaii,Hilo,Metro Bright Trading,Corporate,Clothing,Golf Polo,64.99,26.0,9,497.16,234.0,263.16,15,Rachel Scott
SO-12769,2023-05-06,2023-05-10,In-Store,WARE-PJW3508,Midwest,Indiana,South Bend,Atlantic Metro Retail,Corporate,Furniture,TV Stand,249.99,118.0,15,3449.85,1770.0,1679.85,8,Lisa Chen
SO-12770,2023-06-16,2023-06-20,Distributor,WARE-UHY1004,West,Colorado,Fort Collins,Horizon Pioneer Trading,Corporate,Electronics,MacBook Pro 16,2499.99,1650.0,2,4999.98,3300.0,1699.98,0,Amanda Torres
SO-12771,2023-04-10,2023-04-16,Wholesale,WARE-PJW3508,Southwest,Nevada,Las Vegas,Bright Bright LLC,Government,Clothing,Swimwear,49.99,19.0,3,137.97,57.0,80.97,8,Amanda Torres
SO-12772,2024-02-21,2024-02-24,Wholesale,WARE-MCD2201,South,Tennessee,Chattanooga,Swift Pioneer Enterprises,Corporate,Office Supplies,Heavy Duty Punch,79.99,34.0,3,227.97,102.0,125.97,5,Robert Adams
SO-12773,2022-03-10,2022-03-20,Distributor,WARE-UHY1004,West,Nevada,North Las Vegas,Atlantic Premier Enterprises,Enterprise,Office Supplies,Calligraphy Set,39.99,15.0,18,611.82,270.0,341.82,15,Rachel Scott
SO-12774,2023-10-16,2023-10-20,In-Store,WARE-MCD2201,Southwest,Arizona,Scottsdale,Swift Pioneer Solutions,Small Business,Clothing,Business Casual Shirt,59.99,22.0,17,968.83,374.0,594.83,5,James Carter
SO-12775,2022-07-28,2022-08-02,Online,WARE-MCD2201,Southwest,Colorado,Colorado Springs,Bright Coastal Enterprises,Corporate,Clothing,Holiday Sweater,69.99,28.0,5,332.45,140.0,192.45,5,David Park
SO-12776,2023-12-29,2024-01-02,Distributor,WARE-NBV1002,Southeast,Kentucky,Bowling Green,Global Global Inc,Retail,Furniture,Laptop Cart,299.99,145.0,9,2564.91,1305.0,1259.91,5,Lisa Chen
SO-12777,2022-02-22,2022-02-26,In-Store,WARE-ATL5509,West,California,San Diego,Digital Core Enterprises,Retail,Office Supplies,Label Printer,179.99,82.0,14,2519.86,1148.0,1371.86,0,Kevin Williams
SO-12778,2024-03-22,2024-03-26,Wholesale,WARE-ATL5509,Southwest,Nevada,Henderson,Advanced Advanced Distributors,Government,Furniture,Adjustable Monitor Stand,129.99,58.0,10,1260.9,580.0,680.9,3,Robert Adams
SO-12779,2022-07-19,2022-07-24,Distributor,WARE-ATL5509,Midwest,Ohio,Akron,Advanced Digital Supply,Retail,Clothing,Sun Hat,34.99,13.0,15,498.6,195.0,303.6,5,Kevin Williams
SO-12780,2023-12-19,2023-12-23,Online,WARE-MCD2201,Southwest,Utah,West Jordan,Summit Apex Retail,Retail,Electronics,MacBook Pro 16,2499.99,1650.0,23,48874.77,37950.0,10924.77,15,Amanda Torres
SO-12781,2023-02-15,2023-02-21,Online,WARE-PJW3508,Northeast,New Hampshire,Concord,Horizon Sterling Group,Corporate,Office Supplies,Wireless Keyboard,89.99,38.0,1,89.99,38.0,51.99,0,Robert Adams
SO-12782,2022-05-04,2022-05-14,Distributor,WARE-UHY1004,Midwest,Missouri,Kansas City,Coastal Horizon Enterprises,Retail,Electronics,Server Unit,4999.99,2800.0,7,32199.93,19600.0,12599.93,8,James Carter
SO-12783,2023-12-25,2023-12-28,Wholesale,WARE-PJW3508,West,Washington,Spokane,Elite Pioneer Inc,Small Business,Clothing,Running Shoes,89.99,38.0,32,2649.28,1216.0,1433.28,8,Amanda Torres
SO-12784,2022-10-29,2022-11-03,Wholesale,WARE-UHY1004,South,South Carolina,Rock Hill,Horizon Central Enterprises,Small Business,Electronics,Portable Projector,499.99,245.0,7,3499.93,1715.0,1784.93,0,Amanda Torres
SO-12785,2022-03-15,2022-03-21,Distributor,WARE-MCD2201,Northeast,Connecticut,Bridgeport,Bright Pacific Solutions,Enterprise,Furniture,Lounge Chair,399.99,195.0,13,5043.87,2535.0,2508.87,3,Amanda Torres
SO-12786,2023-01-29,2023-02-12,In-Store,WARE-MCD2201,South,Alabama,Mobile,Premier Metro Retail,Government,Electronics,Server Unit,4999.99,2800.0,15,65999.85,42000.0,23999.85,12,James Carter
SO-12787,2023-11-11,2023-11-16,Wholesale,WARE-UHY1004,West,Washington,Tacoma,National Advanced Inc,Corporate,Furniture,Conference Table,999.99,520.0,14,13999.86,7280.0,6719.86,0,Robert Adams
SO-12788,2023-03-22,2023-04-05,In-Store,WARE-PJW3508,South,Texas,Lubbock,Global Pioneer Group,Small Business,Clothing,Golf Polo,64.99,26.0,13,802.62,338.0,464.62,5,Sarah Mitchell
SO-12789,2022-12-09,2022-12-15,Online,WARE-PJW3508,Southwest,Alaska,Ketchikan,Central Pacific Enterprises,Government,Furniture,Lounge Chair,399.99,195.0,17,5983.83,3315.0,2668.83,12,Sarah Mitchell
SO-12790,2022-08-18,2022-08-21,Wholesale,WARE-PJW3508,South,Oklahoma,Oklahoma City,Digital Swift Retail,Enterprise,Furniture,Lateral File Cabinet,399.99,192.0,7,2575.93,1344.0,1231.93,8,Lisa Chen
SO-12791,2022-05-03,2022-05-08,Distributor,WARE-UHY1004,Midwest,Michigan,Sterling Heights,Apex Horizon Inc,Government,Electronics,Home Theater System,1499.99,820.0,1,1424.99,820.0,604.99,5,Lisa Chen
SO-12792,2022-10-24,2022-10-27,Wholesale,WARE-UHY1004,Northeast,New Hampshire,Derry,Pioneer Bright Distributors,Enterprise,Clothing,Rain Jacket,99.99,42.0,3,290.97,126.0,164.97,3,Kevin Williams
SO-12793,2022-11-18,2022-11-20,Distributor,WARE-NBV1002,West,Montana,Missoula,Premier Pioneer Retail,Enterprise,Clothing,Sports Jacket,109.99,46.0,30,3035.7,1380.0,1655.7,8,Sarah Mitchell
SO-12794,2023-08-23,2023-08-28,In-Store,WARE-NBV1002,West,Montana,Bozeman,Advanced Bright Solutions,Small Business,Furniture,Executive Desk,1199.99,620.0,8,8447.92,4960.0,3487.92,12,Amanda Torres
SO-12795,2023-10-24,2023-10-30,In-Store,WARE-NBV1002,South,Louisiana,Shreveport,Horizon Central Supply,Small Business,Furniture,Partition Wall,349.99,168.0,1,297.49,168.0,129.49,15,Michael Brown
SO-12796,2023-01-21,2023-01-25,In-Store,WARE-UHY1004,West,Washington,Bellevue,Pioneer National Corp,Enterprise,Furniture,Hallway Table,279.99,132.0,3,772.77,396.0,376.77,8,Amanda Torres
SO-12797,2022-10-04,2022-10-10,Distributor,WARE-NBV1002,Northeast,New Hampshire,Manchester,Bright Digital LLC,Government,Electronics,iPhone 15 Pro,1199.99,780.0,17,20399.83,13260.0,7139.83,0,Rachel Scott
SO-12798,2023-07-22,2023-07-28,Online,WARE-MCD2201,Southwest,Colorado,Colorado Springs,Summit Coastal Commerce,Government,Clothing,Winter Coat,149.99,65.0,22,3299.78,1430.0,1869.78,0,Emily Johnson
SO-12799,2023-06-12,2023-06-19,Online,WARE-ATL5509,Northeast,New York,Syracuse,Global Pioneer Retail,Corporate,Electronics,Home Theater System,1499.99,820.0,19,24224.81,15580.0,8644.81,15,Michael Brown
SO-12800,2022-01-26,2022-02-09,Wholesale,WARE-UHY1004,Northeast,Pennsylvania,Pittsburgh,Atlantic Metro Solutions,Enterprise,Furniture,Floor Lamp,159.99,72.0,11,1548.69,792.0,756.69,12,Kevin Williams
SO-12801,2022-07-08,2022-07-14,Wholesale,WARE-ATL5509,Southwest,Alaska,Ketchikan,Atlantic Central Supply,Enterprise,Electronics,Smartband,199.99,88.0,5,999.95,440.0,559.95,0,David Park
SO-12802,2023-03-17,2023-03-24,In-Store,WARE-PJW3508,Northeast,Connecticut,Hartford,Summit Unity LLC,Government,Office Supplies,Heavy Duty Punch,79.99,34.0,15,1139.85,510.0,629.85,5,Kevin Williams
SO-12803,2022-10-01,2022-10-08,Online,WARE-UHY1004,South,Mississippi,Gulfport,Bright Pioneer Distributors,Retail,Electronics,Smart Lock,249.99,115.0,17,4037.33,1955.0,2082.33,5,James Carter
SO-12804,2022-03-22,2022-03-28,Online,WARE-MCD2201,Southeast,Virginia,Virginia Beach,Central Apex Enterprises,Retail,Office Supplies,Whiteboard,159.99,72.0,9,1367.91,648.0,719.91,5,Lisa Chen
SO-12805,2022-10-20,2022-10-27,Wholesale,WARE-PJW3508,West,Idaho,Boise,National Unity Distributors,Corporate,Office Supplies,Ergonomic Chair,349.99,175.0,12,3989.88,2100.0,1889.88,5,David Park
SO-12806,2024-01-12,2024-01-16,Wholesale,WARE-UHY1004,Midwest,Indiana,Indianapolis,Summit National Inc,Enterprise,Clothing,Casual Pants,69.99,28.0,11,769.89,308.0,461.89,0,Kevin Williams
SO-12807,2023-02-28,2023-03-07,Distributor,WARE-PJW3508,West,Utah,Provo,Apex Apex Enterprises,Government,Electronics,Bluetooth Speaker,149.99,58.0,4,509.96,232.0,277.96,15,David Park
SO-12808,2022-07-24,2022-07-28,Distributor,WARE-PJW3508,Northeast,New Hampshire,Manchester,Unity National Solutions,Small Business,Furniture,Partition Wall,349.99,168.0,20,6999.8,3360.0,3639.8,0,Amanda Torres
SO-12809,2022-06-26,2022-07-01,In-Store,WARE-UHY1004,Southeast,Delaware,Newark,Apex Coastal Distributors,Enterprise,Electronics,External SSD,129.99,55.0,2,239.18,110.0,129.18,8,Rachel Scott
SO-12810,2022-06-17,2022-06-21,Wholesale,WARE-PJW3508,West,Oregon,Gresham,National Pacific Corp,Small Business,Clothing,Sun Hat,34.99,13.0,6,184.74,78.0,106.74,12,Michael Brown
SO-12811,2023-10-13,2023-10-20,Online,WARE-NBV1002,Northeast,New Hampshire,Nashua,Premier Summit Commerce,Retail,Furniture,Office Chair,299.99,145.0,16,4799.84,2320.0,2479.84,0,Amanda Torres
SO-12812,2022-10-31,2022-11-07,Distributor,WARE-PJW3508,Northeast,New York,Rochester,Summit Coastal Retail,Retail,Office Supplies,Label Maker,59.99,24.0,12,719.88,288.0,431.88,0,Emily Johnson
SO-12813,2022-10-16,2022-10-22,Online,WARE-ATL5509,Midwest,Minnesota,Rochester,Elite Premier Group,Retail,Electronics,Kindle Paperwhite,139.99,62.0,8,1119.92,496.0,623.92,0,David Park
SO-12814,2023-10-18,2023-10-28,In-Store,WARE-NBV1002,West,Montana,Billings,Horizon Horizon Retail,Corporate,Clothing,Holiday Sweater,69.99,28.0,16,1063.84,448.0,615.84,5,Sarah Mitchell
SO-12815,2022-08-24,2022-08-28,Online,WARE-NBV1002,Southwest,New Mexico,Rio Rancho,Swift Premier Trading,Government,Electronics,Wi-Fi Mesh System,399.99,190.0,18,6479.82,3420.0,3059.82,10,Amanda Torres
SO-12816,2022-08-16,2022-08-23,In-Store,WARE-ATL5509,West,New Mexico,Roswell,Summit Summit Solutions,Small Business,Furniture,Accent Table,199.99,92.0,8,1519.92,736.0,783.92,5,Rachel Scott
SO-12817,2024-02-22,2024-02-27,Distributor,WARE-MCD2201,South,Georgia,Augusta,Digital Digital Co,Enterprise,Office Supplies,Laminator,89.99,40.0,16,1439.84,640.0,799.84,0,James Carter
SO-12818,2022-04-13,2022-04-18,Wholesale,WARE-UHY1004,South,Florida,Clearwater,Metro National Supply,Government,Office Supplies,Paper Shredder,129.99,62.0,10,1195.9,620.0,575.9,8,Emily Johnson
SO-12819,2023-06-02,2023-06-06,In-Store,WARE-PJW3508,Southeast,Kentucky,Owensboro,Sterling Digital Solutions,Government,Clothing,Linen Pants,64.99,26.0,11,714.89,286.0,428.89,0,Rachel Scott
SO-12820,2023-08-14,2023-08-20,In-Store,WARE-NBV1002,Midwest,Iowa,Sioux City,Unity Pioneer Group,Small Business,Electronics,Action Camera,349.99,170.0,9,3149.91,1530.0,1619.91,0,Lisa Chen
SO-12821,2023-11-13,2023-11-18,Wholesale,WARE-ATL5509,Midwest,Missouri,Kansas City,Central Digital Retail,Corporate,Clothing,Sun Hat,34.99,13.0,33,1096.92,429.0,667.92,5,Kevin Williams
SO-12822,2023-03-01,2023-03-08,Distributor,WARE-PJW3508,Southeast,Delaware,Middletown,Pioneer Core Supply,Government,Office Supplies,Wireless Keyboard,89.99,38.0,3,229.47,114.0,115.47,15,Robert Adams
SO-12823,2023-03-25,2023-03-29,Distributor,WARE-MCD2201,Southwest,Arizona,Phoenix,Metro Pacific Distributors,Small Business,Furniture,Adjustable Monitor Stand,129.99,58.0,6,740.94,348.0,392.94,5,Amanda Torres
SO-12824,2023-11-22,2023-11-27,Wholesale,WARE-MCD2201,West,Montana,Bozeman,Coastal Apex Co,Government,Office Supplies,Electric Stapler,49.99,19.0,15,637.35,285.0,352.35,15,Sarah Mitchell
SO-12825,2022-01-21,2022-01-26,Distributor,WARE-UHY1004,Southwest,Hawaii,Kaneohe,Global Global LLC,Government,Office Supplies,Document Scanner,299.99,145.0,2,599.98,290.0,309.98,0,David Park
SO-12826,2022-07-06,2022-07-09,Online,WARE-PJW3508,Southwest,Alaska,Ketchikan,Pioneer Bright Solutions,Government,Electronics,Smart Speaker,199.99,90.0,12,2159.88,1080.0,1079.88,10,James Carter
SO-12827,2023-10-10,2023-10-16,Distributor,WARE-ATL5509,Southeast,District of Columbia,Washington,Global Advanced Retail,Retail,Clothing,Summer Dress,79.99,30.0,1,79.99,30.0,49.99,0,Robert Adams
SO-12828,2023-10-19,2023-10-26,In-Store,WARE-ATL5509,Midwest,Michigan,Grand Rapids,Coastal Central Solutions,Enterprise,Clothing,Swimwear,49.99,19.0,10,424.9,190.0,234.9,15,Kevin Williams
SO-12829,2022-05-08,2022-05-12,In-Store,WARE-PJW3508,South,Texas,El Paso,Pacific Premier Retail,Small Business,Electronics,Smart Lock,249.99,115.0,15,3562.35,1725.0,1837.35,5,Emily Johnson
SO-12830,2023-11-23,2023-11-29,In-Store,WARE-MCD2201,Midwest,Minnesota,Duluth,Digital Elite Co,Enterprise,Clothing,Turtleneck,59.99,24.0,31,1673.69,744.0,929.69,10,Kevin Williams
SO-12831,2022-03-13,2022-03-17,Distributor,WARE-NBV1002,West,Nevada,Las Vegas,Digital Core LLC,Retail,Office Supplies,Ergonomic Mouse,59.99,24.0,1,50.99,24.0,26.99,15,Amanda Torres
SO-12832,2022-03-29,2022-04-03,Wholesale,WARE-ATL5509,Northeast,Connecticut,Waterbury,Coastal Coastal Supply,Retail,Electronics,Smart Display,349.99,165.0,2,664.98,330.0,334.98,5,Michael Brown
SO-12833,2024-02-08,2024-02-12,In-Store,WARE-NBV1002,West,Oregon,Portland,Apex Coastal Trading,Small Business,Clothing,Summer Dress,79.99,30.0,6,465.54,180.0,285.54,3,Robert Adams
SO-12834,2022-05-28,2022-06-01,Distributor,WARE-NBV1002,Midwest,Minnesota,Duluth,Coastal Horizon Group,Retail,Furniture,Floor Lamp,159.99,72.0,12,1727.88,864.0,863.88,10,Kevin Williams
SO-12835,2023-12-07,2023-12-13,Wholesale,WARE-NBV1002,Northeast,New York,Rochester,Digital Coastal Co,Small Business,Office Supplies,Card Reader,39.99,15.0,17,645.83,255.0,390.83,5,David Park
SO-12836,2023-02-19,2023-02-22,Distributor,WARE-MCD2201,Northeast,New Jersey,Edison,Coastal Premier Enterprises,Enterprise,Office Supplies,Ergonomic Mouse,59.99,24.0,8,407.92,192.0,215.92,15,Michael Brown
SO-12837,2023-10-07,2023-10-12,Wholesale,WARE-UHY1004,South,South Carolina,Columbia,Elite Global Inc,Retail,Furniture,Executive Desk,1199.99,620.0,11,12143.89,6820.0,5323.89,8,Robert Adams
SO-12838,2022-03-21,2022-03-25,Online,WARE-PJW3508,Southwest,Arizona,Phoenix,Unity Digital Supply,Government,Furniture,Hallway Table,279.99,132.0,13,3275.87,1716.0,1559.87,10,Sarah Mitchell
SO-12839,2024-01-17,2024-01-23,In-Store,WARE-MCD2201,Northeast,Pennsylvania,Allentown,Core Central Solutions,Small Business,Office Supplies,Wireless Keyboard,89.99,38.0,16,1396.64,608.0,788.64,3,Rachel Scott
SO-12840,2023-04-17,2023-04-23,Online,WARE-MCD2201,Midwest,Nebraska,Kearney,Apex Sterling Commerce,Corporate,Clothing,Golf Polo,64.99,26.0,16,987.84,416.0,571.84,5,Robert Adams
SO-12841,2022-10-27,2022-10-31,In-Store,WARE-ATL5509,Southwest,Alaska,Ketchikan,Global Metro Retail,Small Business,Electronics,Home Theater System,1499.99,820.0,18,24299.82,14760.0,9539.82,10,Emily Johnson
SO-12842,2023-06-06,2023-06-10,Online,WARE-UHY1004,Southwest,Arizona,Tucson,Central Global Corp,Retail,Office Supplies,Electric Stapler,49.99,19.0,20,949.8,380.0,569.8,5,Kevin Williams
SO-12843,2023-05-09,2023-05-15,In-Store,WARE-PJW3508,Southeast,Maryland,Baltimore,Pacific Unity Co,Corporate,Furniture,Credenza,649.99,320.0,3,1657.47,960.0,697.47,15,Rachel Scott
SO-12844,2023-11-14,2023-11-18,Distributor,WARE-PJW3508,Midwest,Missouri,Kansas City,Premier Summit Group,Small Business,Clothing,Holiday Sweater,69.99,28.0,26,1546.74,728.0,818.74,15,Kevin Williams
SO-12845,2022-07-19,2022-07-25,In-Store,WARE-ATL5509,Midwest,Kansas,Olathe,Summit Swift Supply,Small Business,Electronics,Smart Home Hub,299.99,140.0,2,599.98,280.0,319.98,0,Emily Johnson
SO-12846,2023-09-20,2023-09-23,Wholesale,WARE-PJW3508,Midwest,Michigan,Ann Arbor,Apex Core Retail,Retail,Clothing,Linen Shirt,54.99,21.0,16,853.44,336.0,517.44,3,Robert Adams
SO-12847,2023-02-27,2023-03-05,In-Store,WARE-ATL5509,West,Idaho,Meridian,Metro Digital Retail,Small Business,Clothing,Rain Jacket,99.99,42.0,9,854.91,378.0,476.91,5,Sarah Mitchell
SO-12848,2023-12-02,2023-12-07,Wholesale,WARE-PJW3508,Northeast,Massachusetts,Lowell,Swift Horizon Solutions,Enterprise,Furniture,Adjustable Monitor Stand,129.99,58.0,6,779.94,348.0,431.94,0,James Carter
SO-12849,2022-01-13,2022-01-18,Wholesale,WARE-MCD2201,Southwest,Wyoming,Rock Springs,Global Swift Retail,Government,Electronics,Kindle Paperwhite,139.99,62.0,11,1539.89,682.0,857.89,0,Amanda Torres
SO-12850,2023-08-26,2023-08-31,Wholesale,WARE-PJW3508,Midwest,Wisconsin,Kenosha,Central Coastal Group,Retail,Clothing,Polo Shirt,44.99,18.0,8,316.72,144.0,172.72,12,Lisa Chen
SO-12851,2023-03-30,2023-04-05,In-Store,WARE-UHY1004,South,Tennessee,Memphis,National Elite Enterprises,Retail,Furniture,Lateral File Cabinet,399.99,192.0,9,3311.91,1728.0,1583.91,8,Robert Adams
SO-12852,2022-01-01,2022-01-05,Wholesale,WARE-UHY1004,Southeast,North Carolina,Winston-Salem,Elite Swift Retail,Enterprise,Electronics,Drone Camera,799.99,400.0,6,4559.94,2400.0,2159.94,5,Lisa Chen
SO-12853,2022-10-24,2022-10-28,Wholesale,WARE-NBV1002,Northeast,Rhode Island,Cranston,Advanced Horizon Corp,Government,Electronics,USB-C Hub,79.99,32.0,1,79.99,32.0,47.99,0,Amanda Torres
SO-12854,2022-12-30,2023-01-04,Distributor,WARE-ATL5509,Southwest,Alaska,Fairbanks,Coastal Global Distributors,Corporate,Electronics,Desktop Computer,1499.99,890.0,34,46919.66,30260.0,16659.66,8,Rachel Scott
SO-12855,2024-01-08,2024-01-13,Distributor,WARE-ATL5509,Southeast,North Carolina,Durham,Elite Core Enterprises,Retail,Furniture,Credenza,649.99,320.0,8,4939.92,2560.0,2379.92,5,Michael Brown
SO-12856,2022-04-30,2022-05-03,Distributor,WARE-ATL5509,Southeast,District of Columbia,Washington,Swift Advanced Co,Retail,Furniture,Lateral File Cabinet,399.99,192.0,8,2719.92,1536.0,1183.92,15,Sarah Mitchell
SO-12857,2022-12-14,2022-12-18,Wholesale,WARE-UHY1004,West,Colorado,Lakewood,Horizon Advanced Group,Corporate,Furniture,Work Bench,549.99,270.0,33,16334.67,8910.0,7424.67,10,Robert Adams
SO-12858,2023-01-14,2023-01-24,Wholesale,WARE-PJW3508,South,Oklahoma,Norman,Core Pacific Commerce,Enterprise,Clothing,Golf Polo,64.99,26.0,13,844.87,338.0,506.87,0,Amanda Torres
SO-12859,2024-01-19,2024-01-26,Online,WARE-PJW3508,Southeast,Kentucky,Covington,Global Metro Solutions,Enterprise,Office Supplies,Document Scanner,299.99,145.0,6,1799.94,870.0,929.94,0,Lisa Chen
SO-12860,2022-11-26,2022-11-30,In-Store,WARE-PJW3508,Southwest,Arizona,Chandler,Bright Pacific Distributors,Enterprise,Office Supplies,Electric Stapler,49.99,19.0,26,1234.74,494.0,740.74,5,Robert Adams
SO-12861,2022-05-18,2022-05-24,In-Store,WARE-UHY1004,Midwest,Missouri,St. Louis,Metro Central Solutions,Enterprise,Clothing,Summer Dress,79.99,30.0,7,543.13,210.0,333.13,3,Emily Johnson
SO-12862,2023-08-23,2023-08-25,Online,WARE-ATL5509,Southwest,Wyoming,Rock Springs,Premier Unity Corp,Retail,Clothing,Fleece Hoodie,74.99,30.0,19,1310.81,570.0,740.81,8,James Carter
SO-12863,2022-11-30,2022-12-05,Wholesale,WARE-MCD2201,Southeast,West Virginia,Wheeling,Summit Horizon Group,Small Business,Clothing,Board Shorts,54.99,21.0,33,1596.87,693.0,903.87,12,James Carter
SO-12864,2023-10-19,2023-10-25,Wholesale,WARE-ATL5509,Southeast,West Virginia,Parkersburg,Coastal Central Inc,Retail,Office Supplies,Label Maker,59.99,24.0,17,938.23,408.0,530.23,8,Kevin Williams
SO-12865,2023-10-21,2023-10-25,In-Store,WARE-ATL5509,Midwest,Indiana,Indianapolis,Metro Digital Supply,Retail,Electronics,Laptop Cooling Pad,49.99,19.0,10,474.9,190.0,284.9,5,Robert Adams
SO-12866,2023-03-29,2023-04-04,Wholesale,WARE-ATL5509,Southeast,District of Columbia,Washington,Coastal Apex Corp,Small Business,Electronics,Laptop Pro 13,1099.99,650.0,8,8799.92,5200.0,3599.92,0,Lisa Chen
SO-12867,2023-09-29,2023-10-05,Online,WARE-MCD2201,Midwest,Missouri,St. Louis,Central Horizon LLC,Retail,Electronics,VR Headset,599.99,280.0,10,5699.9,2800.0,2899.9,5,Lisa Chen
SO-12868,2022-10-12,2022-10-17,Online,WARE-ATL5509,South,South Carolina,Rock Hill,Swift Digital Retail,Government,Clothing,Chinos,74.99,30.0,11,701.14,330.0,371.14,15,Michael Brown
SO-12869,2023-12-09,2023-12-14,Wholesale,WARE-UHY1004,Northeast,Maine,Bangor,Pioneer Core Retail,Retail,Furniture,Modular Sofa,1499.99,750.0,3,4139.97,2250.0,1889.97,8,Kevin Williams
SO-12870,2024-01-29,2024-02-02,Wholesale,WARE-MCD2201,South,South Carolina,Greenville,Metro Central Distributors,Small Business,Electronics,Smart Lock,249.99,115.0,1,242.49,115.0,127.49,3,Sarah Mitchell
SO-12871,2023-07-15,2023-07-20,Distributor,WARE-UHY1004,South,Oklahoma,Oklahoma City,Premier Horizon Commerce,Retail,Furniture,Bookshelf,249.99,110.0,9,2249.91,990.0,1259.91,0,Rachel Scott
SO-12872,2024-01-13,2024-01-17,In-Store,WARE-NBV1002,Southeast,Kentucky,Lexington,Horizon Atlantic Enterprises,Retail,Electronics,Server Unit,4999.99,2800.0,6,29099.94,16800.0,12299.94,3,Emily Johnson
SO-12873,2022-08-09,2022-08-14,Online,WARE-MCD2201,Southeast,North Carolina,Winston-Salem,Unity Elite Trading,Retail,Furniture,Partition Wall,349.99,168.0,3,997.47,504.0,493.47,5,Robert Adams
SO-12874,2023-11-14,2023-11-16,Distributor,WARE-ATL5509,South,Oklahoma,Broken Arrow,Horizon Horizon Solutions,Enterprise,Clothing,Fleece Hoodie,74.99,30.0,29,2000.71,870.0,1130.71,8,Amanda Torres
SO-12875,2022-11-23,2022-11-28,Online,WARE-UHY1004,South,Alabama,Montgomery,Apex Global Co,Enterprise,Electronics,Laptop Pro 15,1299.99,780.0,31,40299.69,24180.0,16119.69,0,Kevin Williams
SO-12876,2023-06-26,2023-06-30,Distributor,WARE-MCD2201,Southwest,Arizona,Phoenix,Horizon Unity Co,Small Business,Furniture,Office Chair,299.99,145.0,16,4559.84,2320.0,2239.84,5,James Carter
SO-12877,2022-01-17,2022-01-20,In-Store,WARE-NBV1002,Southeast,North Carolina,Raleigh,Digital Sterling Distributors,Retail,Furniture,Corner Desk,699.99,345.0,10,6999.9,3450.0,3549.9,0,David Park
SO-12878,2022-04-28,2022-05-02,In-Store,WARE-PJW3508,Northeast,New Hampshire,Manchester,Coastal Central LLC,Corporate,Clothing,Swimwear,49.99,19.0,3,142.47,57.0,85.47,5,Michael Brown
SO-12879,2022-11-16,2022-11-21,In-Store,WARE-MCD2201,West,Nevada,Las Vegas,Swift Bright Corp,Corporate,Electronics,MacBook Air,1499.99,950.0,24,35999.76,22800.0,13199.76,0,David Park
SO-12880,2023-09-14,2023-09-20,Online,WARE-UHY1004,Southeast,Delaware,Wilmington,Central Apex Supply,Retail,Clothing,Winter Coat,149.99,65.0,10,1424.9,650.0,774.9,5,Emily Johnson
SO-12881,2022-05-24,2022-05-28,Online,WARE-ATL5509,Southeast,Virginia,Richmond,Unity Atlantic Enterprises,Small Business,Furniture,Credenza,649.99,320.0,6,3704.94,1920.0,1784.94,5,Emily Johnson
SO-12882,2022-10-06,2022-10-11,Online,WARE-PJW3508,Midwest,Ohio,Cincinnati,Core Metro Inc,Enterprise,Office Supplies,Flip Chart,69.99,29.0,14,950.46,406.0,544.46,3,Emily Johnson
SO-12883,2024-01-12,2024-01-19,In-Store,WARE-PJW3508,Southeast,District of Columbia,Washington,Central Horizon Retail,Corporate,Furniture,Floor Lamp,159.99,72.0,18,2534.22,1296.0,1238.22,12,Michael Brown
SO-12884,2023-08-02,2023-08-07,Online,WARE-ATL5509,Northeast,Vermont,Burlington,Elite Pacific Enterprises,Government,Clothing,Formal Jacket,129.99,55.0,20,2339.8,1100.0,1239.8,10,Sarah Mitchell
SO-12885,2022-01-19,2022-01-26,Online,WARE-UHY1004,West,Utah,Orem,Sterling Coastal Distributors,Government,Electronics,Gaming Console,499.99,250.0,8,3519.92,2000.0,1519.92,12,Sarah Mitchell
SO-12886,2022-11-30,2022-12-10,In-Store,WARE-NBV1002,Midwest,Illinois,Chicago,Summit Apex Enterprises,Small Business,Clothing,Rain Jacket,99.99,42.0,19,1747.81,798.0,949.81,8,Lisa Chen
SO-12887,2023-02-17,2023-02-22,Wholesale,WARE-ATL5509,South,Mississippi,Jackson,Premier Bright Solutions,Enterprise,Office Supplies,Tape Dispenser,24.99,9.0,17,424.83,153.0,271.83,0,Amanda Torres
SO-12888,2023-08-01,2023-08-06,In-Store,WARE-NBV1002,Midwest,Indiana,Indianapolis,Atlantic Digital Group,Enterprise,Electronics,Smartband,199.99,88.0,22,3959.78,1936.0,2023.78,10,Amanda Torres
SO-12889,2023-01-27,2023-01-31,Distributor,WARE-NBV1002,Northeast,Vermont,Burlington,Digital Pacific Trading,Enterprise,Furniture,Work Bench,549.99,270.0,3,1567.47,810.0,757.47,5,Michael Brown
SO-12890,2022-10-18,2022-10-24,Distributor,WARE-PJW3508,Northeast,Rhode Island,Cranston,Summit Core Trading,Enterprise,Clothing,Rain Jacket,99.99,42.0,12,1055.88,504.0,551.88,12,Sarah Mitchell
SO-12891,2022-02-15,2022-02-20,In-Store,WARE-ATL5509,Southwest,Arizona,Tucson,Central Summit Inc,Small Business,Clothing,Linen Pants,64.99,26.0,9,526.41,234.0,292.41,10,Amanda Torres
SO-12892,2022-06-18,2022-06-25,Wholesale,WARE-PJW3508,South,South Carolina,Spartanburg,Central Global Supply,Corporate,Furniture,Adjustable Monitor Stand,129.99,58.0,11,1286.89,638.0,648.89,10,Michael Brown
SO-12893,2023-03-22,2023-03-26,Distributor,WARE-PJW3508,West,Arizona,Mesa,Sterling Summit Solutions,Retail,Electronics,AirPods Pro,249.99,135.0,4,969.96,540.0,429.96,3,Sarah Mitchell
SO-12894,2022-06-06,2022-06-10,Online,WARE-NBV1002,Southeast,Virginia,Norfolk,Atlantic Apex Solutions,Government,Clothing,Suit Set,299.99,135.0,4,1139.96,540.0,599.96,5,Lisa Chen
SO-12895,2022-12-14,2022-12-19,Distributor,WARE-ATL5509,Midwest,Michigan,Warren,Unity Metro Commerce,Small Business,Office Supplies,Desk Organizer,29.99,11.0,3,79.17,33.0,46.17,12,James Carter
SO-12896,2023-02-05,2023-02-09,Wholesale,WARE-ATL5509,West,Oregon,Gresham,Premier Core Group,Corporate,Electronics,Wireless Headphones,249.99,99.0,7,1749.93,693.0,1056.93,0,Emily Johnson
SO-12897,2022-09-11,2022-09-15,Wholesale,WARE-MCD2201,South,Mississippi,Hattiesburg,Summit Digital Enterprises,Enterprise,Office Supplies,Tape Dispenser,24.99,9.0,8,183.92,72.0,111.92,8,David Park
SO-12898,2023-10-12,2023-10-18,In-Store,WARE-ATL5509,Southeast,Maryland,Bowie,Digital Digital Co,Enterprise,Electronics,External SSD,129.99,55.0,10,1143.9,550.0,593.9,12,Michael Brown
SO-12899,2023-03-04,2023-03-08,Distributor,WARE-ATL5509,Southeast,Delaware,Dover,Premier Coastal Trading,Corporate,Electronics,Smart Watch,399.99,180.0,16,5759.84,2880.0,2879.84,10,Lisa Chen
SO-12900,2023-05-29,2023-06-04,Online,WARE-UHY1004,South,Mississippi,Hattiesburg,Elite Pacific Trading,Corporate,Clothing,Board Shorts,54.99,21.0,7,384.93,147.0,237.93,0,Amanda Torres
SO-12901,2022-11-06,2022-11-16,In-Store,WARE-NBV1002,West,Montana,Billings,Swift National Group,Enterprise,Furniture,Lounge Chair,399.99,195.0,5,1759.95,975.0,784.95,12,Sarah Mitchell
SO-12902,2022-10-14,2022-10-21,Online,WARE-NBV1002,Southeast,North Carolina,Charlotte,National Central Corp,Government,Clothing,Velvet Blazer,179.99,80.0,18,3239.82,1440.0,1799.82,0,Emily Johnson
SO-12903,2022-03-15,2022-03-20,Online,WARE-PJW3508,Southeast,Delaware,Smyrna,Bright Horizon Commerce,Retail,Furniture,Modular Sofa,1499.99,750.0,4,5819.96,3000.0,2819.96,3,Emily Johnson
SO-12904,2023-11-21,2023-11-27,In-Store,WARE-MCD2201,Midwest,Ohio,Cincinnati,Unity Central Corp,Enterprise,Electronics,Laptop Pro 13,1099.99,650.0,27,29699.73,17550.0,12149.73,0,James Carter
SO-12905,2023-10-31,2023-11-07,In-Store,WARE-UHY1004,Midwest,Missouri,Kansas City,Horizon Swift Retail,Enterprise,Office Supplies,Stapler Heavy Duty,29.99,11.0,6,170.94,66.0,104.94,5,Sarah Mitchell
SO-12906,2022-12-12,2022-12-22,Distributor,WARE-NBV1002,Southwest,Nevada,North Las Vegas,Pacific Metro Commerce,Corporate,Electronics,Gaming PC,2499.99,1450.0,5,12499.95,7250.0,5249.95,0,Lisa Chen
SO-12907,2022-01-19,2022-01-22,Wholesale,WARE-PJW3508,West,Montana,Helena,Unity Pacific Inc,Small Business,Clothing,Board Shorts,54.99,21.0,13,607.62,273.0,334.62,15,David Park
SO-12908,2023-07-01,2023-07-06,In-Store,WARE-NBV1002,Southeast,West Virginia,Parkersburg,Coastal Swift Retail,Enterprise,Furniture,Conference Table,999.99,520.0,8,7999.92,4160.0,3839.92,0,James Carter
SO-12909,2023-06-23,2023-06-26,In-Store,WARE-ATL5509,West,Colorado,Fort Collins,Elite Bright Inc,Corporate,Office Supplies,Printer Cartridges,89.99,32.0,16,1367.84,512.0,855.84,5,Rachel Scott
SO-12910,2023-11-12,2023-11-16,In-Store,WARE-PJW3508,South,Texas,Houston,Horizon Global Retail,Retail,Furniture,Adjustable Monitor Stand,129.99,58.0,28,3639.72,1624.0,2015.72,0,Michael Brown
SO-12911,2023-06-20,2023-06-27,In-Store,WARE-MCD2201,Southeast,Kentucky,Bowling Green,Premier Pacific Group,Small Business,Clothing,Country Boots,119.99,52.0,19,1937.81,988.0,949.81,15,Kevin Williams
SO-12912,2024-03-14,2024-03-18,Distributor,WARE-NBV1002,Northeast,Rhode Island,Cranston,Digital Premier Solutions,Corporate,Office Supplies,Copier Machine,1299.99,680.0,7,7734.93,4760.0,2974.93,15,Michael Brown
SO-12913,2024-02-29,2024-03-04,Distributor,WARE-PJW3508,Southeast,District of Columbia,Washington,Unity Swift Trading,Government,Furniture,Credenza,649.99,320.0,12,7799.88,3840.0,3959.88,0,Michael Brown
SO-12914,2023-10-07,2023-10-13,Wholesale,WARE-ATL5509,West,Idaho,Boise,Central Elite Trading,Government,Electronics,Video Doorbell,179.99,80.0,6,1025.94,480.0,545.94,5,Emily Johnson
SO-12915,2022-01-18,2022-01-25,Wholesale,WARE-PJW3508,West,Nevada,Reno,Swift National Commerce,Corporate,Furniture,Accent Table,199.99,92.0,9,1709.91,828.0,881.91,5,James Carter
SO-12916,2023-08-19,2023-08-25,Online,WARE-UHY1004,Southwest,Hawaii,Kapolei,Digital Summit LLC,Enterprise,Electronics,Portable Charger,79.99,34.0,3,239.97,102.0,137.97,0,Rachel Scott
SO-12917,2022-08-31,2022-09-07,Distributor,WARE-NBV1002,Southwest,New Mexico,Rio Rancho,Central Bright Trading,Corporate,Office Supplies,Filing Cabinet,199.99,95.0,5,949.95,475.0,474.95,5,James Carter
SO-12918,2023-09-25,2023-10-09,Wholesale,WARE-UHY1004,Northeast,New Jersey,Elizabeth,Pioneer Premier Inc,Small Business,Electronics,iPad Pro,1099.99,680.0,7,7468.93,4760.0,2708.93,3,David Park
SO-12919,2022-10-10,2022-10-16,Wholesale,WARE-NBV1002,Northeast,Pennsylvania,Philadelphia,National National LLC,Enterprise,Clothing,Suit Set,299.99,135.0,5,1379.95,675.0,704.95,8,James Carter
SO-12920,2022-03-07,2022-03-10,Distributor,WARE-PJW3508,Southeast,Virginia,Norfolk,Atlantic Core Distributors,Retail,Electronics,Laptop Pro 15,1299.99,780.0,16,18719.84,12480.0,6239.84,10,Michael Brown
SO-12921,2023-07-22,2023-07-27,Wholesale,WARE-UHY1004,Northeast,Rhode Island,Providence,Global Pioneer Trading,Enterprise,Furniture,Standing Desk,699.99,350.0,4,2799.96,1400.0,1399.96,0,Robert Adams
SO-12922,2023-04-29,2023-05-03,Online,WARE-UHY1004,West,Colorado,Aurora,Advanced Atlantic Group,Small Business,Furniture,Executive Desk,1199.99,620.0,14,16799.86,8680.0,8119.86,0,Kevin Williams
SO-12923,2023-03-01,2023-03-07,In-Store,WARE-UHY1004,West,New Mexico,Albuquerque,Premier Sterling Distributors,Enterprise,Electronics,Smart Speaker,199.99,90.0,11,2199.89,990.0,1209.89,0,Amanda Torres
SO-12924,2022-11-05,2022-11-10,In-Store,WARE-UHY1004,West,New Mexico,Rio Rancho,Horizon Pioneer Group,Retail,Electronics,Satellite Phone,799.99,420.0,5,3999.95,2100.0,1899.95,0,Rachel Scott
SO-12925,2023-02-08,2023-02-12,Online,WARE-MCD2201,Southeast,Kentucky,Owensboro,Unity Core Supply,Government,Furniture,Work Bench,549.99,270.0,4,1979.96,1080.0,899.96,10,Emily Johnson
SO-12926,2022-04-06,2022-04-10,Distributor,WARE-PJW3508,Northeast,Maine,Portland,Atlantic Premier Co,Enterprise,Furniture,Corner Desk,699.99,345.0,3,1994.97,1035.0,959.97,5,David Park
SO-12927,2022-03-18,2022-03-25,Wholesale,WARE-MCD2201,West,Colorado,Denver,Pacific Bright Inc,Government,Office Supplies,Tape Dispenser,24.99,9.0,16,379.84,144.0,235.84,5,Lisa Chen
SO-12928,2024-01-29,2024-02-02,Wholesale,WARE-NBV1002,Midwest,Indiana,Indianapolis,Atlantic Pacific Enterprises,Retail,Furniture,Credenza,649.99,320.0,1,649.99,320.0,329.99,0,James Carter
SO-12929,2022-04-17,2022-04-22,Online,WARE-MCD2201,West,Washington,Spokane,National Pacific Retail,Small Business,Electronics,iPhone 15,999.99,620.0,5,4399.95,3100.0,1299.95,12,James Carter
SO-12930,2023-03-09,2023-03-11,Distributor,WARE-PJW3508,South,Alabama,Mobile,Bright Pacific Retail,Small Business,Clothing,Turtleneck,59.99,24.0,9,539.91,216.0,323.91,0,David Park
SO-12931,2022-03-18,2022-03-23,In-Store,WARE-PJW3508,Southwest,New Mexico,Santa Fe,Elite Advanced Supply,Corporate,Office Supplies,Heavy Duty Punch,79.99,34.0,4,303.96,136.0,167.96,5,Sarah Mitchell
SO-12932,2023-02-10,2023-02-13,Online,WARE-MCD2201,Midwest,Iowa,Davenport,Summit Summit Group,Enterprise,Furniture,Hallway Table,279.99,132.0,14,3449.46,1848.0,1601.46,12,Robert Adams
SO-12933,2022-09-25,2022-09-28,Distributor,WARE-ATL5509,Southwest,Arizona,Phoenix,Core Apex LLC,Small Business,Clothing,Linen Shirt,54.99,21.0,13,629.07,273.0,356.07,12,Emily Johnson
SO-12934,2022-03-08,2022-03-12,Online,WARE-MCD2201,Midwest,Missouri,Columbia,Pioneer Elite Group,Enterprise,Furniture,Glass Desk,799.99,400.0,16,12159.84,6400.0,5759.84,5,Rachel Scott
SO-12935,2023-10-24,2023-10-27,Distributor,WARE-MCD2201,Midwest,Illinois,Joliet,Horizon Atlantic Group,Small Business,Electronics,Home Theater System,1499.99,820.0,10,14549.9,8200.0,6349.9,3,Sarah Mitchell
SO-12936,2023-05-11,2023-05-16,Online,WARE-ATL5509,Southwest,New Mexico,Santa Fe,Digital Coastal Inc,Government,Electronics,Smartband,199.99,88.0,18,3419.82,1584.0,1835.82,5,Emily Johnson
SO-12937,2022-10-12,2022-10-17,In-Store,WARE-PJW3508,Northeast,New Jersey,Newark,National National Co,Government,Furniture,Accent Table,199.99,92.0,10,1799.9,920.0,879.9,10,Amanda Torres
SO-12938,2022-04-07,2022-04-12,Online,WARE-MCD2201,South,Mississippi,Meridian,Summit Apex Group,Enterprise,Clothing,Formal Jacket,129.99,55.0,14,1728.86,770.0,958.86,5,James Carter
SO-12939,2022-01-19,2022-01-29,Wholesale,WARE-ATL5509,Midwest,Illinois,Naperville,Unity Pioneer Distributors,Government,Office Supplies,Desk Organizer,29.99,11.0,3,89.97,33.0,56.97,0,Amanda Torres
SO-12940,2023-08-02,2023-08-06,Wholesale,WARE-ATL5509,Midwest,Illinois,Peoria,Metro Core Solutions,Small Business,Furniture,Work Bench,549.99,270.0,2,1044.98,540.0,504.98,5,Kevin Williams
SO-12941,2022-06-06,2022-06-11,In-Store,WARE-PJW3508,Northeast,New Hampshire,Concord,Coastal Elite Supply,Corporate,Clothing,Suit Set,299.99,135.0,14,4199.86,1890.0,2309.86,0,David Park
SO-12942,2022-02-06,2022-02-10,Online,WARE-MCD2201,Southwest,Arizona,Phoenix,Unity Core Inc,Government,Furniture,Ergonomic Chair Pro,449.99,218.0,13,5264.87,2834.0,2430.87,10,Emily Johnson
SO-12943,2023-08-20,2023-08-26,In-Store,WARE-NBV1002,Northeast,Massachusetts,Worcester,Summit Premier Group,Small Business,Electronics,Smart Lock,249.99,115.0,12,2639.88,1380.0,1259.88,12,Lisa Chen
SO-12944,2022-01-03,2022-01-08,In-Store,WARE-MCD2201,West,New Mexico,Santa Fe,Central Atlantic Trading,Corporate,Office Supplies,Laminator,89.99,40.0,7,598.43,280.0,318.43,5,Michael Brown
SO-12945,2023-10-31,2023-11-04,Wholesale,WARE-PJW3508,Northeast,Pennsylvania,Allentown,Pioneer Horizon Group,Small Business,Office Supplies,Desk Organizer,29.99,11.0,16,465.44,176.0,289.44,3,Sarah Mitchell
SO-12946,2022-09-16,2022-09-18,Online,WARE-PJW3508,Southwest,Colorado,Colorado Springs,National Horizon Co,Government,Electronics,USB-C Hub,79.99,32.0,6,407.94,192.0,215.94,15,Amanda Torres
SO-12947,2023-11-10,2023-11-24,Online,WARE-ATL5509,Northeast,New Jersey,Jersey City,Pioneer National Retail,Enterprise,Furniture,Conference Table,999.99,520.0,24,23999.76,12480.0,11519.76,0,Lisa Chen
SO-12948,2022-10-30,2022-11-04,In-Store,WARE-UHY1004,Southwest,Hawaii,Kapolei,Bright Apex Enterprises,Government,Office Supplies,Electric Stapler,49.99,19.0,6,269.94,114.0,155.94,10,Sarah Mitchell
SO-12949,2022-09-03,2022-09-06,Online,WARE-NBV1002,West,Washington,Spokane,National Elite Inc,Retail,Office Supplies,Paper Shredder,129.99,62.0,11,1429.89,682.0,747.89,0,Lisa Chen
SO-12950,2023-02-19,2023-03-01,In-Store,WARE-UHY1004,South,Alabama,Birmingham,Atlantic Premier Group,Small Business,Office Supplies,Flip Chart,69.99,29.0,9,598.41,261.0,337.41,5,Emily Johnson
SO-12951,2024-02-10,2024-02-17,In-Store,WARE-ATL5509,South,Texas,Corpus Christi,Metro Bright Co,Corporate,Office Supplies,Card Reader,39.99,15.0,11,395.89,165.0,230.89,10,Emily Johnson
SO-12952,2023-03-27,2023-03-31,Online,WARE-MCD2201,West,California,Anaheim,Premier Atlantic Group,Government,Furniture,Laptop Cart,299.99,145.0,17,4334.83,2465.0,1869.83,15,Robert Adams
SO-12953,2023-09-03,2023-09-08,Online,WARE-MCD2201,South,Mississippi,Jackson,Atlantic Core Group,Government,Electronics,Portable Charger,79.99,34.0,7,531.93,238.0,293.93,5,Michael Brown
SO-12954,2022-01-04,2022-01-09,Online,WARE-NBV1002,Midwest,Nebraska,Kearney,Digital National Commerce,Small Business,Office Supplies,Calligraphy Set,39.99,15.0,7,265.93,105.0,160.93,5,Emily Johnson
SO-12955,2022-09-30,2022-10-04,Wholesale,WARE-MCD2201,West,California,Stockton,Pioneer Sterling Inc,Corporate,Furniture,TV Stand,249.99,118.0,13,3087.37,1534.0,1553.37,5,James Carter
SO-12956,2023-06-04,2023-06-07,Online,WARE-NBV1002,Midwest,Minnesota,Rochester,Advanced Swift Supply,Government,Furniture,Accent Table,199.99,92.0,18,3491.82,1656.0,1835.82,3,James Carter
SO-12957,2022-11-26,2022-12-03,Wholesale,WARE-ATL5509,Southwest,Nevada,Sparks,Swift Advanced Enterprises,Government,Office Supplies,Card Reader,39.99,15.0,6,239.94,90.0,149.94,0,Robert Adams
SO-12958,2023-04-21,2023-05-05,In-Store,WARE-UHY1004,Midwest,Kansas,Olathe,Sterling Atlantic Solutions,Corporate,Furniture,Lounge Chair,399.99,195.0,3,1103.97,585.0,518.97,8,Amanda Torres
SO-12959,2023-05-21,2023-05-27,Online,WARE-ATL5509,Northeast,Vermont,Barre,Elite National LLC,Corporate,Clothing,Swimwear,49.99,19.0,2,91.98,38.0,53.98,8,David Park
SO-12960,2024-02-01,2024-02-03,Online,WARE-UHY1004,Southwest,Arizona,Phoenix,Horizon Elite Supply,Enterprise,Furniture,Office Chair,299.99,145.0,8,2327.92,1160.0,1167.92,3,James Carter
SO-12961,2022-01-09,2022-01-14,In-Store,WARE-NBV1002,South,Arkansas,Springdale,Global Central LLC,Corporate,Electronics,Smart Lock,249.99,115.0,7,1697.43,805.0,892.43,3,Michael Brown
SO-12962,2022-05-28,2022-06-02,Distributor,WARE-MCD2201,Midwest,Kansas,Overland Park,Digital Sterling Corp,Government,Electronics,Video Doorbell,179.99,80.0,4,683.96,320.0,363.96,5,Michael Brown
SO-12963,2022-03-04,2022-03-14,Distributor,WARE-UHY1004,West,Colorado,Colorado Springs,Bright Core Inc,Retail,Furniture,Office Chair,299.99,145.0,14,4199.86,2030.0,2169.86,0,Amanda Torres
SO-12964,2023-04-07,2023-04-17,Online,WARE-UHY1004,Southeast,District of Columbia,Washington,Core Apex Enterprises,Enterprise,Office Supplies,Ergonomic Chair,349.99,175.0,6,2099.94,1050.0,1049.94,0,Lisa Chen
SO-12965,2024-03-30,2024-04-03,Online,WARE-MCD2201,Northeast,New Hampshire,Manchester,Pioneer Digital Supply,Enterprise,Clothing,Linen Pants,64.99,26.0,9,538.11,234.0,304.11,8,Michael Brown
SO-12966,2023-10-14,2023-10-24,Distributor,WARE-NBV1002,South,Texas,El Paso,Pioneer Central Enterprises,Government,Furniture,Conference Table,999.99,520.0,12,11399.88,6240.0,5159.88,5,Robert Adams
SO-12967,2023-09-08,2023-09-10,Online,WARE-PJW3508,Northeast,Massachusetts,Cambridge,Pacific National Co,Corporate,Clothing,Fleece Hoodie,74.99,30.0,8,599.92,240.0,359.92,0,Lisa Chen
SO-12968,2023-08-08,2023-08-15,Distributor,WARE-NBV1002,Southwest,New Mexico,Santa Fe,Central Apex Co,Corporate,Clothing,Business Casual Shirt,59.99,22.0,4,227.96,88.0,139.96,5,James Carter
SO-12969,2024-01-01,2024-01-05,Wholesale,WARE-ATL5509,Northeast,New Jersey,Newark,Advanced Core Enterprises,Small Business,Electronics,Server Unit,4999.99,2800.0,14,66499.86,39200.0,27299.86,5,Michael Brown
SO-12970,2023-02-21,2023-02-25,Distributor,WARE-MCD2201,Southwest,Hawaii,Kailua,Bright Core Corp,Retail,Office Supplies,Laminator,89.99,40.0,1,79.19,40.0,39.19,12,Robert Adams
SO-12971,2022-07-17,2022-07-19,Online,WARE-NBV1002,Midwest,Iowa,Sioux City,Core Pioneer Supply,Government,Electronics,iPad Pro,1099.99,680.0,18,17819.82,12240.0,5579.82,10,Sarah Mitchell
SO-12972,2023-11-29,2023-12-02,Online,WARE-PJW3508,South,Florida,Pensacola,Apex Bright Solutions,Small Business,Furniture,Work Bench,549.99,270.0,26,14299.74,7020.0,7279.74,0,Sarah Mitchell
SO-12973,2022-09-20,2022-09-26,Wholesale,WARE-UHY1004,Midwest,Illinois,Joliet,Horizon Horizon Supply,Corporate,Electronics,Ring Light,89.99,36.0,3,256.47,108.0,148.47,5,James Carter
SO-12974,2023-08-21,2023-08-26,Wholesale,WARE-NBV1002,Southwest,Utah,West Valley City,Premier Apex Co,Retail,Office Supplies,Label Printer,179.99,82.0,16,2879.84,1312.0,1567.84,0,Kevin Williams
SO-12975,2023-03-06,2023-03-11,Distributor,WARE-NBV1002,Midwest,Wisconsin,Green Bay,Core Premier Co,Government,Clothing,Running Shoes,89.99,38.0,10,791.9,380.0,411.9,12,Emily Johnson
SO-12976,2023-03-31,2023-04-04,In-Store,WARE-ATL5509,South,Oklahoma,Oklahoma City,Horizon Core Supply,Retail,Electronics,Gaming PC,2499.99,1450.0,5,11874.95,7250.0,4624.95,5,Lisa Chen
SO-12977,2023-08-13,2023-08-15,Distributor,WARE-ATL5509,Southeast,North Carolina,Greensboro,Bright Sterling Trading,Enterprise,Furniture,Partition Wall,349.99,168.0,11,3849.89,1848.0,2001.89,0,David Park
SO-12978,2024-01-30,2024-02-04,Wholesale,WARE-MCD2201,South,South Carolina,Charleston,Horizon National Enterprises,Retail,Furniture,Laptop Cart,299.99,145.0,17,5099.83,2465.0,2634.83,0,Michael Brown
SO-12979,2022-02-16,2022-02-20,Online,WARE-ATL5509,Southeast,West Virginia,Huntington,Apex Atlantic Distributors,Retail,Clothing,Linen Shirt,54.99,21.0,11,604.89,231.0,373.89,0,Sarah Mitchell
SO-12980,2023-03-29,2023-04-05,Online,WARE-ATL5509,West,Oregon,Hillsboro,Central Coastal Inc,Corporate,Clothing,Winter Coat,149.99,65.0,14,1931.86,910.0,1021.86,8,Rachel Scott
SO-12981,2022-05-10,2022-05-15,Wholesale,WARE-ATL5509,South,Alabama,Huntsville,Elite Atlantic Enterprises,Retail,Clothing,Rain Jacket,99.99,42.0,11,934.89,462.0,472.89,15,James Carter
SO-12982,2022-11-23,2022-11-25,Wholesale,WARE-MCD2201,Southeast,Kentucky,Bowling Green,Central Elite Supply,Corporate,Clothing,Golf Polo,64.99,26.0,10,617.4,260.0,357.4,5,Michael Brown
SO-12983,2022-10-06,2022-10-11,Distributor,WARE-NBV1002,Midwest,Iowa,Sioux City,Digital Metro Corp,Corporate,Clothing,Summer Dress,79.99,30.0,2,143.98,60.0,83.98,10,Lisa Chen
SO-12984,2023-10-18,2023-10-22,In-Store,WARE-MCD2201,Midwest,Wisconsin,Green Bay,Summit Apex Trading,Enterprise,Furniture,Conference Table,999.99,520.0,18,17099.82,9360.0,7739.82,5,Michael Brown
SO-12985,2022-12-11,2022-12-16,Distributor,WARE-UHY1004,Southwest,Colorado,Aurora,Elite National Solutions,Corporate,Furniture,Adjustable Monitor Stand,129.99,58.0,33,3946.47,1914.0,2032.47,8,Lisa Chen
SO-12986,2023-04-06,2023-04-11,In-Store,WARE-MCD2201,Northeast,Rhode Island,Cranston,Summit Unity Retail,Retail,Electronics,Laptop Cooling Pad,49.99,19.0,6,269.94,114.0,155.94,10,Rachel Scott
SO-12987,2024-01-05,2024-01-10,Online,WARE-UHY1004,Midwest,Kansas,Topeka,Premier Central Trading,Retail,Clothing,Formal Jacket,129.99,55.0,18,2222.82,990.0,1232.82,5,David Park
SO-12988,2023-03-22,2023-03-26,Distributor,WARE-NBV1002,Southeast,Delaware,Wilmington,Core Sterling Group,Corporate,Office Supplies,Tape Dispenser,24.99,9.0,10,249.9,90.0,159.9,0,Amanda Torres
SO-12989,2022-12-30,2023-01-04,Distributor,WARE-MCD2201,Southeast,Kentucky,Owensboro,Unity Advanced Corp,Corporate,Electronics,Smart Home Hub,299.99,140.0,17,4589.83,2380.0,2209.83,10,David Park
SO-12990,2022-07-17,2022-07-22,In-Store,WARE-PJW3508,Midwest,Nebraska,Omaha,Horizon Premier Solutions,Corporate,Electronics,Action Camera,349.99,170.0,15,5249.85,2550.0,2699.85,0,Sarah Mitchell
SO-12991,2023-09-20,2023-09-25,In-Store,WARE-NBV1002,West,Montana,Billings,Core Unity Corp,Retail,Furniture,Storage Cabinet,449.99,215.0,16,6479.84,3440.0,3039.84,10,James Carter
SO-12992,2024-02-12,2024-02-19,Wholesale,WARE-PJW3508,Northeast,New Hampshire,Manchester,Global Summit Group,Small Business,Office Supplies,Filing Cabinet,199.99,95.0,10,1699.9,950.0,749.9,15,Robert Adams
SO-12993,2022-10-16,2022-10-21,Distributor,WARE-ATL5509,West,Montana,Missoula,Coastal Bright Retail,Government,Furniture,Bar Cart,299.99,140.0,4,1199.96,560.0,639.96,0,Sarah Mitchell
SO-12994,2022-09-27,2022-10-01,Wholesale,WARE-ATL5509,Northeast,Connecticut,Waterbury,Swift Summit Commerce,Corporate,Furniture,Storage Cabinet,449.99,215.0,2,899.98,430.0,469.98,0,Michael Brown
SO-12995,2022-03-26,2022-03-28,Online,WARE-PJW3508,West,Nevada,Sparks,National Bright Supply,Government,Furniture,Corner Desk,699.99,345.0,5,3394.95,1725.0,1669.95,3,David Park
SO-12996,2022-08-11,2022-08-21,In-Store,WARE-MCD2201,West,Utah,Orem,Elite Swift Retail,Enterprise,Furniture,Glass Desk,799.99,400.0,20,15199.8,8000.0,7199.8,5,Michael Brown
SO-12997,2022-09-06,2022-09-12,Distributor,WARE-NBV1002,South,Oklahoma,Lawton,Sterling Swift Retail,Small Business,Furniture,Bookshelf,249.99,110.0,16,3879.84,1760.0,2119.84,3,James Carter
SO-12998,2023-12-02,2023-12-16,In-Store,WARE-PJW3508,Southwest,Nevada,North Las Vegas,Elite Pacific Trading,Corporate,Clothing,Casual Pants,69.99,28.0,8,475.92,224.0,251.92,15,Lisa Chen
SO-12999,2023-09-25,2023-09-29,Wholesale,WARE-UHY1004,Midwest,Minnesota,Saint Paul,Unity National Supply,Retail,Clothing,Golf Polo,64.99,26.0,5,308.7,130.0,178.7,5,Kevin Williams
SO-13000,2023-06-07,2023-06-12,Wholesale,WARE-MCD2201,Southwest,Hawaii,Kapolei,Core Pacific Corp,Small Business,Office Supplies,Letter Opener,14.99,5.0,18,256.32,90.0,166.32,5,Kevin Williams
SO-13001,2023-01-28,2023-01-31,In-Store,WARE-ATL5509,West,New Mexico,Rio Rancho,Digital Coastal Supply,Retail,Clothing,Linen Pants,64.99,26.0,3,194.97,78.0,116.97,0,Rachel Scott
SO-13002,2024-02-01,2024-02-06,Online,WARE-PJW3508,West,Nevada,Henderson,Unity Metro Corp,Corporate,Furniture,Corner Desk,699.99,345.0,11,7699.89,3795.0,3904.89,0,Michael Brown
SO-13003,2022-03-12,2022-03-17,Online,WARE-UHY1004,Northeast,New York,Rochester,National National Enterprises,Retail,Electronics,NAS Storage,899.99,450.0,5,4274.95,2250.0,2024.95,5,Lisa Chen
SO-13004,2023-02-10,2023-02-17,In-Store,WARE-PJW3508,West,Idaho,Boise,Global Pacific Distributors,Small Business,Furniture,Bar Cart,299.99,140.0,8,2279.92,1120.0,1159.92,5,Sarah Mitchell
SO-13005,2022-11-28,2022-12-02,In-Store,WARE-MCD2201,Southwest,Arizona,Phoenix,Digital National LLC,Corporate,Electronics,Bloomberg Terminal,5999.99,3800.0,35,193199.65,133000.0,60199.65,8,James Carter
SO-13006,2022-07-15,2022-07-25,Wholesale,WARE-UHY1004,Southwest,Arizona,Chandler,Apex Central Inc,Corporate,Furniture,TV Stand,249.99,118.0,4,899.96,472.0,427.96,10,Robert Adams
SO-13007,2022-08-30,2022-09-04,Distributor,WARE-ATL5509,Northeast,Maine,Lewiston,Pacific Global LLC,Small Business,Clothing,Denim Jacket,89.99,38.0,21,1889.79,798.0,1091.79,0,David Park
SO-13008,2023-11-25,2023-11-27,Wholesale,WARE-PJW3508,South,Florida,Tampa,Central Pacific Group,Enterprise,Office Supplies,Letter Opener,14.99,5.0,19,284.81,95.0,189.81,0,Rachel Scott
SO-13009,2022-11-17,2022-12-01,Online,WARE-PJW3508,West,Utah,Salt Lake City,National Pioneer Commerce,Retail,Office Supplies,Ink Tank Printer,399.99,195.0,8,3039.92,1560.0,1479.92,5,Sarah Mitchell
SO-13010,2022-12-14,2022-12-17,Online,WARE-ATL5509,Northeast,New Hampshire,Manchester,National Pacific Supply,Enterprise,Electronics,Smart TV 55,799.99,400.0,6,4559.94,2400.0,2159.94,5,Rachel Scott
SO-13011,2023-02-20,2023-02-26,Wholesale,WARE-MCD2201,Southwest,Alaska,Anchorage,Horizon Horizon Distributors,Corporate,Office Supplies,Desk Organizer,29.99,11.0,7,199.43,77.0,122.43,5,Lisa Chen
SO-13012,2022-11-21,2022-11-25,Wholesale,WARE-PJW3508,Midwest,Kansas,Kansas City,Premier Premier Co,Corporate,Clothing,Casual Pants,69.99,28.0,33,2194.17,924.0,1270.17,5,David Park
SO-13013,2024-03-10,2024-03-14,Wholesale,WARE-MCD2201,Southeast,Maryland,Bowie,Atlantic Unity Corp,Corporate,Clothing,Summer Dress,79.99,30.0,16,1215.84,480.0,735.84,5,Sarah Mitchell
SO-13014,2022-02-26,2022-03-08,Distributor,WARE-PJW3508,Midwest,Kansas,Topeka,Pacific Bright Enterprises,Retail,Electronics,Action Camera,349.99,170.0,12,4199.88,2040.0,2159.88,0,James Carter
SO-13015,2023-07-16,2023-07-23,Distributor,WARE-NBV1002,Southeast,Virginia,Richmond,Metro Advanced Co,Enterprise,Clothing,Suit Set,299.99,135.0,14,3989.86,1890.0,2099.86,5,Michael Brown
SO-13016,2024-02-06,2024-02-11,Distributor,WARE-NBV1002,Southwest,Nevada,Sparks,Unity Swift Inc,Corporate,Furniture,Glass Desk,799.99,400.0,13,10399.87,5200.0,5199.87,0,Lisa Chen
SO-13017,2023-02-25,2023-03-01,In-Store,WARE-PJW3508,Northeast,Pennsylvania,Erie,Digital Metro Co,Corporate,Clothing,Chinos,74.99,30.0,17,1083.58,510.0,573.58,15,David Park
SO-13018,2023-04-01,2023-04-07,Wholesale,WARE-ATL5509,Southwest,Arizona,Mesa,Digital Global Inc,Corporate,Office Supplies,Ergonomic Chair,349.99,175.0,13,4549.87,2275.0,2274.87,0,Michael Brown
SO-13019,2023-11-19,2023-11-24,Online,WARE-NBV1002,South,Mississippi,Biloxi,Coastal Central Supply,Enterprise,Clothing,Casual Pants,69.99,28.0,17,1070.83,476.0,594.83,10,Michael Brown
SO-13020,2022-01-30,2022-02-04,Online,WARE-NBV1002,Northeast,Maine,Portland,Digital Apex LLC,Retail,Furniture,Conference Table,999.99,520.0,16,15999.84,8320.0,7679.84,0,Amanda Torres
SO-13021,2023-01-07,2023-01-12,Online,WARE-MCD2201,Southeast,Maryland,Frederick,Central Horizon Enterprises,Retail,Furniture,Reception Desk,849.99,430.0,15,11219.85,6450.0,4769.85,12,Amanda Torres
SO-13022,2024-02-17,2024-02-21,In-Store,WARE-NBV1002,South,Florida,Tampa,Advanced Elite Inc,Enterprise,Office Supplies,Calligraphy Set,39.99,15.0,8,319.92,120.0,199.92,0,Robert Adams
SO-13023,2022-08-16,2022-08-21,Online,WARE-UHY1004,West,Oregon,Eugene,Advanced Metro Commerce,Corporate,Clothing,Linen Pants,64.99,26.0,8,467.92,208.0,259.92,10,Lisa Chen
SO-13024,2023-04-22,2023-04-27,In-Store,WARE-UHY1004,Southeast,Delaware,Newark,Swift Global LLC,Enterprise,Furniture,Floor Lamp,159.99,72.0,13,1830.27,936.0,894.27,12,David Park
SO-13025,2024-01-31,2024-02-07,Wholesale,WARE-NBV1002,South,Texas,Austin,Metro Summit Solutions,Corporate,Clothing,Summer Dress,79.99,30.0,1,70.39,30.0,40.39,12,David Park
SO-13026,2022-09-04,2022-09-07,Online,WARE-PJW3508,Southwest,Nevada,Las Vegas,Pioneer Core Solutions,Corporate,Clothing,Sun Hat,34.99,13.0,15,498.6,195.0,303.6,5,David Park
SO-13027,2023-02-28,2023-03-14,In-Store,WARE-MCD2201,West,Utah,Salt Lake City,Apex Swift Trading,Corporate,Clothing,Sun Hat,34.99,13.0,5,160.95,65.0,95.95,8,Robert Adams
SO-13028,2022-05-28,2022-06-03,Online,WARE-ATL5509,Midwest,Minnesota,Duluth,Pioneer Advanced Solutions,Corporate,Clothing,Denim Jacket,89.99,38.0,2,179.98,76.0,103.98,0,David Park
SO-13029,2024-03-30,2024-04-06,In-Store,WARE-PJW3508,Southeast,Maryland,Baltimore,Horizon Atlantic Commerce,Corporate,Clothing,Linen Pants,64.99,26.0,15,857.85,390.0,467.85,12,James Carter
SO-13030,2023-07-07,2023-07-12,Online,WARE-PJW3508,Northeast,New York,Rochester,Bright National Inc,Retail,Clothing,Fleece Hoodie,74.99,30.0,11,800.14,330.0,470.14,3,James Carter
SO-13031,2023-07-01,2023-07-07,In-Store,WARE-MCD2201,South,Alabama,Mobile,Metro Coastal Co,Enterprise,Electronics,Digital Whiteboard,1999.99,1100.0,21,37799.79,23100.0,14699.79,10,Rachel Scott
SO-13032,2022-02-22,2022-02-28,Online,WARE-UHY1004,Northeast,New Jersey,Paterson,Metro Advanced Enterprises,Retail,Clothing,Country Boots,119.99,52.0,11,1280.29,572.0,708.29,3,Kevin Williams
SO-13033,2022-09-27,2022-09-30,Online,WARE-NBV1002,Southeast,North Carolina,Raleigh,Global Metro Solutions,Government,Clothing,Holiday Sweater,69.99,28.0,12,814.68,336.0,478.68,3,Kevin Williams
SO-13034,2022-08-03,2022-08-08,Wholesale,WARE-PJW3508,Midwest,Iowa,Davenport,Swift Sterling Corp,Corporate,Furniture,Credenza,649.99,320.0,19,12349.81,6080.0,6269.81,0,David Park
SO-13035,2023-04-01,2023-04-05,In-Store,WARE-ATL5509,South,Oklahoma,Tulsa,Premier Global Solutions,Enterprise,Furniture,Standing Desk,699.99,350.0,6,4073.94,2100.0,1973.94,3,Sarah Mitchell
SO-13036,2022-12-04,2022-12-08,Wholesale,WARE-PJW3508,Midwest,Indiana,Indianapolis,Pacific Digital Commerce,Corporate,Electronics,Smart Watch,399.99,180.0,13,5199.87,2340.0,2859.87,0,Lisa Chen
SO-13037,2023-10-13,2023-10-16,Online,WARE-UHY1004,Northeast,Pennsylvania,Reading,Apex Pacific Co,Corporate,Electronics,USB Microphone,179.99,78.0,9,1619.91,702.0,917.91,0,James Carter
SO-13038,2023-01-18,2023-01-22,In-Store,WARE-MCD2201,West,Arizona,Phoenix,Core Elite Group,Retail,Furniture,Adjustable Monitor Stand,129.99,58.0,3,331.47,174.0,157.47,15,Rachel Scott
SO-13039,2022-08-20,2022-08-25,In-Store,WARE-PJW3508,South,Mississippi,Meridian,Elite Metro Distributors,Small Business,Furniture,Lateral File Cabinet,399.99,192.0,18,6119.82,3456.0,2663.82,15,Emily Johnson
SO-13040,2023-02-27,2023-03-04,Distributor,WARE-NBV1002,Southeast,North Carolina,Durham,Digital Pacific Corp,Small Business,Electronics,4K Camera,1199.99,600.0,7,8399.93,4200.0,4199.93,0,Amanda Torres
SO-13041,2023-10-23,2023-10-28,Wholesale,WARE-ATL5509,South,South Carolina,Greenville,Bright National Trading,Enterprise,Electronics,Smart Monitor 27,599.99,290.0,11,6599.89,3190.0,3409.89,0,Emily Johnson
SO-13042,2023-11-26,2023-11-29,Distributor,WARE-MCD2201,West,Arizona,Tucson,Pioneer Core Co,Government,Clothing,Turtleneck,59.99,24.0,15,854.85,360.0,494.85,5,Sarah Mitchell
SO-13043,2022-10-28,2022-11-03,Wholesale,WARE-MCD2201,Midwest,Illinois,Naperville,Swift Digital Distributors,Small Business,Furniture,Corner Desk,699.99,345.0,13,9099.87,4485.0,4614.87,0,Emily Johnson
SO-13044,2022-10-15,2022-10-22,In-Store,WARE-NBV1002,Southwest,New Mexico,Las Cruces,National National Supply,Government,Office Supplies,Ergonomic Chair,349.99,175.0,5,1697.45,875.0,822.45,3,David Park
SO-13045,2024-01-14,2024-01-19,In-Store,WARE-ATL5509,Northeast,Connecticut,Bridgeport,Global Global Co,Retail,Electronics,Portable Charger,79.99,34.0,5,379.95,170.0,209.95,5,David Park
SO-13046,2023-05-27,2023-06-01,Wholesale,WARE-MCD2201,West,Idaho,Meridian,Digital Pioneer Enterprises,Small Business,Clothing,Formal Jacket,129.99,55.0,5,649.95,275.0,374.95,0,David Park
SO-13047,2022-07-18,2022-07-21,In-Store,WARE-NBV1002,Southeast,North Carolina,Greensboro,Unity Summit Group,Government,Office Supplies,Desk Organizer,29.99,11.0,18,475.02,198.0,277.02,12,Amanda Torres
SO-13048,2023-04-21,2023-04-24,Wholesale,WARE-UHY1004,Northeast,Massachusetts,Lowell,Apex Atlantic Commerce,Corporate,Office Supplies,Heavy Duty Punch,79.99,34.0,16,1151.84,544.0,607.84,10,James Carter
SO-13049,2023-04-17,2023-04-27,Wholesale,WARE-NBV1002,Southeast,Delaware,Middletown,Unity Pacific Trading,Corporate,Office Supplies,Electric Stapler,49.99,19.0,17,849.83,323.0,526.83,0,David Park
SO-13050,2023-05-14,2023-05-18,Distributor,WARE-MCD2201,West,Idaho,Pocatello,Apex Premier Commerce,Enterprise,Electronics,AirPods Pro,249.99,135.0,2,499.98,270.0,229.98,0,Kevin Williams
SO-13051,2023-04-06,2023-04-10,Wholesale,WARE-ATL5509,Northeast,Vermont,Montpelier,Atlantic Core Distributors,Retail,Electronics,Laptop Cooling Pad,49.99,19.0,5,237.45,95.0,142.45,5,James Carter
SO-13052,2022-08-06,2022-08-11,Distributor,WARE-PJW3508,South,Florida,Miami,Core Swift Solutions,Government,Electronics,USB Microphone,179.99,78.0,10,1799.9,780.0,1019.9,0,Amanda Torres
SO-13053,2022-09-10,2022-09-14,Wholesale,WARE-UHY1004,Southeast,Delaware,Wilmington,Swift Coastal Supply,Retail,Furniture,Laptop Cart,299.99,145.0,7,1994.93,1015.0,979.93,5,James Carter
SO-13054,2023-06-01,2023-06-06,Distributor,WARE-ATL5509,South,Florida,Jacksonville,Central Sterling Inc,Government,Electronics,Satellite Phone,799.99,420.0,2,1471.98,840.0,631.98,8,Amanda Torres
SO-13055,2023-05-26,2023-05-28,Distributor,WARE-UHY1004,Southwest,Colorado,Colorado Springs,Digital Unity Corp,Retail,Electronics,USB Microphone,179.99,78.0,18,3142.62,1404.0,1738.62,3,Sarah Mitchell
SO-13056,2022-10-22,2022-10-26,Online,WARE-UHY1004,South,Mississippi,Meridian,Horizon Swift Retail,Retail,Clothing,Business Casual Shirt,59.99,22.0,3,170.97,66.0,104.97,5,Emily Johnson
SO-13057,2023-05-05,2023-05-10,Distributor,WARE-PJW3508,Southwest,Arizona,Mesa,Advanced Horizon Distributors,Small Business,Office Supplies,Label Printer,179.99,82.0,11,1979.89,902.0,1077.89,0,Emily Johnson
SO-13058,2022-08-20,2022-08-25,In-Store,WARE-NBV1002,Northeast,Maine,Auburn,Horizon Central Trading,Government,Office Supplies,Tape Dispenser,24.99,9.0,3,63.72,27.0,36.72,15,Michael Brown
SO-13059,2023-02-15,2023-02-22,Distributor,WARE-MCD2201,Northeast,Maine,Auburn,Pioneer Digital Enterprises,Retail,Furniture,Floor Lamp,159.99,72.0,9,1439.91,648.0,791.91,0,Robert Adams
SO-13060,2022-12-18,2022-12-22,Distributor,WARE-ATL5509,Northeast,Maine,Auburn,Sterling Summit Co,Retail,Furniture,Storage Cabinet,449.99,215.0,11,4702.39,2365.0,2337.39,5,David Park
SO-13061,2023-09-14,2023-09-28,Distributor,WARE-NBV1002,West,Oregon,Hillsboro,Summit Central Enterprises,Retail,Office Supplies,Label Maker,59.99,24.0,2,119.98,48.0,71.98,0,James Carter
SO-13062,2023-06-14,2023-06-19,In-Store,WARE-UHY1004,Northeast,Rhode Island,Warwick,Swift Central Retail,Government,Electronics,Gaming Console,499.99,250.0,7,3394.93,1750.0,1644.93,3,Robert Adams
SO-13063,2022-06-08,2022-06-14,Wholesale,WARE-UHY1004,South,Oklahoma,Lawton,Central Unity Supply,Government,Clothing,Casual Pants,69.99,28.0,13,864.37,364.0,500.37,5,David Park
SO-13064,2023-02-16,2023-02-21,In-Store,WARE-MCD2201,West,Washington,Seattle,Metro Swift Co,Corporate,Office Supplies,Laminator,89.99,40.0,12,950.28,480.0,470.28,12,Michael Brown
SO-13065,2022-08-26,2022-08-31,Online,WARE-UHY1004,Southeast,Virginia,Richmond,Metro Metro Supply,Retail,Office Supplies,Desk Organizer,29.99,11.0,22,606.98,242.0,364.98,8,David Park
SO-13066,2022-10-19,2022-10-24,Online,WARE-MCD2201,Midwest,Missouri,Kansas City,Global Metro Distributors,Retail,Clothing,Polo Shirt,44.99,18.0,2,89.98,36.0,53.98,0,Lisa Chen
SO-13067,2024-01-08,2024-01-10,Wholesale,WARE-UHY1004,Southwest,Wyoming,Laramie,Horizon Unity Co,Retail,Furniture,Mesh Chair,319.99,155.0,8,2559.92,1240.0,1319.92,0,Michael Brown
SO-13068,2024-01-02,2024-01-06,In-Store,WARE-NBV1002,Southwest,Nevada,Las Vegas,Bright Unity Enterprises,Retail,Furniture,Work Bench,549.99,270.0,5,2419.95,1350.0,1069.95,12,Emily Johnson
SO-13069,2024-03-03,2024-03-08,Wholesale,WARE-NBV1002,South,Florida,Pensacola,Metro Digital Inc,Corporate,Clothing,Turtleneck,59.99,24.0,13,779.87,312.0,467.87,0,Amanda Torres
SO-13070,2022-05-31,2022-06-02,In-Store,WARE-MCD2201,Northeast,Pennsylvania,Allentown,Central Advanced Corp,Retail,Electronics,Smartband,199.99,88.0,12,2399.88,1056.0,1343.88,0,Michael Brown
SO-13071,2023-02-28,2023-03-03,In-Store,WARE-PJW3508,South,Louisiana,Lake Charles,Apex Metro Solutions,Retail,Furniture,Hallway Table,279.99,132.0,11,2833.49,1452.0,1381.49,8,Amanda Torres
SO-13072,2022-01-16,2022-01-21,Wholesale,WARE-PJW3508,Southwest,Colorado,Denver,Apex Elite Supply,Enterprise,Electronics,Smart Display,349.99,165.0,6,1784.94,990.0,794.94,15,Rachel Scott
SO-13073,2022-09-24,2022-09-30,In-Store,WARE-UHY1004,Southwest,Hawaii,Kailua,Premier Unity Supply,Corporate,Office Supplies,Printer Cartridges,89.99,32.0,3,256.47,96.0,160.47,5,Sarah Mitchell
SO-13074,2022-09-10,2022-09-16,Distributor,WARE-UHY1004,West,Arizona,Tucson,Digital Advanced Co,Small Business,Electronics,Satellite Phone,799.99,420.0,5,3599.95,2100.0,1499.95,10,Robert Adams
SO-13075,2023-04-13,2023-04-18,Wholesale,WARE-MCD2201,Southeast,District of Columbia,Washington,Sterling Metro Co,Small Business,Furniture,Hallway Table,279.99,132.0,17,4283.83,2244.0,2039.83,10,Michael Brown
SO-13076,2024-03-16,2024-03-20,Wholesale,WARE-MCD2201,Southwest,Alaska,Juneau,Atlantic Bright Inc,Corporate,Clothing,Casual Pants,69.99,28.0,17,1130.33,476.0,654.33,5,James Carter
SO-13077,2022-06-27,2022-07-02,Wholesale,WARE-PJW3508,Northeast,Maine,Auburn,Bright National LLC,Small Business,Furniture,Mesh Chair,319.99,155.0,21,5711.79,3255.0,2456.79,15,Sarah Mitchell
SO-13078,2023-06-03,2023-06-13,Online,WARE-NBV1002,South,Oklahoma,Tulsa,Metro Premier Co,Enterprise,Clothing,Turtleneck,59.99,24.0,13,701.87,312.0,389.87,10,Lisa Chen
SO-13079,2024-02-25,2024-03-02,Distributor,WARE-NBV1002,West,Montana,Helena,Advanced Apex Trading,Small Business,Electronics,4K Camera,1199.99,600.0,17,19787.83,10200.0,9587.83,3,Emily Johnson
SO-13080,2024-01-04,2024-01-10,In-Store,WARE-NBV1002,Midwest,Minnesota,Rochester,Global Central Retail,Small Business,Furniture,Conference Table,999.99,520.0,15,13199.85,7800.0,5399.85,12,Rachel Scott
SO-13081,2023-04-06,2023-04-12,Wholesale,WARE-UHY1004,Midwest,Nebraska,Bellevue,Pioneer Core Inc,Corporate,Office Supplies,Binding Machine,149.99,68.0,18,2564.82,1224.0,1340.82,5,Robert Adams
SO-13082,2022-07-06,2022-07-10,Distributor,WARE-PJW3508,Southeast,Virginia,Virginia Beach,Atlantic Unity LLC,Enterprise,Electronics,Surface Laptop,1399.99,870.0,14,19599.86,12180.0,7419.86,0,Amanda Torres
SO-13083,2023-10-13,2023-10-16,Online,WARE-ATL5509,Southeast,Delaware,Smyrna,Apex Global Enterprises,Enterprise,Office Supplies,Tape Dispenser,24.99,9.0,15,374.85,135.0,239.85,0,James Carter
SO-13084,2022-08-11,2022-08-16,Wholesale,WARE-PJW3508,Southwest,Alaska,Fairbanks,Advanced Elite Corp,Retail,Clothing,Swimwear,49.99,19.0,7,349.93,133.0,216.93,0,Robert Adams
SO-13085,2024-01-27,2024-01-29,Wholesale,WARE-MCD2201,Northeast,Maine,Auburn,Core National Enterprises,Enterprise,Electronics,GPU Card,999.99,620.0,16,14079.84,9920.0,4159.84,12,Robert Adams
SO-13086,2023-02-03,2023-02-10,Online,WARE-ATL5509,Southwest,Utah,Orem,Apex Advanced Co,Government,Clothing,Denim Jacket,89.99,38.0,4,341.96,152.0,189.96,5,Emily Johnson
SO-13087,2022-06-19,2022-06-26,Distributor,WARE-NBV1002,Southeast,Maryland,Gaithersburg,Global Atlantic Trading,Enterprise,Office Supplies,Card Reader,39.99,15.0,14,475.86,210.0,265.86,15,Rachel Scott
SO-13088,2023-04-03,2023-04-10,Distributor,WARE-UHY1004,Southwest,Wyoming,Casper,Atlantic Apex Retail,Small Business,Clothing,Winter Coat,149.99,65.0,18,2429.82,1170.0,1259.82,10,Emily Johnson
SO-13089,2024-03-23,2024-03-29,Wholesale,WARE-NBV1002,Northeast,Maine,Auburn,Pioneer Coastal LLC,Retail,Office Supplies,Paper Shredder,129.99,62.0,7,818.93,434.0,384.93,10,David Park
SO-13090,2022-01-21,2022-01-25,Distributor,WARE-ATL5509,Midwest,Illinois,Springfield,Central Sterling Retail,Retail,Electronics,Laptop Pro 13,1099.99,650.0,2,1935.98,1300.0,635.98,12,James Carter
SO-13091,2022-08-21,2022-08-28,Online,WARE-PJW3508,Northeast,Rhode Island,Providence,Central Elite LLC,Small Business,Office Supplies,Binding Machine,149.99,68.0,18,2699.82,1224.0,1475.82,0,Amanda Torres
SO-13092,2023-07-24,2023-07-30,Wholesale,WARE-UHY1004,West,Montana,Missoula,Horizon Sterling Retail,Small Business,Office Supplies,Letter Opener,14.99,5.0,16,239.84,80.0,159.84,0,David Park
SO-13093,2022-04-01,2022-04-07,Wholesale,WARE-UHY1004,Southeast,District of Columbia,Washington,Premier Advanced Group,Corporate,Furniture,Modular Sofa,1499.99,750.0,3,4274.97,2250.0,2024.97,5,Amanda Torres
SO-13094,2022-04-10,2022-04-17,Online,WARE-ATL5509,Midwest,Iowa,Iowa City,Advanced Core Co,Government,Office Supplies,Letter Opener,14.99,5.0,10,142.4,50.0,92.4,5,David Park
SO-13095,2023-10-11,2023-10-17,In-Store,WARE-MCD2201,Southwest,Colorado,Aurora,Advanced Global Distributors,Retail,Clothing,Chinos,74.99,30.0,9,593.91,270.0,323.91,12,Sarah Mitchell
SO-13096,2022-12-06,2022-12-12,In-Store,WARE-PJW3508,Midwest,Iowa,Cedar Rapids,Pioneer Atlantic Commerce,Corporate,Clothing,Linen Shirt,54.99,21.0,3,164.97,63.0,101.97,0,Sarah Mitchell
SO-13097,2022-05-14,2022-05-19,Distributor,WARE-MCD2201,Northeast,Pennsylvania,Philadelphia,Atlantic Advanced Co,Retail,Clothing,Golf Polo,64.99,26.0,1,55.24,26.0,29.24,15,Sarah Mitchell
SO-13098,2023-01-21,2023-01-31,Distributor,WARE-NBV1002,Southeast,West Virginia,Parkersburg,Metro Advanced Group,Corporate,Clothing,Swimwear,49.99,19.0,1,47.49,19.0,28.49,5,James Carter
SO-13099,2023-01-23,2023-01-28,Wholesale,WARE-UHY1004,South,Mississippi,Biloxi,Coastal Apex Supply,Small Business,Furniture,Lateral File Cabinet,399.99,192.0,10,3679.9,1920.0,1759.9,8,Rachel Scott
SO-13100,2024-02-22,2024-02-26,Online,WARE-UHY1004,Southwest,Hawaii,Kapolei,Unity Pioneer Distributors,Small Business,Furniture,Executive Desk,1199.99,620.0,2,2207.98,1240.0,967.98,8,Emily Johnson
SO-13101,2022-11-15,2022-11-21,In-Store,WARE-MCD2201,Northeast,New Jersey,Elizabeth,Atlantic Coastal Solutions,Small Business,Office Supplies,Label Printer,179.99,82.0,34,5630.06,2788.0,2842.06,8,James Carter
SO-13102,2023-09-03,2023-09-13,In-Store,WARE-NBV1002,Midwest,Minnesota,Rochester,Pacific Central Corp,Government,Office Supplies,Calligraphy Set,39.99,15.0,1,35.19,15.0,20.19,12,David Park
SO-13103,2022-02-21,2022-02-26,Wholesale,WARE-MCD2201,Northeast,Rhode Island,Providence,Core Metro Group,Corporate,Clothing,Summer Dress,79.99,30.0,14,1030.26,420.0,610.26,8,Lisa Chen
SO-13104,2023-04-17,2023-04-22,Distributor,WARE-MCD2201,Southeast,North Carolina,Greensboro,Elite Atlantic Distributors,Retail,Electronics,iPhone 15,999.99,620.0,16,14719.84,9920.0,4799.84,8,James Carter
SO-13105,2023-04-18,2023-04-24,In-Store,WARE-NBV1002,Southeast,Delaware,Middletown,Summit Summit Distributors,Government,Electronics,Wi-Fi Mesh System,399.99,190.0,9,3599.91,1710.0,1889.91,0,Amanda Torres
SO-13106,2023-07-31,2023-08-05,Wholesale,WARE-PJW3508,Southeast,Delaware,Newark,Summit Advanced Group,Government,Clothing,Golf Polo,64.99,26.0,19,1086.61,494.0,592.61,12,David Park
SO-13107,2023-04-03,2023-04-13,Wholesale,WARE-NBV1002,Southeast,District of Columbia,Washington,National Global Inc,Enterprise,Clothing,Chinos,74.99,30.0,9,674.91,270.0,404.91,0,Michael Brown
SO-13108,2022-04-29,2022-05-06,Online,WARE-NBV1002,West,Nevada,Sparks,Coastal Digital Corp,Enterprise,Furniture,Standing Desk,699.99,350.0,7,4752.93,2450.0,2302.93,3,David Park
SO-13109,2023-07-03,2023-07-13,Online,WARE-UHY1004,West,Idaho,Boise,Sterling Coastal Co,Retail,Furniture,Standing Desk,699.99,350.0,7,4899.93,2450.0,2449.93,0,Sarah Mitchell
SO-13110,2023-10-18,2023-10-24,Wholesale,WARE-UHY1004,West,Nevada,Las Vegas,Atlantic Apex Distributors,Retail,Furniture,Hallway Table,279.99,132.0,6,1629.54,792.0,837.54,3,Kevin Williams
SO-13111,2022-04-19,2022-04-25,Online,WARE-PJW3508,Northeast,Pennsylvania,Philadelphia,Coastal Bright Inc,Retail,Electronics,4K Camera,1199.99,600.0,17,19787.83,10200.0,9587.83,3,Rachel Scott
SO-13112,2023-09-05,2023-09-08,Online,WARE-ATL5509,Northeast,New Jersey,Elizabeth,Swift Pacific Solutions,Small Business,Furniture,Mesh Chair,319.99,155.0,9,2735.91,1395.0,1340.91,5,Rachel Scott
SO-13113,2023-10-03,2023-10-09,Online,WARE-NBV1002,Midwest,Michigan,Sterling Heights,Central Swift Distributors,Government,Electronics,Digital Whiteboard,1999.99,1100.0,3,5999.97,3300.0,2699.97,0,Kevin Williams
SO-13114,2022-03-16,2022-03-20,Wholesale,WARE-NBV1002,West,California,Stockton,Central Central Supply,Corporate,Clothing,Linen Shirt,54.99,21.0,10,549.9,210.0,339.9,0,Amanda Torres
SO-13115,2022-01-03,2022-01-10,Distributor,WARE-ATL5509,West,Oregon,Hillsboro,Metro Swift Inc,Enterprise,Furniture,Work Bench,549.99,270.0,14,6929.86,3780.0,3149.86,10,Kevin Williams
SO-13116,2023-10-26,2023-10-31,Distributor,WARE-NBV1002,South,Louisiana,New Orleans,Pioneer Horizon Corp,Corporate,Furniture,Bar Cart,299.99,140.0,16,4079.84,2240.0,1839.84,15,Emily Johnson
SO-13117,2024-02-04,2024-02-11,Wholesale,WARE-UHY1004,Northeast,Pennsylvania,Philadelphia,Digital Apex Distributors,Small Business,Furniture,Executive Desk,1199.99,620.0,17,20399.83,10540.0,9859.83,0,Michael Brown
SO-13118,2023-10-23,2023-10-29,In-Store,WARE-PJW3508,Southeast,Maryland,Gaithersburg,Apex Unity Group,Corporate,Clothing,Rain Jacket,99.99,42.0,4,339.96,168.0,171.96,15,Rachel Scott
SO-13119,2023-02-18,2023-02-22,Wholesale,WARE-MCD2201,Southeast,North Carolina,Charlotte,Summit Summit Enterprises,Corporate,Electronics,Smart Monitor 27,599.99,290.0,8,4079.92,2320.0,1759.92,15,Kevin Williams
SO-13120,2023-06-03,2023-06-07,Distributor,WARE-PJW3508,Midwest,Nebraska,Bellevue,Apex Advanced Group,Government,Office Supplies,Stapler Heavy Duty,29.99,11.0,7,199.43,77.0,122.43,5,Robert Adams
SO-13121,2022-05-04,2022-05-10,Distributor,WARE-NBV1002,Northeast,Pennsylvania,Reading,Horizon Coastal Distributors,Enterprise,Electronics,iPhone 15,999.99,620.0,11,10449.89,6820.0,3629.89,5,Sarah Mitchell
SO-13122,2022-09-12,2022-09-22,In-Store,WARE-ATL5509,South,South Carolina,Rock Hill,Horizon Apex Inc,Retail,Furniture,Reception Desk,849.99,430.0,6,4946.94,2580.0,2366.94,3,Emily Johnson
SO-13123,2022-06-03,2022-06-06,In-Store,WARE-ATL5509,Northeast,Maine,Bangor,Advanced Summit LLC,Enterprise,Office Supplies,Binding Machine,149.99,68.0,9,1309.41,612.0,697.41,3,Amanda Torres
SO-13124,2023-07-19,2023-07-24,Wholesale,WARE-PJW3508,Southeast,West Virginia,Morgantown,Apex Global Inc,Enterprise,Clothing,Chinos,74.99,30.0,2,145.48,60.0,85.48,3,Lisa Chen
SO-13125,2022-10-27,2022-11-01,In-Store,WARE-PJW3508,Southwest,New Mexico,Rio Rancho,Premier Unity Trading,Enterprise,Office Supplies,Copier Machine,1299.99,680.0,2,2287.98,1360.0,927.98,12,Kevin Williams
SO-13126,2024-02-07,2024-02-09,Wholesale,WARE-UHY1004,West,Oregon,Hillsboro,Premier Apex Commerce,Retail,Office Supplies,Letter Opener,14.99,5.0,15,206.85,75.0,131.85,8,James Carter
SO-13127,2022-05-17,2022-05-22,Distributor,WARE-NBV1002,Southeast,North Carolina,Greensboro,Pacific Central Enterprises,Corporate,Furniture,Laptop Cart,299.99,145.0,5,1454.95,725.0,729.95,3,Sarah Mitchell
SO-13128,2022-01-26,2022-02-02,Distributor,WARE-MCD2201,Midwest,Minnesota,Saint Paul,Sterling Digital Enterprises,Government,Clothing,Suit Set,299.99,135.0,7,2099.93,945.0,1154.93,0,Kevin Williams
SO-13129,2022-08-31,2022-09-14,Online,WARE-PJW3508,Southwest,Alaska,Fairbanks,Swift Horizon Inc,Small Business,Clothing,Polo Shirt,44.99,18.0,16,611.84,288.0,323.84,15,Kevin Williams
SO-13130,2023-12-23,2023-12-29,Wholesale,WARE-PJW3508,South,Oklahoma,Lawton,Core Coastal Solutions,Small Business,Electronics,Bluetooth Speaker,149.99,58.0,12,1745.88,696.0,1049.88,3,Amanda Torres
SO-13131,2022-06-12,2022-06-16,Online,WARE-ATL5509,West,Arizona,Mesa,Summit Premier Corp,Small Business,Furniture,Corner Desk,699.99,345.0,22,14167.78,7590.0,6577.78,8,Michael Brown
SO-13132,2023-08-03,2023-08-06,Wholesale,WARE-NBV1002,West,Arizona,Mesa,Metro Digital LLC,Retail,Office Supplies,Label Maker,59.99,24.0,14,739.06,336.0,403.06,12,Rachel Scott
SO-13133,2022-03-18,2022-03-28,In-Store,WARE-ATL5509,Southeast,Kentucky,Lexington,Elite Unity Supply,Small Business,Furniture,Office Chair,299.99,145.0,2,527.98,290.0,237.98,12,Sarah Mitchell
SO-13134,2022-11-10,2022-11-15,In-Store,WARE-MCD2201,West,Oregon,Hillsboro,Horizon Atlantic Inc,Small Business,Clothing,Business Casual Shirt,59.99,22.0,14,797.86,308.0,489.86,5,James Carter
SO-13135,2023-10-29,2023-11-08,Distributor,WARE-NBV1002,Midwest,Missouri,Independence,Metro Bright Trading,Small Business,Furniture,Accent Table,199.99,92.0,14,2659.86,1288.0,1371.86,5,Emily Johnson
SO-13136,2023-07-16,2023-07-22,Online,WARE-NBV1002,Midwest,Michigan,Ann Arbor,Coastal Global Commerce,Corporate,Electronics,Laptop Cooling Pad,49.99,19.0,18,791.82,342.0,449.82,12,Amanda Torres
SO-13137,2023-12-22,2023-12-24,Distributor,WARE-ATL5509,Northeast,New Jersey,Edison,Unity Global Commerce,Government,Office Supplies,Filing Cabinet,199.99,95.0,28,5151.72,2660.0,2491.72,8,Michael Brown
SO-13138,2024-03-09,2024-03-16,Wholesale,WARE-UHY1004,Midwest,Wisconsin,Madison,Central Horizon Enterprises,Government,Clothing,Casual Pants,69.99,28.0,4,279.96,112.0,167.96,0,Emily Johnson
SO-13139,2022-08-27,2022-09-03,Wholesale,WARE-PJW3508,Northeast,Massachusetts,Lowell,Metro Bright Enterprises,Retail,Electronics,Smart TV 55,799.99,400.0,18,13967.82,7200.0,6767.82,3,Kevin Williams
SO-13140,2022-05-05,2022-05-11,Wholesale,WARE-PJW3508,Southwest,Colorado,Colorado Springs,Pacific Unity Supply,Retail,Electronics,Wi-Fi Mesh System,399.99,190.0,18,7199.82,3420.0,3779.82,0,Robert Adams
SO-13141,2022-06-13,2022-06-18,In-Store,WARE-NBV1002,Southeast,North Carolina,Raleigh,Sterling Coastal Inc,Small Business,Electronics,iPhone 15,999.99,620.0,14,12599.86,8680.0,3919.86,10,Emily Johnson
SO-13142,2022-04-27,2022-05-03,In-Store,WARE-UHY1004,Northeast,Connecticut,Hartford,Sterling Premier Supply,Retail,Clothing,Linen Shirt,54.99,21.0,15,824.85,315.0,509.85,0,Lisa Chen
SO-13143,2023-06-30,2023-07-06,Online,WARE-PJW3508,Southeast,Delaware,Smyrna,Global Central Group,Corporate,Electronics,iPad Pro,1099.99,680.0,12,13199.88,8160.0,5039.88,0,David Park
SO-13144,2022-04-02,2022-04-09,In-Store,WARE-NBV1002,Midwest,Michigan,Sterling Heights,Global Bright Solutions,Corporate,Office Supplies,Electric Stapler,49.99,19.0,18,899.82,342.0,557.82,0,James Carter
SO-13145,2022-03-07,2022-03-12,Online,WARE-NBV1002,Northeast,Maine,Auburn,Summit Elite Commerce,Small Business,Office Supplies,Binding Machine,149.99,68.0,8,1199.92,544.0,655.92,0,Amanda Torres
SO-13146,2022-11-16,2022-11-19,Online,WARE-UHY1004,Northeast,Connecticut,Hartford,Coastal Core Trading,Retail,Electronics,USB-C Hub,79.99,32.0,3,227.97,96.0,131.97,5,James Carter
SO-13147,2022-02-07,2022-02-12,In-Store,WARE-PJW3508,West,New Mexico,Las Cruces,Swift Global Trading,Small Business,Clothing,Chinos,74.99,30.0,10,637.4,300.0,337.4,15,Emily Johnson
SO-13148,2023-12-29,2024-01-03,Distributor,WARE-MCD2201,South,Alabama,Birmingham,Pacific Metro Co,Corporate,Electronics,Smart Speaker,199.99,90.0,14,2659.86,1260.0,1399.86,5,Amanda Torres
SO-13149,2022-12-13,2022-12-17,Wholesale,WARE-UHY1004,South,Texas,El Paso,Global Bright Trading,Corporate,Electronics,Bloomberg Terminal,5999.99,3800.0,9,53999.91,34200.0,19799.91,0,Rachel Scott
SO-13150,2022-04-06,2022-04-10,In-Store,WARE-ATL5509,South,Louisiana,New Orleans,Central Pioneer Group,Corporate,Clothing,Winter Coat,149.99,65.0,7,965.93,455.0,510.93,8,Emily Johnson
SO-13151,2022-10-12,2022-10-16,Online,WARE-NBV1002,West,Colorado,Lakewood,Bright Pioneer Commerce,Corporate,Furniture,Credenza,649.99,320.0,7,4549.93,2240.0,2309.93,0,Kevin Williams
SO-13152,2023-01-22,2023-01-27,In-Store,WARE-NBV1002,Midwest,Ohio,Toledo,Sterling Central Commerce,Enterprise,Office Supplies,Ergonomic Mouse,59.99,24.0,16,959.84,384.0,575.84,0,David Park
SO-13153,2022-09-19,2022-09-26,Distributor,WARE-UHY1004,Midwest,Illinois,Chicago,Unity Sterling Trading,Corporate,Office Supplies,Label Maker,59.99,24.0,12,683.88,288.0,395.88,5,Sarah Mitchell
SO-13154,2022-08-07,2022-08-09,Online,WARE-MCD2201,Southeast,North Carolina,Winston-Salem,Apex Atlantic Distributors,Corporate,Electronics,Smart Monitor 27,599.99,290.0,7,3863.93,2030.0,1833.93,8,Rachel Scott
SO-13155,2022-12-18,2022-12-28,Wholesale,WARE-PJW3508,Northeast,Maine,Bangor,Premier Coastal Enterprises,Corporate,Electronics,Smart Lock,249.99,115.0,10,2124.9,1150.0,974.9,15,Michael Brown
SO-13156,2022-05-29,2022-06-04,Wholesale,WARE-PJW3508,West,Washington,Bellevue,Elite Core Retail,Retail,Office Supplies,Ergonomic Mouse,59.99,24.0,17,968.83,408.0,560.83,5,Kevin Williams
SO-13157,2022-01-04,2022-01-11,In-Store,WARE-MCD2201,Southwest,Hawaii,Hilo,Horizon Pacific Inc,Enterprise,Electronics,Wireless Headphones,249.99,99.0,9,1979.91,891.0,1088.91,12,Emily Johnson
SO-13158,2022-09-16,2022-09-22,Distributor,WARE-PJW3508,Midwest,Iowa,Sioux City,Atlantic Bright Enterprises,Small Business,Furniture,Executive Desk,1199.99,620.0,10,10799.9,6200.0,4599.9,10,Sarah Mitchell
SO-13159,2022-01-16,2022-01-26,Wholesale,WARE-ATL5509,Midwest,Indiana,Carmel,Summit Core Inc,Enterprise,Furniture,Reception Desk,849.99,430.0,18,15299.82,7740.0,7559.82,0,Michael Brown
SO-13160,2022-05-19,2022-05-25,Online,WARE-NBV1002,West,Colorado,Aurora,Advanced Elite Trading,Government,Clothing,Rain Jacket,99.99,42.0,15,1274.85,630.0,644.85,15,James Carter
SO-13161,2022-02-28,2022-03-03,In-Store,WARE-UHY1004,Southeast,Delaware,Dover,Sterling Digital Inc,Retail,Furniture,Office Chair,299.99,145.0,17,4691.83,2465.0,2226.83,8,James Carter
SO-13162,2024-03-14,2024-03-16,Distributor,WARE-UHY1004,West,Arizona,Phoenix,Apex Premier Solutions,Corporate,Clothing,Formal Jacket,129.99,55.0,14,1819.86,770.0,1049.86,0,Emily Johnson
SO-13163,2022-07-11,2022-07-13,Wholesale,WARE-PJW3508,Midwest,Ohio,Toledo,Apex Sterling LLC,Enterprise,Clothing,Chinos,74.99,30.0,19,1211.06,570.0,641.06,15,James Carter
SO-13164,2022-02-07,2022-02-13,Online,WARE-MCD2201,Northeast,Vermont,South Burlington,Swift Premier Commerce,Small Business,Clothing,Country Boots,119.99,52.0,12,1367.88,624.0,743.88,5,Rachel Scott
SO-13165,2023-10-08,2023-10-10,Distributor,WARE-MCD2201,South,Tennessee,Clarksville,Premier Bright Trading,Corporate,Clothing,Country Boots,119.99,52.0,4,422.36,208.0,214.36,12,Robert Adams
SO-13166,2024-01-09,2024-01-16,Distributor,WARE-MCD2201,Northeast,Vermont,Rutland,Coastal Advanced Enterprises,Small Business,Clothing,Rain Jacket,99.99,42.0,14,1259.86,588.0,671.86,10,Lisa Chen
SO-13167,2024-02-02,2024-02-08,In-Store,WARE-PJW3508,Northeast,New Hampshire,Concord,National Bright Distributors,Retail,Furniture,Conference Table,999.99,520.0,3,2849.97,1560.0,1289.97,5,James Carter
SO-13168,2022-01-09,2022-01-14,In-Store,WARE-PJW3508,Southeast,Delaware,Dover,Atlantic Advanced Group,Enterprise,Clothing,Summer Dress,79.99,30.0,5,379.95,150.0,229.95,5,Robert Adams
SO-13169,2023-08-01,2023-08-06,Distributor,WARE-UHY1004,Northeast,Pennsylvania,Pittsburgh,Bright Unity Inc,Government,Clothing,Fleece Hoodie,74.99,30.0,5,374.95,150.0,224.95,0,Emily Johnson
SO-13170,2022-01-16,2022-01-21,In-Store,WARE-ATL5509,Southeast,Kentucky,Louisville,Swift National Inc,Government,Furniture,Modular Sofa,1499.99,750.0,14,20999.86,10500.0,10499.86,0,Michael Brown
SO-13171,2024-03-21,2024-03-26,Online,WARE-PJW3508,Northeast,Massachusetts,Cambridge,Bright Atlantic Supply,Corporate,Clothing,Golf Polo,64.99,26.0,13,844.87,338.0,506.87,0,Amanda Torres
SO-13172,2022-10-28,2022-11-01,Online,WARE-PJW3508,Northeast,Maine,Portland,Global Central Distributors,Small Business,Furniture,Credenza,649.99,320.0,10,6174.9,3200.0,2974.9,5,Kevin Williams
SO-13173,2023-10-21,2023-10-25,Wholesale,WARE-ATL5509,West,Utah,West Jordan,Apex Central Enterprises,Enterprise,Office Supplies,Calligraphy Set,39.99,15.0,10,379.9,150.0,229.9,5,Rachel Scott
SO-13174,2024-01-25,2024-01-29,In-Store,WARE-MCD2201,West,Montana,Missoula,Elite Premier Co,Corporate,Clothing,Chinos,74.99,30.0,14,944.86,420.0,524.86,10,Emily Johnson
SO-13175,2023-02-23,2023-03-01,In-Store,WARE-PJW3508,Southwest,Arizona,Scottsdale,Advanced Pacific Retail,Small Business,Electronics,Home Theater System,1499.99,820.0,13,19499.87,10660.0,8839.87,0,James Carter
SO-13176,2023-08-15,2023-08-20,Distributor,WARE-NBV1002,West,Utah,Orem,Pacific Central Inc,Government,Office Supplies,Document Scanner,299.99,145.0,18,4751.82,2610.0,2141.82,12,Sarah Mitchell
SO-13177,2022-09-01,2022-09-07,In-Store,WARE-ATL5509,West,California,San Diego,Advanced Elite Enterprises,Corporate,Furniture,Work Bench,549.99,270.0,14,6929.86,3780.0,3149.86,10,Sarah Mitchell
SO-13178,2022-03-18,2022-03-22,In-Store,WARE-MCD2201,South,Florida,Fort Lauderdale,Atlantic Central Supply,Corporate,Office Supplies,Heavy Duty Punch,79.99,34.0,7,503.93,238.0,265.93,10,Sarah Mitchell
SO-13179,2022-01-26,2022-01-30,Distributor,WARE-PJW3508,Northeast,New Jersey,Elizabeth,Swift Horizon Group,Corporate,Clothing,Chinos,74.99,30.0,15,1012.35,450.0,562.35,10,Michael Brown
SO-13180,2022-07-18,2022-07-24,In-Store,WARE-MCD2201,Midwest,Indiana,South Bend,Unity Swift Solutions,Retail,Furniture,Lateral File Cabinet,399.99,192.0,4,1471.96,768.0,703.96,8,Emily Johnson
SO-13181,2023-07-16,2023-07-18,Online,WARE-MCD2201,West,California,Los Angeles,Swift Apex Enterprises,Enterprise,Furniture,Lounge Chair,399.99,195.0,8,3039.92,1560.0,1479.92,5,David Park
SO-13182,2024-03-22,2024-03-29,In-Store,WARE-PJW3508,Northeast,New Hampshire,Dover,Core Metro Retail,Enterprise,Electronics,Laptop Cooling Pad,49.99,19.0,9,395.91,171.0,224.91,12,David Park
SO-13183,2022-03-09,2022-03-13,In-Store,WARE-MCD2201,Southwest,Nevada,Sparks,Metro Swift Enterprises,Small Business,Office Supplies,Stapler Heavy Duty,29.99,11.0,15,413.85,165.0,248.85,8,Sarah Mitchell
SO-13184,2022-03-29,2022-04-03,In-Store,WARE-ATL5509,Midwest,Nebraska,Lincoln,Summit Bright Supply,Corporate,Electronics,USB Microphone,179.99,78.0,7,1259.93,546.0,713.93,0,Michael Brown
SO-13185,2024-03-05,2024-03-11,Online,WARE-MCD2201,Midwest,Illinois,Peoria,Advanced Bright LLC,Enterprise,Office Supplies,Ergonomic Chair,349.99,175.0,17,5771.33,2975.0,2796.33,3,Amanda Torres
SO-13186,2023-05-04,2023-05-09,In-Store,WARE-MCD2201,West,Arizona,Scottsdale,Swift Atlantic Group,Small Business,Office Supplies,Letter Opener,14.99,5.0,7,96.53,35.0,61.53,8,Robert Adams
SO-13187,2022-03-18,2022-03-22,In-Store,WARE-NBV1002,Southwest,Hawaii,Kaneohe,Bright Premier Solutions,Small Business,Electronics,Wi-Fi Mesh System,399.99,190.0,12,4655.88,2280.0,2375.88,3,Sarah Mitchell
SO-13188,2022-02-22,2022-02-26,Wholesale,WARE-MCD2201,South,Mississippi,Hattiesburg,Pacific Horizon Commerce,Corporate,Electronics,Smart Display,349.99,165.0,8,2659.92,1320.0,1339.92,5,Robert Adams
SO-13189,2022-06-13,2022-06-23,Online,WARE-PJW3508,Southeast,West Virginia,Morgantown,Unity Unity LLC,Corporate,Electronics,Video Doorbell,179.99,80.0,15,2564.85,1200.0,1364.85,5,Emily Johnson
SO-13190,2022-03-18,2022-03-23,In-Store,WARE-ATL5509,Southeast,North Carolina,Durham,Digital Core Retail,Government,Clothing,Linen Pants,64.99,26.0,6,378.24,156.0,222.24,3,Lisa Chen
SO-13191,2024-03-17,2024-03-23,Distributor,WARE-UHY1004,Southwest,Utah,Salt Lake City,Atlantic Advanced Trading,Government,Office Supplies,Projector,699.99,340.0,15,9239.85,5100.0,4139.85,12,Lisa Chen
SO-13192,2024-03-05,2024-03-07,Online,WARE-NBV1002,South,Mississippi,Meridian,Sterling Unity Trading,Enterprise,Office Supplies,Whiteboard,159.99,72.0,6,959.94,432.0,527.94,0,David Park
SO-13193,2023-02-03,2023-02-08,Wholesale,WARE-NBV1002,Southwest,Nevada,Henderson,Bright Advanced Trading,Corporate,Electronics,Portable Projector,499.99,245.0,16,7999.84,3920.0,4079.84,0,Michael Brown
SO-13194,2022-10-29,2022-11-01,Wholesale,WARE-UHY1004,Southwest,Arizona,Tucson,Metro Swift Group,Enterprise,Electronics,GPU Card,999.99,620.0,15,14999.85,9300.0,5699.85,0,Kevin Williams
SO-13195,2022-07-10,2022-07-17,Online,WARE-MCD2201,West,Arizona,Scottsdale,Swift Central Supply,Small Business,Furniture,Bookshelf,249.99,110.0,8,1759.92,880.0,879.92,12,Robert Adams
SO-13196,2023-03-02,2023-03-08,Online,WARE-MCD2201,West,New Mexico,Santa Fe,Pacific National Trading,Enterprise,Electronics,Digital Whiteboard,1999.99,1100.0,7,13299.93,7700.0,5599.93,5,Amanda Torres
SO-13197,2022-08-13,2022-08-18,Distributor,WARE-MCD2201,Midwest,Ohio,Toledo,National Horizon Supply,Corporate,Furniture,Accent Table,199.99,92.0,15,2909.85,1380.0,1529.85,3,Kevin Williams
SO-13198,2023-04-09,2023-04-15,Distributor,WARE-PJW3508,Midwest,Indiana,Fort Wayne,Apex Bright Corp,Government,Furniture,Credenza,649.99,320.0,16,9151.84,5120.0,4031.84,12,Emily Johnson
SO-13199,2022-10-26,2022-10-31,Wholesale,WARE-NBV1002,West,Washington,Everett,Premier Elite Distributors,Enterprise,Office Supplies,Tape Dispenser,24.99,9.0,10,212.4,90.0,122.4,15,Robert Adams
SO-13200,2022-12-26,2022-12-31,In-Store,WARE-ATL5509,Midwest,Wisconsin,Green Bay,Summit Atlantic Enterprises,Enterprise,Electronics,Bluetooth Speaker,149.99,58.0,27,4049.73,1566.0,2483.73,0,Rachel Scott
SO-13201,2024-01-11,2024-01-21,Distributor,WARE-NBV1002,Southeast,Delaware,Wilmington,Central Elite Corp,Small Business,Clothing,Summer Dress,79.99,30.0,1,71.99,30.0,41.99,10,Kevin Williams
SO-13202,2022-09-19,2022-09-25,Wholesale,WARE-PJW3508,Southwest,New Mexico,Rio Rancho,Core Swift Inc,Enterprise,Office Supplies,Desk Organizer,29.99,11.0,3,82.77,33.0,49.77,8,Sarah Mitchell
SO-13203,2023-08-31,2023-09-10,In-Store,WARE-NBV1002,Northeast,New Hampshire,Derry,Horizon Unity Group,Small Business,Electronics,Portable Charger,79.99,34.0,16,1279.84,544.0,735.84,0,Robert Adams
SO-13204,2023-04-28,2023-05-03,Wholesale,WARE-PJW3508,Southeast,Maryland,Baltimore,Apex Metro LLC,Retail,Office Supplies,Ergonomic Mouse,59.99,24.0,12,719.88,288.0,431.88,0,Lisa Chen
SO-13205,2023-01-23,2023-01-29,Wholesale,WARE-NBV1002,Midwest,Indiana,South Bend,Pacific Global Retail,Enterprise,Furniture,Partition Wall,349.99,168.0,7,2155.93,1176.0,979.93,12,David Park
SO-13206,2023-06-20,2023-06-26,Wholesale,WARE-NBV1002,Northeast,Rhode Island,Warwick,Atlantic Metro Distributors,Corporate,Clothing,Denim Jacket,89.99,38.0,22,1880.78,836.0,1044.78,5,David Park
SO-13207,2022-12-18,2023-01-01,In-Store,WARE-PJW3508,West,Washington,Bellevue,Coastal Coastal Inc,Enterprise,Electronics,Satellite Phone,799.99,420.0,15,10799.85,6300.0,4499.85,10,Lisa Chen
SO-13208,2022-03-28,2022-04-01,Wholesale,WARE-PJW3508,West,Montana,Bozeman,Core Digital Solutions,Enterprise,Electronics,Conference Camera,449.99,210.0,10,4139.9,2100.0,2039.9,8,Michael Brown
SO-13209,2024-03-04,2024-03-09,In-Store,WARE-PJW3508,West,California,Long Beach,Elite National Commerce,Government,Office Supplies,Flip Chart,69.99,29.0,6,398.94,174.0,224.94,5,Rachel Scott
SO-13210,2022-02-21,2022-02-27,Online,WARE-PJW3508,West,Montana,Bozeman,Unity Digital Solutions,Corporate,Clothing,Suit Set,299.99,135.0,18,5399.82,2430.0,2969.82,0,Michael Brown
SO-13211,2022-11-10,2022-11-14,In-Store,WARE-MCD2201,Southwest,New Mexico,Las Cruces,Summit Coastal LLC,Government,Clothing,Sports Jacket,109.99,46.0,31,3409.69,1426.0,1983.69,0,James Carter
SO-13212,2023-09-08,2023-09-12,Distributor,WARE-PJW3508,South,Georgia,Athens,Premier Pacific Group,Enterprise,Office Supplies,Ergonomic Chair,349.99,175.0,10,3499.9,1750.0,1749.9,0,Amanda Torres
SO-13213,2023-05-02,2023-05-06,In-Store,WARE-NBV1002,Southeast,Delaware,Smyrna,Swift Horizon Corp,Retail,Electronics,MacBook Air,1499.99,950.0,6,8279.94,5700.0,2579.94,8,Emily Johnson
SO-13214,2023-12-16,2023-12-22,Online,WARE-UHY1004,West,Nevada,North Las Vegas,Atlantic Metro Co,Retail,Office Supplies,Tape Dispenser,24.99,9.0,7,166.18,63.0,103.18,5,Amanda Torres
SO-13215,2023-01-05,2023-01-11,Wholesale,WARE-UHY1004,West,New Mexico,Santa Fe,Advanced Core Trading,Retail,Clothing,Country Boots,119.99,52.0,7,839.93,364.0,475.93,0,Sarah Mitchell
SO-13216,2024-03-09,2024-03-14,Distributor,WARE-PJW3508,Southeast,West Virginia,Parkersburg,Summit Global Distributors,Enterprise,Furniture,Office Chair,299.99,145.0,15,4499.85,2175.0,2324.85,0,James Carter
SO-13217,2022-07-28,2022-08-07,Wholesale,WARE-MCD2201,South,Oklahoma,Lawton,Summit Coastal Distributors,Government,Furniture,Mesh Chair,319.99,155.0,19,5350.21,2945.0,2405.21,12,Michael Brown
SO-13218,2022-10-04,2022-10-09,Online,WARE-ATL5509,Northeast,Pennsylvania,Erie,Core Bright Trading,Retail,Clothing,Athleisure Set,119.99,50.0,18,1900.62,900.0,1000.62,12,Kevin Williams
SO-13219,2022-05-06,2022-05-12,Distributor,WARE-ATL5509,West,Colorado,Lakewood,Bright Metro Supply,Corporate,Electronics,Smart TV 55,799.99,400.0,18,13679.82,7200.0,6479.82,5,Michael Brown
SO-13220,2023-04-15,2023-04-20,In-Store,WARE-MCD2201,Midwest,Wisconsin,Kenosha,Sterling Advanced Solutions,Government,Furniture,Work Bench,549.99,270.0,2,1044.98,540.0,504.98,5,David Park
SO-13221,2023-04-17,2023-04-22,Online,WARE-ATL5509,Northeast,New York,Syracuse,Metro Digital Solutions,Small Business,Furniture,Ergonomic Chair Pro,449.99,218.0,6,2564.94,1308.0,1256.94,5,Rachel Scott
SO-13222,2023-04-05,2023-04-09,Wholesale,WARE-ATL5509,Northeast,New Jersey,Elizabeth,Global National Solutions,Government,Electronics,Gaming PC,2499.99,1450.0,18,39599.82,26100.0,13499.82,12,Rachel Scott
SO-13223,2023-05-22,2023-05-27,In-Store,WARE-ATL5509,Southwest,Arizona,Phoenix,Apex Global LLC,Government,Furniture,Laptop Cart,299.99,145.0,16,4319.84,2320.0,1999.84,10,Emily Johnson
SO-13224,2023-04-08,2023-04-14,Wholesale,WARE-MCD2201,Southeast,District of Columbia,Washington,Coastal National LLC,Corporate,Furniture,Bookshelf,249.99,110.0,16,3799.84,1760.0,2039.84,5,Kevin Williams
SO-13225,2023-03-27,2023-04-01,Wholesale,WARE-UHY1004,West,Oregon,Gresham,National National Commerce,Government,Clothing,Suit Set,299.99,135.0,17,4691.83,2295.0,2396.83,8,Sarah Mitchell
SO-13226,2024-03-29,2024-04-01,Online,WARE-ATL5509,South,Texas,Austin,Unity Central Co,Enterprise,Office Supplies,Letter Opener,14.99,5.0,14,178.36,70.0,108.36,15,David Park
SO-13227,2022-02-01,2022-02-05,Distributor,WARE-PJW3508,West,Nevada,Reno,Advanced National Co,Corporate,Clothing,Golf Polo,64.99,26.0,11,679.14,286.0,393.14,5,Robert Adams
SO-13228,2023-07-08,2023-07-10,In-Store,WARE-PJW3508,Northeast,Maine,South Portland,Premier Unity Distributors,Government,Office Supplies,Printer Cartridges,89.99,32.0,22,1979.78,704.0,1275.78,0,Robert Adams
SO-13229,2022-12-30,2023-01-06,Distributor,WARE-MCD2201,Southeast,North Carolina,Charlotte,Global Sterling Retail,Government,Office Supplies,Ergonomic Chair,349.99,175.0,18,5984.82,3150.0,2834.82,5,David Park
SO-13230,2022-03-23,2022-03-30,Distributor,WARE-NBV1002,Southeast,West Virginia,Wheeling,Pacific Pioneer Corp,Enterprise,Electronics,MacBook Air,1499.99,950.0,6,8729.94,5700.0,3029.94,3,Sarah Mitchell
SO-13231,2024-03-31,2024-04-05,In-Store,WARE-MCD2201,Midwest,Iowa,Davenport,Central Pacific Retail,Retail,Furniture,Floor Lamp,159.99,72.0,5,703.95,360.0,343.95,12,Rachel Scott
SO-13232,2022-12-03,2022-12-13,Online,WARE-ATL5509,Southwest,Utah,West Valley City,Sterling Summit Inc,Enterprise,Office Supplies,Whiteboard,159.99,72.0,30,4079.7,2160.0,1919.7,15,Michael Brown
SO-13233,2023-03-01,2023-03-08,Online,WARE-NBV1002,Midwest,Iowa,Sioux City,Metro Central Co,Small Business,Clothing,Polo Shirt,44.99,18.0,6,256.44,108.0,148.44,5,Sarah Mitchell
SO-13234,2023-11-16,2023-11-22,Wholesale,WARE-PJW3508,Southeast,Maryland,Baltimore,Summit Elite Co,Enterprise,Clothing,Sports Jacket,109.99,46.0,14,1462.86,644.0,818.86,5,Michael Brown
SO-13235,2024-02-19,2024-02-23,Distributor,WARE-PJW3508,West,Washington,Spokane,Digital Premier Trading,Corporate,Electronics,Gaming Console,499.99,250.0,18,8279.82,4500.0,3779.82,8,Sarah Mitchell
SO-13236,2023-06-07,2023-06-10,Distributor,WARE-PJW3508,Southeast,Kentucky,Covington,Elite Pioneer Group,Small Business,Office Supplies,Wireless Keyboard,89.99,38.0,21,1795.29,798.0,997.29,5,Lisa Chen
SO-13237,2023-10-25,2023-10-30,Distributor,WARE-MCD2201,Southwest,Alaska,Fairbanks,Pacific National Commerce,Enterprise,Clothing,Suit Set,299.99,135.0,1,263.99,135.0,128.99,12,Sarah Mitchell
SO-13238,2022-10-07,2022-10-12,In-Store,WARE-PJW3508,South,Louisiana,New Orleans,Global Apex Supply,Corporate,Clothing,Swimwear,49.99,19.0,3,142.47,57.0,85.47,5,Lisa Chen
SO-13239,2022-12-26,2022-12-29,Wholesale,WARE-NBV1002,Southwest,Wyoming,Laramie,Core Global Retail,Corporate,Clothing,Sun Hat,34.99,13.0,7,225.33,91.0,134.33,8,Rachel Scott
SO-13240,2023-10-17,2023-10-21,Distributor,WARE-ATL5509,Southwest,Wyoming,Rock Springs,Global National LLC,Enterprise,Clothing,Denim Jacket,89.99,38.0,15,1309.35,570.0,739.35,3,David Park
SO-13241,2024-02-16,2024-02-21,In-Store,WARE-UHY1004,Midwest,Minnesota,Bloomington,Advanced Global Inc,Corporate,Furniture,Ergonomic Chair Pro,449.99,218.0,5,2137.45,1090.0,1047.45,5,Rachel Scott
SO-13242,2022-01-16,2022-01-22,Distributor,WARE-UHY1004,Midwest,Illinois,Joliet,Global Metro Group,Small Business,Clothing,Sports Jacket,109.99,46.0,11,1028.39,506.0,522.39,15,Rachel Scott
SO-13243,2023-11-29,2023-12-05,Distributor,WARE-ATL5509,South,Mississippi,Gulfport,Apex Coastal Corp,Retail,Electronics,VR Headset,599.99,280.0,26,14819.74,7280.0,7539.74,5,Lisa Chen
SO-13244,2023-09-01,2023-09-07,Distributor,WARE-NBV1002,West,Nevada,North Las Vegas,Elite Pacific Inc,Government,Office Supplies,Whiteboard,159.99,72.0,8,1215.92,576.0,639.92,5,Kevin Williams
SO-13245,2022-07-11,2022-07-21,In-Store,WARE-ATL5509,Southeast,Maryland,Gaithersburg,Bright Pioneer Enterprises,Small Business,Clothing,Linen Shirt,54.99,21.0,18,989.82,378.0,611.82,0,Rachel Scott
SO-13246,2022-03-14,2022-03-20,Distributor,WARE-MCD2201,West,Idaho,Nampa,Apex Bright Retail,Corporate,Electronics,Laptop Cooling Pad,49.99,19.0,18,827.82,342.0,485.82,8,Amanda Torres
SO-13247,2022-11-24,2022-11-30,Online,WARE-ATL5509,Midwest,Indiana,South Bend,Elite Premier Enterprises,Government,Office Supplies,Ergonomic Mouse,59.99,24.0,27,1619.73,648.0,971.73,0,Amanda Torres
SO-13248,2024-03-24,2024-03-31,In-Store,WARE-NBV1002,Midwest,Kansas,Olathe,Metro Horizon Solutions,Enterprise,Furniture,Conference Table,999.99,520.0,18,17999.82,9360.0,8639.82,0,David Park
SO-13249,2023-08-18,2023-08-24,Wholesale,WARE-UHY1004,Southeast,North Carolina,Durham,Swift Advanced Enterprises,Government,Furniture,Modular Sofa,1499.99,750.0,2,2849.98,1500.0,1349.98,5,Robert Adams
SO-13250,2022-01-14,2022-01-18,Online,WARE-NBV1002,Northeast,Connecticut,Bridgeport,Bright Horizon LLC,Corporate,Furniture,Ergonomic Chair Pro,449.99,218.0,16,7199.84,3488.0,3711.84,0,Robert Adams
SO-13251,2023-09-18,2023-09-24,Online,WARE-MCD2201,Northeast,Pennsylvania,Erie,Advanced Summit Trading,Retail,Clothing,Chinos,74.99,30.0,3,191.22,90.0,101.22,15,David Park
SO-13252,2023-12-13,2023-12-17,In-Store,WARE-NBV1002,Midwest,Iowa,Des Moines,Pioneer Central Solutions,Government,Electronics,Ring Light,89.99,36.0,17,1376.83,612.0,764.83,10,Emily Johnson
SO-13253,2024-01-25,2024-01-28,Distributor,WARE-UHY1004,Northeast,Pennsylvania,Philadelphia,National Premier LLC,Government,Electronics,Surface Laptop,1399.99,870.0,13,16015.87,11310.0,4705.87,12,James Carter
SO-13254,2023-01-28,2023-02-03,Wholesale,WARE-NBV1002,Northeast,Maine,Bangor,Elite Metro Commerce,Enterprise,Electronics,Webcam HD,99.99,42.0,13,1234.87,546.0,688.87,5,Robert Adams
SO-13255,2023-05-18,2023-05-22,Wholesale,WARE-NBV1002,Southeast,Kentucky,Lexington,Coastal Advanced Co,Corporate,Electronics,Smart Speaker,199.99,90.0,5,949.95,450.0,499.95,5,David Park
SO-13256,2023-10-22,2023-10-27,In-Store,WARE-NBV1002,Northeast,Vermont,Burlington,Unity Swift Distributors,Enterprise,Clothing,Golf Polo,64.99,26.0,8,467.92,208.0,259.92,10,Sarah Mitchell
SO-13257,2022-06-14,2022-06-16,Online,WARE-NBV1002,Southeast,North Carolina,Charlotte,Horizon Core Commerce,Corporate,Electronics,Smart Lock,249.99,115.0,21,4987.29,2415.0,2572.29,5,Amanda Torres
SO-13258,2023-10-16,2023-10-22,Wholesale,WARE-ATL5509,Northeast,Rhode Island,Pawtucket,Apex Digital Solutions,Corporate,Furniture,Lateral File Cabinet,399.99,192.0,14,4927.86,2688.0,2239.86,12,Emily Johnson
SO-13259,2022-11-24,2022-11-30,In-Store,WARE-MCD2201,Southwest,Utah,West Jordan,Pacific Global Distributors,Government,Clothing,Suit Set,299.99,135.0,20,5099.8,2700.0,2399.8,15,Michael Brown
SO-13260,2022-08-11,2022-08-16,Distributor,WARE-UHY1004,Southeast,District of Columbia,Washington,Pioneer Elite Group,Corporate,Furniture,Work Bench,549.99,270.0,3,1567.47,810.0,757.47,5,Michael Brown
SO-13261,2024-03-17,2024-03-24,Wholesale,WARE-PJW3508,Southeast,Kentucky,Covington,Global Summit Trading,Enterprise,Office Supplies,Ergonomic Chair,349.99,175.0,15,5249.85,2625.0,2624.85,0,Michael Brown
SO-13262,2024-03-19,2024-03-29,Online,WARE-NBV1002,West,Nevada,Henderson,Unity Summit Solutions,Retail,Clothing,Winter Coat,149.99,65.0,3,436.47,195.0,241.47,3,Robert Adams
SO-13263,2023-06-04,2023-06-07,In-Store,WARE-NBV1002,Southwest,Utah,Salt Lake City,Coastal National Retail,Government,Office Supplies,Laminator,89.99,40.0,7,629.93,280.0,349.93,0,James Carter
SO-13264,2023-12-09,2023-12-15,Online,WARE-PJW3508,Southwest,Colorado,Lakewood,Atlantic Premier Solutions,Enterprise,Electronics,Wireless Router,199.99,85.0,35,6999.65,2975.0,4024.65,0,Emily Johnson
SO-13265,2022-05-10,2022-05-13,Online,WARE-NBV1002,Northeast,Vermont,Rutland,Atlantic Coastal Commerce,Government,Clothing,Athleisure Set,119.99,50.0,3,323.97,150.0,173.97,10,Kevin Williams
SO-13266,2023-01-12,2023-01-15,Wholesale,WARE-NBV1002,Northeast,Maine,South Portland,Central Horizon Group,Corporate,Clothing,Sports Jacket,109.99,46.0,5,549.95,230.0,319.95,0,James Carter
SO-13267,2023-10-23,2023-10-27,In-Store,WARE-PJW3508,West,California,Long Beach,Atlantic Sterling Enterprises,Government,Clothing,Linen Shirt,54.99,21.0,14,731.36,294.0,437.36,5,Michael Brown
SO-13268,2023-10-14,2023-10-18,Wholesale,WARE-MCD2201,West,Idaho,Pocatello,Pioneer Premier Solutions,Retail,Furniture,Modular Sofa,1499.99,750.0,15,22499.85,11250.0,11249.85,0,Kevin Williams
SO-13269,2023-05-09,2023-05-15,Wholesale,WARE-NBV1002,Southeast,Kentucky,Covington,Apex Pacific Trading,Small Business,Clothing,Sun Hat,34.99,13.0,8,237.92,104.0,133.92,15,Robert Adams
SO-13270,2022-09-29,2022-10-06,Online,WARE-PJW3508,Southwest,Utah,West Jordan,Metro Digital Retail,Corporate,Electronics,iPhone 15 Pro,1199.99,780.0,1,1139.99,780.0,359.99,5,Rachel Scott
SO-13271,2022-03-01,2022-03-06,Wholesale,WARE-NBV1002,Southeast,West Virginia,Huntington,Summit Pioneer Supply,Corporate,Office Supplies,Whiteboard,159.99,72.0,10,1439.9,720.0,719.9,10,Lisa Chen
SO-13272,2024-03-03,2024-03-06,In-Store,WARE-ATL5509,Southwest,Wyoming,Casper,Bright Global Trading,Government,Office Supplies,Card Reader,39.99,15.0,10,399.9,150.0,249.9,0,Sarah Mitchell
SO-13273,2024-03-21,2024-03-23,Online,WARE-ATL5509,Midwest,Missouri,Columbia,Swift Metro Solutions,Small Business,Electronics,Satellite Phone,799.99,420.0,7,4759.93,2940.0,1819.93,15,Michael Brown
SO-13274,2022-09-13,2022-09-18,In-Store,WARE-PJW3508,South,Louisiana,Lake Charles,Unity Horizon Enterprises,Retail,Office Supplies,Stapler Heavy Duty,29.99,11.0,11,329.89,121.0,208.89,0,Robert Adams
SO-13275,2023-02-01,2023-02-04,Online,WARE-ATL5509,Midwest,Wisconsin,Milwaukee,Horizon Sterling Group,Retail,Clothing,Golf Polo,64.99,26.0,5,285.95,130.0,155.95,12,Michael Brown
SO-13276,2023-02-05,2023-02-09,In-Store,WARE-ATL5509,West,Arizona,Tucson,Unity Horizon Inc,Enterprise,Office Supplies,Document Scanner,299.99,145.0,17,4844.83,2465.0,2379.83,5,Sarah Mitchell
SO-13277,2022-11-16,2022-11-20,Wholesale,WARE-UHY1004,West,Oregon,Hillsboro,Coastal Summit Enterprises,Small Business,Electronics,Wi-Fi Mesh System,399.99,190.0,25,9999.75,4750.0,5249.75,0,Sarah Mitchell
SO-13278,2023-11-18,2023-11-23,Distributor,WARE-NBV1002,South,Alabama,Tuscaloosa,National Advanced Inc,Government,Electronics,Smart Monitor 27,599.99,290.0,32,17663.68,9280.0,8383.68,8,Amanda Torres
SO-13279,2022-12-16,2022-12-23,Wholesale,WARE-ATL5509,Southwest,Colorado,Aurora,Sterling Coastal Distributors,Enterprise,Clothing,Holiday Sweater,69.99,28.0,14,979.86,392.0,587.86,0,Sarah Mitchell
SO-13280,2023-01-15,2023-01-20,Distributor,WARE-PJW3508,West,Montana,Missoula,Apex Summit Retail,Enterprise,Electronics,Video Doorbell,179.99,80.0,3,523.77,240.0,283.77,3,Amanda Torres
SO-13281,2023-03-27,2023-04-02,Wholesale,WARE-PJW3508,Northeast,Rhode Island,Providence,Metro Horizon Trading,Government,Electronics,Drone Camera,799.99,400.0,9,6335.91,3600.0,2735.91,12,Amanda Torres
SO-13282,2023-11-14,2023-11-17,In-Store,WARE-UHY1004,Southeast,Maryland,Baltimore,Central Metro Enterprises,Enterprise,Office Supplies,Calligraphy Set,39.99,15.0,18,647.82,270.0,377.82,10,Rachel Scott
SO-13283,2023-01-07,2023-01-11,Online,WARE-UHY1004,Midwest,Kansas,Overland Park,Swift Atlantic Trading,Enterprise,Office Supplies,Flip Chart,69.99,29.0,5,307.95,145.0,162.95,12,Emily Johnson
SO-13284,2022-12-28,2023-01-02,Online,WARE-NBV1002,Midwest,Ohio,Toledo,Atlantic Atlantic Retail,Corporate,Clothing,Sun Hat,34.99,13.0,22,731.28,286.0,445.28,5,Michael Brown
SO-13285,2022-06-23,2022-06-28,Distributor,WARE-ATL5509,Southwest,Hawaii,Hilo,Pioneer Unity Co,Corporate,Electronics,Smartband,199.99,88.0,20,3879.8,1760.0,2119.8,3,Sarah Mitchell
SO-13286,2023-03-30,2023-04-05,In-Store,WARE-ATL5509,South,Arkansas,Springdale,Coastal Unity Solutions,Corporate,Electronics,Smart Monitor 27,599.99,290.0,16,9119.84,4640.0,4479.84,5,Rachel Scott
SO-13287,2023-08-07,2023-08-09,In-Store,WARE-UHY1004,Northeast,Maine,Bangor,Global Elite Inc,Government,Furniture,Credenza,649.99,320.0,10,5719.9,3200.0,2519.9,12,James Carter
SO-13288,2023-07-24,2023-07-26,Distributor,WARE-PJW3508,West,Arizona,Phoenix,National Digital Trading,Small Business,Clothing,Fleece Hoodie,74.99,30.0,11,701.14,330.0,371.14,15,David Park
SO-13289,2023-06-22,2023-07-02,Wholesale,WARE-UHY1004,Southwest,Wyoming,Rock Springs,Swift Coastal Solutions,Retail,Clothing,Casual Pants,69.99,28.0,2,135.78,56.0,79.78,3,James Carter
SO-13290,2023-07-11,2023-07-17,Online,WARE-NBV1002,Northeast,New Hampshire,Manchester,Unity Swift Commerce,Small Business,Furniture,TV Stand,249.99,118.0,2,499.98,236.0,263.98,0,James Carter
SO-13291,2022-06-07,2022-06-21,In-Store,WARE-NBV1002,Northeast,Rhode Island,Cranston,Horizon Premier Supply,Small Business,Clothing,Linen Pants,64.99,26.0,19,1086.61,494.0,592.61,12,James Carter
SO-13292,2023-08-08,2023-08-18,Wholesale,WARE-UHY1004,West,Washington,Seattle,Bright Digital Trading,Corporate,Electronics,Smart Home Hub,299.99,140.0,7,2036.93,980.0,1056.93,3,Lisa Chen
SO-13293,2023-07-29,2023-08-03,In-Store,WARE-ATL5509,Midwest,Ohio,Cincinnati,Digital Summit Distributors,Enterprise,Electronics,External SSD,129.99,55.0,3,389.97,165.0,224.97,0,Robert Adams
SO-13294,2024-02-27,2024-03-02,Wholesale,WARE-PJW3508,Southwest,Alaska,Fairbanks,Coastal Elite Commerce,Government,Furniture,Laptop Cart,299.99,145.0,8,2399.92,1160.0,1239.92,0,Lisa Chen
SO-13295,2022-05-25,2022-06-04,Distributor,WARE-MCD2201,Midwest,Nebraska,Omaha,Apex Unity Commerce,Small Business,Electronics,Portable Charger,79.99,34.0,8,607.92,272.0,335.92,5,Kevin Williams
SO-13296,2022-08-09,2022-08-14,Online,WARE-PJW3508,Southwest,Utah,Provo,Atlantic Central LLC,Enterprise,Clothing,Board Shorts,54.99,21.0,22,1028.28,462.0,566.28,15,Kevin Williams
SO-13297,2023-10-14,2023-10-19,Online,WARE-ATL5509,West,Nevada,Henderson,Advanced Bright Distributors,Enterprise,Electronics,Portable Projector,499.99,245.0,5,2499.95,1225.0,1274.95,0,Sarah Mitchell
SO-13298,2023-11-06,2023-11-12,Online,WARE-PJW3508,West,New Mexico,Roswell,Digital Core Commerce,Enterprise,Furniture,Accent Table,199.99,92.0,13,2599.87,1196.0,1403.87,0,Michael Brown
SO-13299,2023-10-04,2023-10-09,Wholesale,WARE-PJW3508,Southeast,North Carolina,Charlotte,Unity Sterling Commerce,Government,Electronics,Video Doorbell,179.99,80.0,6,1025.94,480.0,545.94,5,Michael Brown
SO-13300,2022-07-08,2022-07-18,Online,WARE-MCD2201,Northeast,New York,Syracuse,Coastal Apex Supply,Small Business,Office Supplies,Stapler Heavy Duty,29.99,11.0,19,501.41,209.0,292.41,12,James Carter
SO-13301,2022-01-22,2022-01-27,Distributor,WARE-MCD2201,Northeast,New Hampshire,Manchester,Sterling Elite Retail,Enterprise,Furniture,Lateral File Cabinet,399.99,192.0,3,1079.97,576.0,503.97,10,Robert Adams
SO-13302,2024-02-17,2024-02-24,Distributor,WARE-MCD2201,Southwest,Nevada,Reno,Unity Global Supply,Government,Furniture,Floor Lamp,159.99,72.0,12,1766.28,864.0,902.28,8,James Carter
SO-13303,2024-03-10,2024-03-15,Distributor,WARE-MCD2201,Northeast,Massachusetts,Springfield,Advanced Premier Co,Corporate,Electronics,Smart Monitor 27,599.99,290.0,7,4199.93,2030.0,2169.93,0,James Carter
SO-13304,2023-10-29,2023-11-08,Distributor,WARE-MCD2201,South,Alabama,Birmingham,Advanced Central Inc,Retail,Electronics,Smart Speaker,199.99,90.0,15,2849.85,1350.0,1499.85,5,Robert Adams
SO-13305,2023-04-15,2023-04-19,Wholesale,WARE-UHY1004,Midwest,Kansas,Olathe,Swift Elite Solutions,Government,Clothing,Winter Coat,149.99,65.0,13,1949.87,845.0,1104.87,0,Rachel Scott
SO-13306,2023-12-09,2023-12-13,Online,WARE-PJW3508,Northeast,Massachusetts,Boston,Sterling Pacific Commerce,Small Business,Electronics,Digital Whiteboard,1999.99,1100.0,29,52199.71,31900.0,20299.71,10,James Carter
SO-13307,2022-11-20,2022-11-27,In-Store,WARE-ATL5509,Southwest,Nevada,Henderson,National Elite Trading,Retail,Office Supplies,Ergonomic Chair,349.99,175.0,33,10394.67,5775.0,4619.67,10,David Park
SO-13308,2022-05-23,2022-05-28,Distributor,WARE-NBV1002,Midwest,Iowa,Davenport,Pioneer Coastal Commerce,Retail,Furniture,Reception Desk,849.99,430.0,11,8227.89,4730.0,3497.89,12,David Park
SO-13309,2023-02-15,2023-02-22,Online,WARE-NBV1002,Midwest,Kansas,Olathe,Horizon Atlantic Group,Corporate,Office Supplies,Ergonomic Mouse,59.99,24.0,10,527.9,240.0,287.9,12,Robert Adams
SO-13310,2022-09-29,2022-10-06,Distributor,WARE-UHY1004,Midwest,Indiana,Evansville,Sterling Digital Distributors,Government,Clothing,Board Shorts,54.99,21.0,11,586.74,231.0,355.74,3,Michael Brown
SO-13311,2022-10-21,2022-10-27,Wholesale,WARE-UHY1004,Southwest,Colorado,Aurora,Apex Metro Solutions,Small Business,Clothing,Business Casual Shirt,59.99,22.0,4,227.96,88.0,139.96,5,Amanda Torres
SO-13312,2022-04-19,2022-04-24,Wholesale,WARE-PJW3508,Northeast,Vermont,Montpelier,Coastal Atlantic Group,Government,Furniture,Accent Table,199.99,92.0,3,509.97,276.0,233.97,15,Lisa Chen
SO-13313,2023-08-12,2023-08-22,Online,WARE-ATL5509,Midwest,Nebraska,Bellevue,National Summit Co,Government,Office Supplies,Projector,699.99,340.0,18,12221.82,6120.0,6101.82,3,Amanda Torres
SO-13314,2024-01-01,2024-01-06,Online,WARE-PJW3508,West,Washington,Seattle,Sterling Elite Trading,Government,Electronics,iPhone 15 Pro,1199.99,780.0,13,14039.87,10140.0,3899.87,10,Rachel Scott
SO-13315,2022-04-12,2022-04-16,Distributor,WARE-ATL5509,Northeast,New Hampshire,Concord,Bright Advanced Enterprises,Small Business,Office Supplies,Tape Dispenser,24.99,9.0,9,206.91,81.0,125.91,8,Michael Brown
SO-13316,2023-06-02,2023-06-05,Wholesale,WARE-PJW3508,West,Utah,Orem,Unity Horizon Enterprises,Enterprise,Office Supplies,Wireless Keyboard,89.99,38.0,15,1349.85,570.0,779.85,0,Kevin Williams
SO-13317,2022-03-25,2022-03-31,Online,WARE-NBV1002,Southwest,New Mexico,Roswell,Pacific Digital Distributors,Enterprise,Furniture,Modular Sofa,1499.99,750.0,14,20999.86,10500.0,10499.86,0,Emily Johnson
SO-13318,2023-01-15,2023-01-21,Distributor,WARE-PJW3508,Southwest,Arizona,Tucson,Sterling Metro Corp,Government,Clothing,Business Casual Shirt,59.99,22.0,11,593.89,242.0,351.89,10,Lisa Chen
SO-13319,2022-11-25,2022-11-30,Online,WARE-UHY1004,Southeast,Kentucky,Owensboro,Premier Central Commerce,Corporate,Clothing,Running Shoes,89.99,38.0,26,2339.74,988.0,1351.74,0,Amanda Torres
SO-13320,2024-03-11,2024-03-17,Online,WARE-UHY1004,Southeast,Virginia,Richmond,Apex Bright Co,Small Business,Office Supplies,Label Printer,179.99,82.0,17,2968.03,1394.0,1574.03,3,Michael Brown
SO-13321,2023-01-14,2023-01-17,Wholesale,WARE-NBV1002,Midwest,Nebraska,Lincoln,Sterling Apex Solutions,Corporate,Office Supplies,Projector,699.99,340.0,17,11899.83,5780.0,6119.83,0,David Park
SO-13322,2022-04-16,2022-04-21,Wholesale,WARE-NBV1002,South,Arkansas,Fayetteville,Central Elite Corp,Small Business,Office Supplies,Binding Machine,149.99,68.0,10,1319.9,680.0,639.9,12,Emily Johnson
SO-13323,2023-06-22,2023-06-24,In-Store,WARE-PJW3508,Northeast,Maine,Bangor,Global Horizon Trading,Enterprise,Electronics,Smart Monitor 27,599.99,290.0,4,2207.96,1160.0,1047.96,8,Emily Johnson
SO-13324,2023-10-28,2023-11-11,Distributor,WARE-NBV1002,South,Louisiana,Lafayette,National Apex Trading,Retail,Electronics,Bluetooth Speaker,149.99,58.0,13,1891.37,754.0,1137.37,3,Robert Adams
SO-13325,2022-06-25,2022-06-29,In-Store,WARE-PJW3508,Southeast,Kentucky,Covington,Pacific Advanced Retail,Corporate,Clothing,Formal Jacket,129.99,55.0,12,1481.88,660.0,821.88,5,Amanda Torres
SO-13326,2022-09-27,2022-10-02,In-Store,WARE-UHY1004,South,Tennessee,Chattanooga,Coastal Metro Retail,Enterprise,Furniture,Conference Table,999.99,520.0,10,9999.9,5200.0,4799.9,0,Michael Brown
SO-13327,2022-02-06,2022-02-16,Online,WARE-NBV1002,Southwest,Hawaii,Hilo,National Metro Trading,Small Business,Office Supplies,Flip Chart,69.99,29.0,11,731.39,319.0,412.39,5,Rachel Scott
SO-13328,2023-06-28,2023-07-01,Online,WARE-ATL5509,Northeast,New York,Albany,Premier Elite Co,Retail,Furniture,Accent Table,199.99,92.0,21,3989.79,1932.0,2057.79,5,James Carter
SO-13329,2022-12-09,2022-12-19,Online,WARE-ATL5509,Midwest,Missouri,Independence,National Unity Solutions,Small Business,Office Supplies,Whiteboard,159.99,72.0,26,3826.94,1872.0,1954.94,8,Kevin Williams
SO-13330,2023-06-27,2023-07-02,Distributor,WARE-MCD2201,Midwest,Minnesota,Bloomington,Metro Apex Supply,Small Business,Clothing,Winter Coat,149.99,65.0,14,2099.86,910.0,1189.86,0,Emily Johnson
SO-13331,2023-10-07,2023-10-09,Wholesale,WARE-PJW3508,Southeast,North Carolina,Durham,Global Sterling Co,Corporate,Office Supplies,Electric Stapler,49.99,19.0,13,617.37,247.0,370.37,5,Sarah Mitchell
SO-13332,2023-11-27,2023-12-01,Online,WARE-MCD2201,West,Nevada,Las Vegas,Unity Core Distributors,Enterprise,Furniture,Storage Cabinet,449.99,215.0,28,11969.72,6020.0,5949.72,5,Kevin Williams
SO-13333,2022-07-26,2022-07-30,Online,WARE-MCD2201,West,Montana,Bozeman,Advanced National Inc,Small Business,Office Supplies,Projector,699.99,340.0,7,4899.93,2380.0,2519.93,0,Sarah Mitchell
SO-13334,2023-04-26,2023-05-02,Online,WARE-NBV1002,Southeast,North Carolina,Charlotte,Coastal National Solutions,Enterprise,Clothing,Running Shoes,89.99,38.0,4,349.16,152.0,197.16,3,Robert Adams
SO-13335,2022-05-17,2022-05-21,Online,WARE-UHY1004,Northeast,Connecticut,Waterbury,Central Atlantic Co,Enterprise,Clothing,Summer Dress,79.99,30.0,5,351.95,150.0,201.95,12,Lisa Chen
SO-13336,2023-09-01,2023-09-05,In-Store,WARE-NBV1002,Midwest,Michigan,Grand Rapids,Global Summit Group,Corporate,Furniture,Adjustable Monitor Stand,129.99,58.0,5,630.45,290.0,340.45,3,James Carter
SO-13337,2023-09-11,2023-09-16,Online,WARE-ATL5509,Northeast,Pennsylvania,Pittsburgh,Advanced National Solutions,Retail,Clothing,Linen Shirt,54.99,21.0,6,329.94,126.0,203.94,0,Rachel Scott
SO-13338,2023-09-11,2023-09-25,Distributor,WARE-ATL5509,Northeast,Pennsylvania,Allentown,Horizon Central Corp,Enterprise,Office Supplies,Projector,699.99,340.0,11,7699.89,3740.0,3959.89,0,David Park
SO-13339,2024-02-26,2024-03-03,Distributor,WARE-UHY1004,Southwest,Hawaii,Kapolei,Digital Digital Distributors,Retail,Furniture,Conference Table,999.99,520.0,18,15299.82,9360.0,5939.82,15,Sarah Mitchell
SO-13340,2023-10-20,2023-10-22,Wholesale,WARE-NBV1002,Midwest,Illinois,Naperville,Coastal National Group,Small Business,Office Supplies,Ergonomic Chair,349.99,175.0,15,5249.85,2625.0,2624.85,0,Amanda Torres
SO-13341,2024-01-12,2024-01-17,In-Store,WARE-PJW3508,South,Florida,Clearwater,Elite Central Corp,Enterprise,Clothing,Athleisure Set,119.99,50.0,6,647.94,300.0,347.94,10,Rachel Scott
SO-13342,2023-07-11,2023-07-17,Distributor,WARE-MCD2201,Southwest,Hawaii,Kapolei,Unity Summit LLC,Small Business,Clothing,Denim Jacket,89.99,38.0,7,611.03,266.0,345.03,3,Rachel Scott
SO-13343,2022-08-17,2022-08-22,In-Store,WARE-UHY1004,South,Georgia,Savannah,Elite Unity Solutions,Small Business,Office Supplies,Card Reader,39.99,15.0,8,319.92,120.0,199.92,0,Lisa Chen
SO-13344,2023-11-29,2023-12-05,Distributor,WARE-NBV1002,Southeast,North Carolina,Durham,Metro Atlantic Co,Small Business,Office Supplies,Desk Organizer,29.99,11.0,4,113.96,44.0,69.96,5,Michael Brown
SO-13345,2023-01-14,2023-01-19,In-Store,WARE-PJW3508,Midwest,Michigan,Grand Rapids,Unity Bright Group,Corporate,Office Supplies,Flip Chart,69.99,29.0,13,909.87,377.0,532.87,0,Michael Brown
SO-13346,2023-10-21,2023-10-25,In-Store,WARE-UHY1004,West,Oregon,Hillsboro,Elite Pioneer Commerce,Government,Office Supplies,Filing Cabinet,199.99,95.0,15,2849.85,1425.0,1424.85,5,Amanda Torres
SO-13347,2023-09-17,2023-09-21,Wholesale,WARE-PJW3508,Southeast,District of Columbia,Washington,Bright Advanced Solutions,Government,Electronics,Bloomberg Terminal,5999.99,3800.0,1,5999.99,3800.0,2199.99,0,Lisa Chen
SO-13348,2022-05-13,2022-05-17,Online,WARE-ATL5509,Northeast,New Hampshire,Nashua,Global Global Enterprises,Retail,Furniture,Credenza,649.99,320.0,8,5043.92,2560.0,2483.92,3,Sarah Mitchell
SO-13349,2022-11-02,2022-11-08,Online,WARE-PJW3508,Southeast,West Virginia,Wheeling,Digital Apex Corp,Government,Furniture,Partition Wall,349.99,168.0,28,9309.72,4704.0,4605.72,5,Emily Johnson
SO-13350,2023-07-24,2023-07-30,Online,WARE-UHY1004,Southwest,Wyoming,Gillette,Summit Summit Enterprises,Enterprise,Furniture,Conference Table,999.99,520.0,22,18699.78,11440.0,7259.78,15,Robert Adams
SO-13351,2024-02-03,2024-02-10,Distributor,WARE-NBV1002,Southwest,Wyoming,Laramie,Apex Central Corp,Small Business,Electronics,iPhone 15,999.99,620.0,2,1899.98,1240.0,659.98,5,David Park
SO-13352,2023-06-04,2023-06-10,Distributor,WARE-ATL5509,Southwest,Alaska,Sitka,Advanced Metro Supply,Retail,Clothing,Board Shorts,54.99,21.0,2,93.48,42.0,51.48,15,Michael Brown
SO-13353,2022-10-01,2022-10-08,Wholesale,WARE-PJW3508,West,California,Sacramento,Elite Summit Inc,Enterprise,Office Supplies,Stapler Heavy Duty,29.99,11.0,6,170.94,66.0,104.94,5,Emily Johnson
SO-13354,2022-11-02,2022-11-08,In-Store,WARE-PJW3508,South,Mississippi,Jackson,Horizon Pacific Solutions,Small Business,Furniture,Lounge Chair,399.99,195.0,6,2327.94,1170.0,1157.94,3,Sarah Mitchell
SO-13355,2022-09-11,2022-09-17,In-Store,WARE-UHY1004,Northeast,Massachusetts,Springfield,National Pacific Supply,Enterprise,Clothing,Linen Pants,64.99,26.0,1,61.74,26.0,35.74,5,Robert Adams
SO-13356,2023-03-25,2023-03-30,Distributor,WARE-UHY1004,Southwest,Alaska,Juneau,Digital Coastal Co,Government,Clothing,Winter Coat,149.99,65.0,18,2483.82,1170.0,1313.82,8,David Park
SO-13357,2024-01-25,2024-01-30,Online,WARE-NBV1002,Southwest,Utah,Salt Lake City,Metro Pacific Supply,Small Business,Clothing,Swimwear,49.99,19.0,1,49.99,19.0,30.99,0,Michael Brown
SO-13358,2023-09-13,2023-09-23,Distributor,WARE-ATL5509,Midwest,Kansas,Wichita,Atlantic Unity Enterprises,Corporate,Furniture,Bookshelf,249.99,110.0,10,2499.9,1100.0,1399.9,0,James Carter
SO-13359,2023-11-05,2023-11-10,In-Store,WARE-NBV1002,Midwest,Wisconsin,Racine,Pacific Sterling Distributors,Enterprise,Electronics,MacBook Pro 16,2499.99,1650.0,6,14549.94,9900.0,4649.94,3,Rachel Scott
SO-13360,2022-02-27,2022-03-02,Distributor,WARE-UHY1004,Southeast,Virginia,Virginia Beach,Metro Digital Inc,Corporate,Clothing,Winter Coat,149.99,65.0,9,1349.91,585.0,764.91,0,James Carter
SO-13361,2023-01-09,2023-01-14,Wholesale,WARE-NBV1002,Midwest,Indiana,Indianapolis,Pioneer Metro Trading,Retail,Office Supplies,Paper Shredder,129.99,62.0,17,1944.63,1054.0,890.63,12,Amanda Torres
SO-13362,2023-06-19,2023-06-23,Distributor,WARE-NBV1002,Midwest,Ohio,Cincinnati,Pioneer Coastal Inc,Enterprise,Electronics,GPU Card,999.99,620.0,9,8999.91,5580.0,3419.91,0,Robert Adams
SO-13363,2022-12-17,2022-12-22,Online,WARE-NBV1002,West,New Mexico,Albuquerque,Atlantic Pioneer LLC,Retail,Office Supplies,Paper Shredder,129.99,62.0,17,2209.83,1054.0,1155.83,0,Robert Adams
SO-13364,2024-02-09,2024-02-15,Online,WARE-MCD2201,Southwest,Hawaii,Honolulu,Atlantic Metro Trading,Enterprise,Furniture,Modular Sofa,1499.99,750.0,12,17099.88,9000.0,8099.88,5,James Carter
SO-13365,2022-12-23,2022-12-26,Online,WARE-UHY1004,Southwest,Colorado,Fort Collins,Horizon Elite Enterprises,Small Business,Office Supplies,Binding Machine,149.99,68.0,16,2399.84,1088.0,1311.84,0,James Carter
SO-13366,2023-10-26,2023-10-30,Wholesale,WARE-NBV1002,West,Oregon,Eugene,Sterling Global Commerce,Government,Electronics,Wireless Router,199.99,85.0,10,1999.9,850.0,1149.9,0,David Park
SO-13367,2023-02-22,2023-02-25,In-Store,WARE-NBV1002,Southwest,Nevada,Reno,Bright Core Distributors,Government,Office Supplies,Whiteboard,159.99,72.0,2,319.98,144.0,175.98,0,Sarah Mitchell
SO-13368,2023-09-18,2023-09-21,In-Store,WARE-UHY1004,Southwest,Colorado,Denver,Digital Atlantic Distributors,Government,Electronics,USB-C Hub,79.99,32.0,17,1155.83,544.0,611.83,15,Kevin Williams
SO-13369,2023-08-29,2023-09-04,Distributor,WARE-NBV1002,West,Arizona,Phoenix,Advanced Elite Co,Small Business,Furniture,Floor Lamp,159.99,72.0,10,1519.9,720.0,799.9,5,David Park
SO-13370,2023-06-30,2023-07-06,Online,WARE-NBV1002,West,Arizona,Tucson,Central Advanced Commerce,Corporate,Clothing,Sports Jacket,109.99,46.0,15,1517.85,690.0,827.85,8,Lisa Chen
SO-13371,2023-04-25,2023-05-02,Wholesale,WARE-MCD2201,Northeast,Connecticut,Waterbury,Global Central Enterprises,Government,Office Supplies,Wireless Keyboard,89.99,38.0,5,436.45,190.0,246.45,3,Kevin Williams
SO-13372,2022-03-10,2022-03-15,In-Store,WARE-PJW3508,South,Mississippi,Hattiesburg,Summit Advanced Inc,Corporate,Clothing,Linen Shirt,54.99,21.0,1,48.39,21.0,27.39,12,Emily Johnson
SO-13373,2022-07-02,2022-07-07,Wholesale,WARE-UHY1004,South,Florida,Clearwater,Central Coastal LLC,Corporate,Clothing,Running Shoes,89.99,38.0,3,261.87,114.0,147.87,3,Sarah Mitchell
SO-13374,2022-04-30,2022-05-05,Wholesale,WARE-NBV1002,West,Oregon,Hillsboro,Metro Swift Trading,Corporate,Furniture,Adjustable Monitor Stand,129.99,58.0,5,597.95,290.0,307.95,8,James Carter
SO-13375,2022-01-28,2022-02-03,Wholesale,WARE-NBV1002,Southeast,Maryland,Baltimore,Coastal Horizon Group,Government,Office Supplies,Copier Machine,1299.99,680.0,6,7019.94,4080.0,2939.94,10,David Park
SO-13376,2023-02-05,2023-02-11,Distributor,WARE-PJW3508,South,Tennessee,Memphis,Central Global Supply,Corporate,Furniture,Conference Table,999.99,520.0,13,11699.87,6760.0,4939.87,10,Kevin Williams
SO-13377,2023-11-27,2023-12-02,Distributor,WARE-NBV1002,Southwest,New Mexico,Albuquerque,Central Core Corp,Government,Furniture,Conference Table,999.99,520.0,6,5999.94,3120.0,2879.94,0,Kevin Williams
SO-13378,2022-11-16,2022-11-21,In-Store,WARE-MCD2201,Northeast,Rhode Island,Warwick,Pacific Summit Co,Corporate,Clothing,Winter Coat,149.99,65.0,7,997.43,455.0,542.43,5,David Park
SO-13379,2023-10-13,2023-10-18,Online,WARE-PJW3508,Northeast,Rhode Island,Providence,Bright Atlantic Retail,Government,Office Supplies,Copier Machine,1299.99,680.0,2,2599.98,1360.0,1239.98,0,Kevin Williams
SO-13380,2022-01-15,2022-01-18,Online,WARE-NBV1002,South,Mississippi,Hattiesburg,Digital Digital Co,Retail,Furniture,Bar Cart,299.99,140.0,8,2399.92,1120.0,1279.92,0,David Park
SO-13381,2023-11-15,2023-11-19,Online,WARE-PJW3508,West,Nevada,Reno,Pioneer Elite Supply,Retail,Electronics,Portable Projector,499.99,245.0,5,2249.95,1225.0,1024.95,10,Lisa Chen
SO-13382,2024-01-04,2024-01-08,Online,WARE-UHY1004,Southwest,Nevada,Henderson,Coastal Metro Group,Retail,Furniture,Conference Table,999.99,520.0,18,15839.82,9360.0,6479.82,12,Amanda Torres
SO-13383,2023-02-10,2023-02-20,In-Store,WARE-PJW3508,Midwest,Kansas,Olathe,Pioneer Pacific Solutions,Retail,Clothing,Turtleneck,59.99,24.0,16,931.04,384.0,547.04,3,Michael Brown
SO-13384,2023-06-15,2023-06-19,Online,WARE-UHY1004,South,South Carolina,Charleston,Swift Metro Supply,Retail,Clothing,Business Casual Shirt,59.99,22.0,5,269.95,110.0,159.95,10,Kevin Williams
SO-13385,2023-10-12,2023-10-19,Distributor,WARE-NBV1002,Northeast,New York,New York City,Unity Summit Group,Retail,Electronics,Gaming PC,2499.99,1450.0,5,12499.95,7250.0,5249.95,0,James Carter
SO-13386,2023-05-16,2023-05-21,Online,WARE-ATL5509,Southeast,District of Columbia,Washington,Atlantic Coastal Trading,Corporate,Clothing,Turtleneck,59.99,24.0,17,968.83,408.0,560.83,5,Amanda Torres
SO-13387,2022-02-19,2022-02-23,Online,WARE-MCD2201,West,Arizona,Mesa,Sterling Coastal Supply,Small Business,Furniture,Bar Cart,299.99,140.0,9,2294.91,1260.0,1034.91,15,Robert Adams
SO-13388,2023-03-18,2023-03-20,Wholesale,WARE-NBV1002,Southwest,Nevada,North Las Vegas,Metro Premier Supply,Small Business,Clothing,Casual Pants,69.99,28.0,4,265.96,112.0,153.96,5,Kevin Williams
SO-13389,2022-12-06,2022-12-16,Wholesale,WARE-PJW3508,Southwest,Colorado,Fort Collins,Bright Pioneer Trading,Government,Furniture,Adjustable Monitor Stand,129.99,58.0,12,1372.68,696.0,676.68,12,Rachel Scott
SO-13390,2022-12-27,2023-01-03,In-Store,WARE-ATL5509,South,Tennessee,Clarksville,Swift Metro Corp,Enterprise,Clothing,Rain Jacket,99.99,42.0,15,1499.85,630.0,869.85,0,Kevin Williams
SO-13391,2022-09-19,2022-09-25,Online,WARE-ATL5509,West,Utah,Salt Lake City,Digital National Trading,Corporate,Furniture,Mesh Chair,319.99,155.0,8,2483.12,1240.0,1243.12,3,Kevin Williams
SO-13392,2023-04-25,2023-04-30,In-Store,WARE-PJW3508,Midwest,Iowa,Davenport,Atlantic Unity Supply,Small Business,Office Supplies,Letter Opener,14.99,5.0,10,145.4,50.0,95.4,3,Rachel Scott
SO-13393,2022-06-19,2022-06-24,Wholesale,WARE-NBV1002,Northeast,New York,Buffalo,Premier Elite Co,Enterprise,Furniture,TV Stand,249.99,118.0,22,5224.78,2596.0,2628.78,5,Sarah Mitchell
SO-13394,2024-01-23,2024-01-30,Online,WARE-MCD2201,South,Florida,Pensacola,Central Metro LLC,Retail,Clothing,Velvet Blazer,179.99,80.0,1,152.99,80.0,72.99,15,Lisa Chen
SO-13395,2022-11-14,2022-11-20,In-Store,WARE-ATL5509,Southeast,Delaware,Middletown,Apex Swift Corp,Enterprise,Office Supplies,Wireless Keyboard,89.99,38.0,11,910.69,418.0,492.69,8,Michael Brown
SO-13396,2022-12-11,2022-12-17,In-Store,WARE-PJW3508,Southwest,New Mexico,Rio Rancho,Swift Coastal Group,Retail,Furniture,Accent Table,199.99,92.0,4,679.96,368.0,311.96,15,David Park
SO-13397,2022-10-29,2022-11-03,Wholesale,WARE-PJW3508,Southeast,Kentucky,Louisville,Summit Core Supply,Small Business,Electronics,GPU Card,999.99,620.0,17,16999.83,10540.0,6459.83,0,Robert Adams
SO-13398,2022-07-26,2022-07-31,Online,WARE-PJW3508,Southwest,Utah,Salt Lake City,Core Atlantic Distributors,Government,Furniture,Hallway Table,279.99,132.0,2,503.98,264.0,239.98,10,Amanda Torres
SO-13399,2022-03-05,2022-03-11,Online,WARE-UHY1004,Southeast,West Virginia,Charleston,National Advanced Solutions,Government,Electronics,Drone Camera,799.99,400.0,17,13191.83,6800.0,6391.83,3,Kevin Williams
SO-13400,2024-02-11,2024-02-16,Online,WARE-PJW3508,South,South Carolina,Greenville,Horizon Swift Commerce,Retail,Furniture,Ergonomic Chair Pro,449.99,218.0,3,1309.47,654.0,655.47,3,Michael Brown
SO-13401,2022-08-16,2022-08-23,Online,WARE-NBV1002,South,Alabama,Birmingham,Elite Core Solutions,Retail,Clothing,Winter Coat,149.99,65.0,18,2699.82,1170.0,1529.82,0,Kevin Williams
SO-13402,2022-01-01,2022-01-07,Wholesale,WARE-NBV1002,West,New Mexico,Santa Fe,Pioneer Horizon Retail,Small Business,Furniture,Office Chair,299.99,145.0,2,581.98,290.0,291.98,3,David Park
SO-13403,2022-10-03,2022-10-17,Online,WARE-MCD2201,West,Colorado,Colorado Springs,Advanced Pacific Solutions,Small Business,Clothing,Polo Shirt,44.99,18.0,6,242.94,108.0,134.94,10,Robert Adams
SO-13404,2022-03-07,2022-03-12,Distributor,WARE-ATL5509,Southeast,Maryland,Gaithersburg,Advanced National Trading,Enterprise,Clothing,Sun Hat,34.99,13.0,9,314.91,117.0,197.91,0,Sarah Mitchell
SO-13405,2023-01-06,2023-01-11,Wholesale,WARE-NBV1002,West,Idaho,Nampa,Coastal Pacific Co,Corporate,Clothing,Swimwear,49.99,19.0,16,799.84,304.0,495.84,0,Amanda Torres
SO-13406,2022-01-27,2022-01-30,In-Store,WARE-PJW3508,Southwest,Colorado,Denver,Summit Pioneer Trading,Government,Clothing,Winter Coat,149.99,65.0,2,254.98,130.0,124.98,15,David Park
SO-13407,2023-07-25,2023-07-30,In-Store,WARE-UHY1004,South,Arkansas,Jonesboro,Pioneer Advanced Inc,Enterprise,Office Supplies,Ink Tank Printer,399.99,195.0,17,6255.83,3315.0,2940.83,8,Amanda Torres
SO-13408,2023-04-08,2023-04-14,In-Store,WARE-MCD2201,Northeast,New Jersey,Paterson,Summit Swift Retail,Enterprise,Electronics,Smart Watch,399.99,180.0,9,3599.91,1620.0,1979.91,0,David Park
SO-13409,2023-01-21,2023-01-26,Distributor,WARE-PJW3508,Midwest,Michigan,Ann Arbor,Digital Apex Co,Corporate,Office Supplies,Ergonomic Mouse,59.99,24.0,16,959.84,384.0,575.84,0,Emily Johnson
SO-13410,2023-04-05,2023-04-11,Distributor,WARE-UHY1004,Midwest,Nebraska,Kearney,National Coastal Retail,Small Business,Office Supplies,Copier Machine,1299.99,680.0,12,14819.88,8160.0,6659.88,5,James Carter
SO-13411,2022-09-21,2022-09-26,In-Store,WARE-ATL5509,Southeast,Maryland,Gaithersburg,Apex Unity Supply,Corporate,Electronics,VR Headset,599.99,280.0,9,4967.91,2520.0,2447.91,8,Sarah Mitchell
SO-13412,2023-09-14,2023-09-21,Distributor,WARE-UHY1004,Southeast,District of Columbia,Washington,Advanced National Commerce,Government,Clothing,Sun Hat,34.99,13.0,6,209.94,78.0,131.94,0,Amanda Torres
SO-13413,2023-10-30,2023-11-03,Wholesale,WARE-UHY1004,Northeast,Rhode Island,East Providence,Bright Core Supply,Government,Office Supplies,Flip Chart,69.99,29.0,9,629.91,261.0,368.91,0,Lisa Chen
SO-13414,2022-06-09,2022-06-16,Wholesale,WARE-ATL5509,Midwest,Wisconsin,Madison,Swift Global Co,Government,Furniture,Conference Table,999.99,520.0,21,19949.79,10920.0,9029.79,5,David Park
SO-13415,2022-07-24,2022-08-03,Wholesale,WARE-MCD2201,Southwest,New Mexico,Roswell,Horizon Premier Co,Corporate,Clothing,Velvet Blazer,179.99,80.0,10,1799.9,800.0,999.9,0,Sarah Mitchell
SO-13416,2023-05-07,2023-05-10,Online,WARE-MCD2201,Midwest,Iowa,Iowa City,Atlantic Coastal Corp,Small Business,Clothing,Denim Jacket,89.99,38.0,18,1490.22,684.0,806.22,8,David Park
SO-13417,2022-03-06,2022-03-08,Online,WARE-MCD2201,West,Washington,Spokane,Pacific Bright Supply,Retail,Clothing,Denim Jacket,89.99,38.0,10,872.9,380.0,492.9,3,David Park
SO-13418,2024-02-04,2024-02-10,Wholesale,WARE-MCD2201,Southwest,Arizona,Chandler,Unity Bright Retail,Retail,Office Supplies,Heavy Duty Punch,79.99,34.0,13,915.07,442.0,473.07,12,Robert Adams
SO-13419,2022-11-16,2022-11-21,Wholesale,WARE-ATL5509,Southwest,Arizona,Scottsdale,Summit Advanced Enterprises,Retail,Office Supplies,Projector,699.99,340.0,32,22399.68,10880.0,11519.68,0,Amanda Torres
SO-13420,2022-04-05,2022-04-10,In-Store,WARE-PJW3508,Northeast,Maine,Portland,Apex Digital Distributors,Retail,Clothing,Golf Polo,64.99,26.0,9,497.16,234.0,263.16,15,Kevin Williams
SO-13421,2023-09-04,2023-09-07,Online,WARE-UHY1004,Midwest,Michigan,Grand Rapids,Core Elite Co,Retail,Furniture,Glass Desk,799.99,400.0,17,13599.83,6800.0,6799.83,0,Emily Johnson
SO-13422,2023-05-05,2023-05-15,In-Store,WARE-NBV1002,Midwest,Indiana,Evansville,Pioneer Unity Corp,Government,Office Supplies,Heavy Duty Punch,79.99,34.0,4,303.96,136.0,167.96,5,Sarah Mitchell
SO-13423,2024-03-11,2024-03-16,Wholesale,WARE-ATL5509,Southeast,Maryland,Baltimore,Central Digital Enterprises,Small Business,Clothing,Polo Shirt,44.99,18.0,1,44.99,18.0,26.99,0,Sarah Mitchell
SO-13424,2022-09-07,2022-09-11,Distributor,WARE-NBV1002,South,Florida,Pensacola,Sterling Premier Solutions,Small Business,Furniture,Office Chair,299.99,145.0,18,4967.82,2610.0,2357.82,8,Lisa Chen
SO-13425,2022-04-13,2022-04-17,Online,WARE-PJW3508,South,Tennessee,Memphis,Coastal Digital Solutions,Government,Electronics,MacBook Air,1499.99,950.0,6,8549.94,5700.0,2849.94,5,Rachel Scott
SO-13426,2022-02-13,2022-02-16,In-Store,WARE-PJW3508,Southwest,Wyoming,Rock Springs,Global Apex Trading,Government,Clothing,Athleisure Set,119.99,50.0,8,863.92,400.0,463.92,10,Emily Johnson
SO-13427,2022-12-04,2022-12-09,In-Store,WARE-MCD2201,South,Texas,Dallas,Coastal Horizon Distributors,Government,Furniture,Modular Sofa,1499.99,750.0,22,32009.78,16500.0,15509.78,3,David Park
SO-13428,2022-11-13,2022-11-20,Wholesale,WARE-MCD2201,South,Mississippi,Biloxi,Coastal Elite Corp,Small Business,Furniture,Adjustable Monitor Stand,129.99,58.0,35,4549.65,2030.0,2519.65,0,Rachel Scott
SO-13429,2022-05-24,2022-05-27,In-Store,WARE-PJW3508,South,Texas,Lubbock,Summit Pacific LLC,Retail,Electronics,Desktop Computer,1499.99,890.0,10,12749.9,8900.0,3849.9,15,Michael Brown
SO-13430,2023-11-11,2023-11-16,In-Store,WARE-ATL5509,South,Alabama,Birmingham,Metro Bright Distributors,Retail,Clothing,Country Boots,119.99,52.0,33,3959.67,1716.0,2243.67,0,Robert Adams
SO-13431,2023-06-08,2023-06-14,Online,WARE-NBV1002,Northeast,Massachusetts,Worcester,Unity Elite Distributors,Enterprise,Electronics,Tablet Pro,899.99,450.0,6,4589.94,2700.0,1889.94,15,James Carter
SO-13432,2023-05-17,2023-05-20,Online,WARE-UHY1004,Southwest,Wyoming,Rock Springs,Metro Coastal Commerce,Corporate,Furniture,Mesh Chair,319.99,155.0,14,3942.26,2170.0,1772.26,12,Michael Brown
SO-13433,2023-12-15,2023-12-22,In-Store,WARE-NBV1002,Southwest,New Mexico,Albuquerque,Global Pacific Supply,Enterprise,Furniture,Hallway Table,279.99,132.0,20,4927.8,2640.0,2287.8,12,Emily Johnson
SO-13434,2022-09-26,2022-09-30,Distributor,WARE-ATL5509,South,Mississippi,Jackson,Atlantic Apex Co,Government,Furniture,Credenza,649.99,320.0,7,4549.93,2240.0,2309.93,0,Robert Adams
SO-13435,2023-01-24,2023-01-30,Online,WARE-MCD2201,Southeast,North Carolina,Durham,National Coastal Co,Retail,Electronics,USB-C Hub,79.99,32.0,2,159.98,64.0,95.98,0,Lisa Chen
SO-13436,2022-11-06,2022-11-12,Wholesale,WARE-ATL5509,Southwest,Nevada,Las Vegas,Bright Global LLC,Corporate,Furniture,TV Stand,249.99,118.0,16,3999.84,1888.0,2111.84,0,Sarah Mitchell
SO-13437,2023-10-02,2023-10-06,In-Store,WARE-PJW3508,Northeast,Rhode Island,Cranston,Sterling Apex Retail,Government,Clothing,Business Casual Shirt,59.99,22.0,13,662.87,286.0,376.87,15,Amanda Torres
SO-13438,2023-02-28,2023-03-10,Online,WARE-PJW3508,South,Georgia,Atlanta,Elite Pioneer Group,Small Business,Electronics,External SSD,129.99,55.0,2,246.98,110.0,136.98,5,Robert Adams
SO-13439,2023-07-29,2023-08-04,Wholesale,WARE-NBV1002,Midwest,Missouri,St. Louis,Swift Global Co,Enterprise,Furniture,Hallway Table,279.99,132.0,19,4681.41,2508.0,2173.41,12,David Park
SO-13440,2022-04-10,2022-04-15,Distributor,WARE-MCD2201,Midwest,Kansas,Kansas City,Premier Sterling Inc,Enterprise,Furniture,Reception Desk,849.99,430.0,13,10718.37,5590.0,5128.37,3,Sarah Mitchell
SO-13441,2022-04-11,2022-04-15,Wholesale,WARE-MCD2201,Northeast,Pennsylvania,Allentown,Pacific Coastal Trading,Corporate,Office Supplies,Label Maker,59.99,24.0,1,50.99,24.0,26.99,15,Rachel Scott
SO-13442,2022-12-07,2022-12-14,In-Store,WARE-ATL5509,Southwest,Wyoming,Casper,Unity Metro Co,Enterprise,Electronics,Conference Camera,449.99,210.0,35,14489.65,7350.0,7139.65,8,Robert Adams
SO-13443,2024-03-03,2024-03-10,Online,WARE-UHY1004,Southeast,North Carolina,Charlotte,Horizon Unity Group,Retail,Office Supplies,Binding Machine,149.99,68.0,18,2564.82,1224.0,1340.82,5,James Carter
SO-13444,2022-06-07,2022-06-12,Distributor,WARE-ATL5509,South,Arkansas,Springdale,Swift Central Distributors,Enterprise,Office Supplies,Paper Shredder,129.99,62.0,3,343.17,186.0,157.17,12,Emily Johnson
SO-13445,2023-04-15,2023-04-18,Distributor,WARE-NBV1002,Southwest,New Mexico,Santa Fe,Advanced Global Supply,Enterprise,Furniture,Partition Wall,349.99,168.0,18,6110.82,3024.0,3086.82,3,James Carter
SO-13446,2022-04-14,2022-04-20,Online,WARE-NBV1002,Midwest,Illinois,Peoria,Pacific Horizon Inc,Enterprise,Electronics,Wi-Fi Mesh System,399.99,190.0,8,2943.92,1520.0,1423.92,8,Kevin Williams
SO-13447,2022-07-16,2022-07-21,Distributor,WARE-UHY1004,Midwest,Wisconsin,Milwaukee,Global Bright Co,Enterprise,Office Supplies,Ergonomic Mouse,59.99,24.0,10,599.9,240.0,359.9,0,Lisa Chen
SO-13448,2023-01-05,2023-01-08,Wholesale,WARE-NBV1002,South,South Carolina,Spartanburg,Atlantic Summit Retail,Corporate,Office Supplies,Binding Machine,149.99,68.0,14,1994.86,952.0,1042.86,5,James Carter
SO-13449,2022-05-30,2022-06-02,Distributor,WARE-ATL5509,Southeast,Virginia,Norfolk,Atlantic Atlantic LLC,Small Business,Electronics,VR Headset,599.99,280.0,9,4967.91,2520.0,2447.91,8,Robert Adams
SO-13450,2022-12-18,2022-12-28,Wholesale,WARE-MCD2201,Midwest,Illinois,Naperville,Pacific Summit LLC,Government,Clothing,Suit Set,299.99,135.0,11,3035.89,1485.0,1550.89,8,Michael Brown
SO-13451,2022-03-07,2022-03-13,Wholesale,WARE-ATL5509,Southeast,North Carolina,Charlotte,Global Atlantic Trading,Retail,Electronics,Surface Laptop,1399.99,870.0,6,8147.94,5220.0,2927.94,3,Lisa Chen
SO-13452,2022-08-15,2022-08-21,Online,WARE-PJW3508,Midwest,Missouri,Columbia,Coastal Unity Co,Small Business,Office Supplies,Projector,699.99,340.0,19,12900.81,6460.0,6440.81,3,Michael Brown
SO-13453,2022-01-24,2022-01-28,Online,WARE-PJW3508,Midwest,Missouri,St. Louis,Metro Pioneer Group,Government,Office Supplies,Card Reader,39.99,15.0,16,543.84,240.0,303.84,15,Lisa Chen
SO-13454,2023-07-11,2023-07-16,Online,WARE-NBV1002,Northeast,New Jersey,Jersey City,Digital Horizon Corp,Government,Electronics,Smart Home Hub,299.99,140.0,9,2564.91,1260.0,1304.91,5,Amanda Torres
SO-13455,2023-01-17,2023-01-27,Online,WARE-PJW3508,South,Arkansas,Fayetteville,Digital Bright Commerce,Enterprise,Electronics,MacBook Pro 16,2499.99,1650.0,3,7124.97,4950.0,2174.97,5,Lisa Chen
SO-13456,2024-03-20,2024-03-24,Distributor,WARE-UHY1004,Northeast,New Hampshire,Concord,Advanced National Retail,Small Business,Furniture,Floor Lamp,159.99,72.0,12,1766.28,864.0,902.28,8,Sarah Mitchell
SO-13457,2022-09-28,2022-10-03,In-Store,WARE-NBV1002,West,Colorado,Colorado Springs,Bright Swift Inc,Small Business,Furniture,Glass Desk,799.99,400.0,17,13599.83,6800.0,6799.83,0,Rachel Scott
SO-13458,2024-03-04,2024-03-10,Distributor,WARE-PJW3508,Northeast,Maine,Lewiston,Advanced Summit Inc,Retail,Clothing,Fleece Hoodie,74.99,30.0,4,290.96,120.0,170.96,3,Kevin Williams
SO-13459,2024-02-20,2024-02-23,Online,WARE-UHY1004,Northeast,Pennsylvania,Philadelphia,National Metro Group,Enterprise,Furniture,Reception Desk,849.99,430.0,13,10497.37,5590.0,4907.37,5,Sarah Mitchell
SO-13460,2022-08-04,2022-08-08,Distributor,WARE-UHY1004,South,Texas,Houston,Sterling Premier LLC,Retail,Electronics,iPhone 15,999.99,620.0,4,3799.96,2480.0,1319.96,5,Amanda Torres
SO-13461,2023-11-11,2023-11-17,In-Store,WARE-MCD2201,Southeast,District of Columbia,Washington,Horizon Global Retail,Corporate,Furniture,Office Chair,299.99,145.0,11,2969.89,1595.0,1374.89,10,Michael Brown
SO-13462,2023-08-21,2023-08-31,Wholesale,WARE-PJW3508,Southeast,West Virginia,Parkersburg,Apex Coastal Retail,Corporate,Clothing,Country Boots,119.99,52.0,18,2159.82,936.0,1223.82,0,Sarah Mitchell
SO-13463,2023-03-21,2023-03-27,Wholesale,WARE-MCD2201,South,Alabama,Birmingham,Digital Premier Supply,Small Business,Clothing,Sun Hat,34.99,13.0,10,321.9,130.0,191.9,8,Emily Johnson
SO-13464,2023-03-30,2023-04-09,Online,WARE-PJW3508,Southeast,West Virginia,Wheeling,Sterling Horizon Solutions,Small Business,Electronics,MacBook Air,1499.99,950.0,4,5099.96,3800.0,1299.96,15,Robert Adams
SO-13465,2022-01-09,2022-01-12,In-Store,WARE-UHY1004,Northeast,Massachusetts,Boston,Bright National Group,Government,Office Supplies,Desk Organizer,29.99,11.0,10,284.9,110.0,174.9,5,Sarah Mitchell
SO-13466,2022-03-18,2022-04-01,Distributor,WARE-MCD2201,Midwest,Minnesota,Saint Paul,Horizon Sterling Retail,Government,Electronics,Smart Display,349.99,165.0,14,4164.86,2310.0,1854.86,15,Amanda Torres
SO-13467,2023-06-24,2023-06-28,Wholesale,WARE-ATL5509,Northeast,Maine,Portland,Atlantic Atlantic Solutions,Retail,Electronics,USB-C Hub,79.99,32.0,20,1599.8,640.0,959.8,0,Robert Adams
SO-13468,2022-05-01,2022-05-07,Wholesale,WARE-PJW3508,South,South Carolina,Columbia,Coastal Global Corp,Small Business,Office Supplies,Desk Organizer,29.99,11.0,11,290.29,121.0,169.29,12,Emily Johnson
SO-13469,2023-07-05,2023-07-11,Distributor,WARE-MCD2201,West,Oregon,Eugene,Elite Digital LLC,Government,Furniture,Partition Wall,349.99,168.0,11,3272.39,1848.0,1424.39,15,Amanda Torres
SO-13470,2023-10-24,2023-10-30,Distributor,WARE-PJW3508,Midwest,Illinois,Naperville,Horizon Unity Co,Corporate,Electronics,Drone Camera,799.99,400.0,15,11999.85,6000.0,5999.85,0,James Carter
SO-13471,2022-10-10,2022-10-20,Wholesale,WARE-MCD2201,South,Arkansas,Fayetteville,Core Elite Trading,Corporate,Furniture,Work Bench,549.99,270.0,10,4949.9,2700.0,2249.9,10,Michael Brown
SO-13472,2022-05-03,2022-05-08,Wholesale,WARE-MCD2201,Midwest,Kansas,Olathe,Pacific Unity Corp,Small Business,Clothing,Summer Dress,79.99,30.0,18,1324.62,540.0,784.62,8,Michael Brown
SO-13473,2023-06-15,2023-06-20,In-Store,WARE-NBV1002,West,New Mexico,Rio Rancho,Digital National Supply,Government,Clothing,Golf Polo,64.99,26.0,11,714.89,286.0,428.89,0,Kevin Williams
SO-13474,2022-10-19,2022-10-26,Wholesale,WARE-ATL5509,Northeast,Rhode Island,Pawtucket,Advanced Apex Solutions,Retail,Clothing,Fleece Hoodie,74.99,30.0,4,284.96,120.0,164.96,5,James Carter
SO-13475,2023-03-29,2023-04-05,Online,WARE-NBV1002,Southwest,Hawaii,Kaneohe,Pioneer Elite Inc,Retail,Electronics,Video Doorbell,179.99,80.0,2,341.98,160.0,181.98,5,Emily Johnson
SO-13476,2022-06-26,2022-07-01,Distributor,WARE-MCD2201,Northeast,New Jersey,Newark,Premier Bright Retail,Retail,Office Supplies,Desk Organizer,29.99,11.0,13,389.87,143.0,246.87,0,Robert Adams
SO-13477,2024-03-18,2024-03-22,Distributor,WARE-MCD2201,Midwest,Illinois,Rockford,Horizon Horizon Co,Enterprise,Furniture,Office Chair,299.99,145.0,6,1799.94,870.0,929.94,0,Robert Adams
SO-13478,2022-10-04,2022-10-09,Online,WARE-UHY1004,Southwest,Alaska,Juneau,Unity Summit Corp,Small Business,Office Supplies,Letter Opener,14.99,5.0,7,104.93,35.0,69.93,0,James Carter
SO-13479,2023-08-08,2023-08-10,Online,WARE-NBV1002,Midwest,Ohio,Columbus,Coastal Pioneer Corp,Enterprise,Clothing,Winter Coat,149.99,65.0,14,2099.86,910.0,1189.86,0,Kevin Williams
SO-13480,2022-08-26,2022-08-30,In-Store,WARE-NBV1002,West,Utah,Salt Lake City,Metro Bright Group,Government,Clothing,Golf Polo,64.99,26.0,16,1039.84,416.0,623.84,0,Lisa Chen
SO-13481,2023-01-19,2023-01-24,Wholesale,WARE-NBV1002,West,Montana,Missoula,Metro Coastal Distributors,Enterprise,Office Supplies,Printer Cartridges,89.99,32.0,1,85.49,32.0,53.49,5,Kevin Williams
SO-13482,2022-08-11,2022-08-15,Online,WARE-NBV1002,Southeast,Maryland,Rockville,Pacific Atlantic Supply,Small Business,Furniture,Glass Desk,799.99,400.0,14,10639.86,5600.0,5039.86,5,James Carter
SO-13483,2024-02-04,2024-02-08,Online,WARE-PJW3508,Southeast,Delaware,Middletown,Summit National Corp,Corporate,Clothing,Velvet Blazer,179.99,80.0,2,331.18,160.0,171.18,8,Amanda Torres
SO-13484,2023-08-28,2023-09-04,Wholesale,WARE-PJW3508,Midwest,Ohio,Akron,Global Pioneer Commerce,Small Business,Clothing,Athleisure Set,119.99,50.0,7,772.73,350.0,422.73,8,Sarah Mitchell
SO-13485,2022-02-03,2022-02-10,Online,WARE-MCD2201,Midwest,Minnesota,Rochester,Elite Pacific Retail,Retail,Office Supplies,Projector,699.99,340.0,16,10639.84,5440.0,5199.84,5,Robert Adams
SO-13486,2023-09-25,2023-10-05,Distributor,WARE-UHY1004,South,Georgia,Macon,Elite Coastal Enterprises,Government,Clothing,Rain Jacket,99.99,42.0,11,934.89,462.0,472.89,15,David Park
SO-13487,2023-10-19,2023-10-25,Online,WARE-NBV1002,Northeast,Massachusetts,Cambridge,Digital Elite Commerce,Corporate,Clothing,Sun Hat,34.99,13.0,16,492.64,208.0,284.64,12,Sarah Mitchell
SO-13488,2023-08-18,2023-08-28,In-Store,WARE-UHY1004,South,Texas,El Paso,National Apex Corp,Retail,Office Supplies,Ergonomic Mouse,59.99,24.0,6,316.74,144.0,172.74,12,Amanda Torres
SO-13489,2022-01-31,2022-02-06,Wholesale,WARE-ATL5509,Midwest,Illinois,Rockford,Advanced Advanced Commerce,Enterprise,Furniture,Partition Wall,349.99,168.0,13,4549.87,2184.0,2365.87,0,David Park
SO-13490,2022-04-18,2022-04-24,Wholesale,WARE-ATL5509,Northeast,New Jersey,Newark,Pioneer Sterling Corp,Small Business,Office Supplies,Stapler Heavy Duty,29.99,11.0,13,370.37,143.0,227.37,5,Emily Johnson
SO-13491,2022-11-01,2022-11-04,Wholesale,WARE-MCD2201,Southwest,Hawaii,Honolulu,Core Metro Co,Corporate,Office Supplies,Label Printer,179.99,82.0,27,4470.93,2214.0,2256.93,8,James Carter
SO-13492,2022-10-28,2022-11-02,Wholesale,WARE-NBV1002,South,South Carolina,Spartanburg,Advanced Elite Enterprises,Small Business,Furniture,Ergonomic Chair Pro,449.99,218.0,3,1349.97,654.0,695.97,0,Rachel Scott
SO-13493,2022-01-11,2022-01-15,Distributor,WARE-MCD2201,Southwest,Alaska,Sitka,National Digital Corp,Enterprise,Electronics,VR Headset,599.99,280.0,7,4199.93,1960.0,2239.93,0,Lisa Chen
SO-13494,2022-03-29,2022-04-08,In-Store,WARE-MCD2201,West,California,Oakland,Coastal National Corp,Retail,Furniture,Executive Desk,1199.99,620.0,2,2279.98,1240.0,1039.98,5,Rachel Scott
SO-13495,2022-12-11,2022-12-15,Online,WARE-MCD2201,Northeast,Massachusetts,Boston,Premier Digital Corp,Government,Clothing,Linen Shirt,54.99,21.0,10,467.4,210.0,257.4,15,Michael Brown
SO-13496,2022-09-10,2022-09-14,Wholesale,WARE-NBV1002,South,Georgia,Savannah,Digital Pioneer Enterprises,Retail,Office Supplies,Laminator,89.99,40.0,18,1425.42,720.0,705.42,12,David Park
SO-13497,2022-09-22,2022-09-29,Online,WARE-MCD2201,Midwest,Iowa,Cedar Rapids,National Central Trading,Government,Office Supplies,Ergonomic Mouse,59.99,24.0,12,633.48,288.0,345.48,12,Kevin Williams
SO-13498,2022-07-25,2022-07-30,In-Store,WARE-MCD2201,South,Tennessee,Knoxville,Coastal Atlantic Solutions,Retail,Electronics,Conference Camera,449.99,210.0,8,3491.92,1680.0,1811.92,3,Kevin Williams
SO-13499,2022-01-23,2022-01-28,Online,WARE-NBV1002,West,Utah,Orem,Pioneer National Inc,Small Business,Electronics,Wireless Router,199.99,85.0,16,2943.84,1360.0,1583.84,8,Robert Adams
SO-13500,2023-02-23,2023-02-27,Online,WARE-UHY1004,West,Nevada,Las Vegas,Core Summit Commerce,Small Business,Office Supplies,Wireless Keyboard,89.99,38.0,1,89.99,38.0,51.99,0,Amanda Torres
SO-13501,2023-04-29,2023-05-04,In-Store,WARE-UHY1004,Northeast,New Jersey,Jersey City,Horizon Bright Group,Retail,Electronics,Tablet Pro,899.99,450.0,10,8999.9,4500.0,4499.9,0,Kevin Williams
SO-13502,2022-06-11,2022-06-18,In-Store,WARE-MCD2201,Southeast,Maryland,Bowie,Core National Supply,Government,Furniture,Ergonomic Chair Pro,449.99,218.0,17,7649.83,3706.0,3943.83,0,Kevin Williams
SO-13503,2023-04-28,2023-05-04,Online,WARE-MCD2201,South,Georgia,Augusta,Pacific Core Solutions,Corporate,Electronics,Laptop Cooling Pad,49.99,19.0,6,263.94,114.0,149.94,12,Kevin Williams
SO-13504,2022-01-20,2022-01-24,Distributor,WARE-PJW3508,Northeast,New Hampshire,Manchester,Digital Summit Co,Small Business,Electronics,GPU Card,999.99,620.0,7,6999.93,4340.0,2659.93,0,Robert Adams
SO-13505,2023-02-04,2023-02-08,In-Store,WARE-NBV1002,West,Nevada,Sparks,Horizon Premier Corp,Enterprise,Furniture,Glass Desk,799.99,400.0,16,12799.84,6400.0,6399.84,0,Lisa Chen
SO-13506,2023-02-06,2023-02-12,Distributor,WARE-NBV1002,South,Georgia,Augusta,Bright Digital Co,Corporate,Electronics,iPhone 15 Pro,1199.99,780.0,7,8399.93,5460.0,2939.93,0,David Park
SO-13507,2023-02-13,2023-02-19,In-Store,WARE-UHY1004,Midwest,Ohio,Toledo,Bright Pioneer LLC,Government,Electronics,Wireless Router,199.99,85.0,6,1139.94,510.0,629.94,5,David Park
SO-13508,2022-06-02,2022-06-07,Online,WARE-ATL5509,West,California,Fresno,Sterling Horizon LLC,Corporate,Clothing,Fleece Hoodie,74.99,30.0,22,1517.78,660.0,857.78,8,Emily Johnson
SO-13509,2024-01-25,2024-01-30,Distributor,WARE-PJW3508,South,Texas,Corpus Christi,Swift Advanced Trading,Corporate,Office Supplies,Filing Cabinet,199.99,95.0,4,799.96,380.0,419.96,0,David Park
SO-13510,2023-01-23,2023-01-30,Online,WARE-ATL5509,South,Mississippi,Meridian,Apex Apex Distributors,Retail,Furniture,Executive Desk,1199.99,620.0,15,16559.85,9300.0,7259.85,8,David Park
SO-13511,2022-07-08,2022-07-12,Distributor,WARE-NBV1002,Southeast,West Virginia,Parkersburg,Sterling Bright Supply,Enterprise,Electronics,Webcam HD,99.99,42.0,6,569.94,252.0,317.94,5,Emily Johnson
SO-13512,2022-09-15,2022-09-19,In-Store,WARE-NBV1002,West,California,Oakland,Central Summit Trading,Retail,Office Supplies,Ergonomic Mouse,59.99,24.0,5,299.95,120.0,179.95,0,Amanda Torres
SO-13513,2022-05-29,2022-06-05,Wholesale,WARE-UHY1004,West,Arizona,Mesa,Summit Atlantic Supply,Government,Office Supplies,Projector,699.99,340.0,4,2659.96,1360.0,1299.96,5,Sarah Mitchell
SO-13514,2022-07-28,2022-08-02,Distributor,WARE-ATL5509,Southwest,New Mexico,Las Cruces,Metro Premier Distributors,Small Business,Furniture,Lateral File Cabinet,399.99,192.0,5,1999.95,960.0,1039.95,0,Kevin Williams
SO-13515,2022-06-22,2022-06-25,Distributor,WARE-NBV1002,Midwest,Illinois,Naperville,Pioneer Elite Supply,Small Business,Office Supplies,Whiteboard,159.99,72.0,17,2583.83,1224.0,1359.83,5,Lisa Chen
SO-13516,2022-03-09,2022-03-19,In-Store,WARE-PJW3508,Southwest,Alaska,Fairbanks,Pacific Coastal Group,Enterprise,Furniture,Lounge Chair,399.99,195.0,15,5099.85,2925.0,2174.85,15,Amanda Torres
SO-13517,2022-09-06,2022-09-16,Wholesale,WARE-MCD2201,Southwest,Arizona,Mesa,Pioneer Sterling LLC,Government,Furniture,Modular Sofa,1499.99,750.0,17,25499.83,12750.0,12749.83,0,Rachel Scott
SO-13518,2022-05-17,2022-05-21,Distributor,WARE-PJW3508,South,Georgia,Atlanta,Metro Premier Commerce,Retail,Clothing,Linen Pants,64.99,26.0,9,514.71,234.0,280.71,12,Sarah Mitchell
SO-13519,2023-11-11,2023-11-25,In-Store,WARE-NBV1002,Southwest,Alaska,Ketchikan,Premier Apex Co,Enterprise,Electronics,NAS Storage,899.99,450.0,35,28979.65,15750.0,13229.65,8,Lisa Chen
SO-13520,2022-08-11,2022-08-21,Distributor,WARE-MCD2201,South,Mississippi,Biloxi,National Central Enterprises,Corporate,Electronics,Smart Watch,399.99,180.0,18,7199.82,3240.0,3959.82,0,David Park
SO-13521,2022-09-04,2022-09-09,Wholesale,WARE-NBV1002,Northeast,Vermont,Burlington,Horizon National Trading,Small Business,Furniture,Ergonomic Chair Pro,449.99,218.0,8,3599.92,1744.0,1855.92,0,Amanda Torres
SO-13522,2023-09-13,2023-09-23,Distributor,WARE-NBV1002,Southwest,Colorado,Fort Collins,Premier Atlantic Enterprises,Retail,Electronics,Smart Display,349.99,165.0,12,4199.88,1980.0,2219.88,0,Rachel Scott
SO-13523,2022-05-25,2022-05-29,In-Store,WARE-NBV1002,West,Oregon,Hillsboro,Central Premier Distributors,Government,Clothing,Golf Polo,64.99,26.0,2,114.38,52.0,62.38,12,Sarah Mitchell
SO-13524,2024-02-01,2024-02-06,Online,WARE-ATL5509,Southwest,Alaska,Sitka,Horizon Advanced Inc,Small Business,Clothing,Fleece Hoodie,74.99,30.0,18,1282.32,540.0,742.32,5,Lisa Chen
SO-13525,2022-12-01,2022-12-05,In-Store,WARE-ATL5509,Midwest,Minnesota,Minneapolis,Central Atlantic Co,Enterprise,Clothing,Fleece Hoodie,74.99,30.0,3,224.97,90.0,134.97,0,James Carter
SO-13526,2023-05-04,2023-05-08,Online,WARE-ATL5509,South,South Carolina,Spartanburg,Central Bright Retail,Enterprise,Office Supplies,Electric Stapler,49.99,19.0,11,494.89,209.0,285.89,10,Sarah Mitchell
SO-13527,2022-12-28,2023-01-01,Distributor,WARE-UHY1004,Midwest,Michigan,Warren,Elite Unity Solutions,Government,Electronics,Portable Charger,79.99,34.0,28,2239.72,952.0,1287.72,0,Kevin Williams
SO-13528,2023-09-25,2023-09-30,Distributor,WARE-ATL5509,South,Tennessee,Nashville,Sterling Elite Solutions,Government,Office Supplies,Document Scanner,299.99,145.0,14,4073.86,2030.0,2043.86,3,Sarah Mitchell
SO-13529,2023-06-09,2023-06-14,Distributor,WARE-PJW3508,Southeast,West Virginia,Parkersburg,Bright Summit Corp,Small Business,Clothing,Sports Jacket,109.99,46.0,13,1315.47,598.0,717.47,8,Amanda Torres
SO-13530,2022-06-30,2022-07-05,Distributor,WARE-UHY1004,Southwest,Alaska,Fairbanks,Digital Atlantic Trading,Enterprise,Clothing,Velvet Blazer,179.99,80.0,18,3239.82,1440.0,1799.82,0,Rachel Scott
SO-13531,2022-02-18,2022-02-24,In-Store,WARE-ATL5509,Midwest,Indiana,Fort Wayne,Core Pioneer Commerce,Enterprise,Furniture,Reception Desk,849.99,430.0,14,10471.86,6020.0,4451.86,12,Kevin Williams
SO-13532,2022-06-04,2022-06-08,In-Store,WARE-ATL5509,West,Colorado,Denver,Atlantic Digital Distributors,Enterprise,Clothing,Sun Hat,34.99,13.0,18,598.32,234.0,364.32,5,Emily Johnson
SO-13533,2022-06-12,2022-06-17,Wholesale,WARE-MCD2201,Northeast,New Jersey,Edison,Metro Bright Trading,Small Business,Electronics,GPU Card,999.99,620.0,4,3799.96,2480.0,1319.96,5,Michael Brown
SO-13534,2022-02-03,2022-02-05,Wholesale,WARE-NBV1002,South,Oklahoma,Norman,Premier Horizon Retail,Small Business,Clothing,Rain Jacket,99.99,42.0,10,949.9,420.0,529.9,5,Lisa Chen
SO-13535,2022-02-21,2022-02-27,Distributor,WARE-NBV1002,Midwest,Iowa,Sioux City,Bright Core Enterprises,Corporate,Clothing,Sports Jacket,109.99,46.0,15,1484.85,690.0,794.85,10,Rachel Scott
SO-13536,2022-10-17,2022-10-22,Distributor,WARE-NBV1002,Northeast,Vermont,Rutland,Advanced Central LLC,Enterprise,Electronics,Portable Charger,79.99,34.0,1,77.59,34.0,43.59,3,Sarah Mitchell
SO-13537,2022-06-06,2022-06-10,Online,WARE-UHY1004,Southwest,Arizona,Chandler,Bright Summit Solutions,Government,Electronics,Conference Camera,449.99,210.0,20,8999.8,4200.0,4799.8,0,James Carter
SO-13538,2022-03-07,2022-03-11,Online,WARE-PJW3508,Northeast,Connecticut,Waterbury,Digital Premier Distributors,Enterprise,Furniture,Conference Table,999.99,520.0,3,2849.97,1560.0,1289.97,5,Lisa Chen
SO-13539,2023-09-25,2023-09-29,Distributor,WARE-PJW3508,South,Tennessee,Chattanooga,Apex Horizon Supply,Retail,Office Supplies,Wireless Keyboard,89.99,38.0,1,80.99,38.0,42.99,10,Kevin Williams
SO-13540,2022-07-20,2022-07-27,Wholesale,WARE-PJW3508,Midwest,Wisconsin,Madison,Swift Swift Co,Corporate,Clothing,Sports Jacket,109.99,46.0,8,853.52,368.0,485.52,3,Rachel Scott
SO-13541,2023-07-27,2023-07-31,Online,WARE-MCD2201,Northeast,Pennsylvania,Allentown,Metro Atlantic Trading,Enterprise,Office Supplies,Printer Cartridges,89.99,32.0,6,523.74,192.0,331.74,3,Michael Brown
SO-13542,2024-02-02,2024-02-09,Wholesale,WARE-UHY1004,Southeast,North Carolina,Raleigh,Atlantic Horizon Retail,Small Business,Furniture,Accent Table,199.99,92.0,8,1519.92,736.0,783.92,5,Michael Brown
SO-13543,2023-07-15,2023-07-22,Wholesale,WARE-NBV1002,Southwest,Utah,Salt Lake City,Swift Premier LLC,Retail,Clothing,Summer Dress,79.99,30.0,6,479.94,180.0,299.94,0,Emily Johnson
SO-13544,2023-01-21,2023-02-04,Online,WARE-ATL5509,Southeast,Virginia,Norfolk,Atlantic Pacific Retail,Corporate,Electronics,USB Microphone,179.99,78.0,15,2375.85,1170.0,1205.85,12,Robert Adams
SO-13545,2023-08-15,2023-08-25,Distributor,WARE-UHY1004,South,Oklahoma,Lawton,Apex Digital Distributors,Enterprise,Office Supplies,Electric Stapler,49.99,19.0,17,849.83,323.0,526.83,0,David Park
SO-13546,2023-11-03,2023-11-07,In-Store,WARE-ATL5509,Midwest,Wisconsin,Milwaukee,Premier Unity Trading,Government,Electronics,USB-C Hub,79.99,32.0,15,1079.85,480.0,599.85,10,David Park
SO-13547,2023-05-30,2023-06-09,Wholesale,WARE-PJW3508,South,Louisiana,New Orleans,Metro National LLC,Government,Office Supplies,Whiteboard,159.99,72.0,9,1439.91,648.0,791.91,0,Sarah Mitchell
SO-13548,2023-10-21,2023-10-27,Wholesale,WARE-ATL5509,Midwest,Indiana,Indianapolis,Apex Horizon Corp,Small Business,Electronics,USB-C Hub,79.99,32.0,1,67.99,32.0,35.99,15,Rachel Scott
SO-13549,2023-01-28,2023-02-01,Wholesale,WARE-PJW3508,Midwest,Minnesota,Bloomington,Unity Premier Enterprises,Small Business,Electronics,Laptop Pro 13,1099.99,650.0,16,17071.84,10400.0,6671.84,3,Michael Brown
SO-13550,2022-11-04,2022-11-09,Distributor,WARE-ATL5509,Southeast,District of Columbia,Washington,Bright Premier Group,Enterprise,Office Supplies,Wireless Keyboard,89.99,38.0,27,2065.23,1026.0,1039.23,15,Lisa Chen
SO-13551,2023-11-28,2023-12-12,Distributor,WARE-MCD2201,Southwest,Nevada,Las Vegas,Sterling Sterling Co,Government,Electronics,Laptop Pro 15,1299.99,780.0,10,12349.9,7800.0,4549.9,5,Robert Adams
SO-13552,2022-04-18,2022-04-25,In-Store,WARE-UHY1004,Northeast,Maine,Bangor,Global Elite Retail,Corporate,Electronics,4K Camera,1199.99,600.0,18,19439.82,10800.0,8639.82,10,Amanda Torres
SO-13553,2022-12-19,2022-12-25,Online,WARE-NBV1002,West,Nevada,Sparks,Unity National Distributors,Small Business,Electronics,Smart Monitor 27,599.99,290.0,19,9689.81,5510.0,4179.81,15,Robert Adams
SO-13554,2023-10-18,2023-10-21,Wholesale,WARE-UHY1004,Northeast,New Jersey,Newark,Metro Summit Distributors,Government,Electronics,Gaming Console,499.99,250.0,16,7999.84,4000.0,3999.84,0,Lisa Chen
SO-13555,2023-03-18,2023-03-23,In-Store,WARE-UHY1004,West,Nevada,Reno,Horizon Core Trading,Corporate,Electronics,Wireless Headphones,249.99,99.0,7,1749.93,693.0,1056.93,0,Robert Adams
SO-13556,2023-03-16,2023-03-23,In-Store,WARE-MCD2201,South,Alabama,Birmingham,Core Premier LLC,Enterprise,Clothing,Velvet Blazer,179.99,80.0,14,2141.86,1120.0,1021.86,15,David Park
SO-13557,2023-01-09,2023-01-14,Wholesale,WARE-UHY1004,South,Florida,Jacksonville,Apex Coastal Solutions,Corporate,Office Supplies,Heavy Duty Punch,79.99,34.0,12,815.88,408.0,407.88,15,Rachel Scott
SO-13558,2024-01-22,2024-01-29,In-Store,WARE-MCD2201,South,South Carolina,Greenville,Sterling Horizon Solutions,Retail,Electronics,External SSD,129.99,55.0,10,1299.9,550.0,749.9,0,Emily Johnson
SO-13559,2022-10-27,2022-11-01,Wholesale,WARE-ATL5509,West,Idaho,Nampa,Sterling Horizon Trading,Enterprise,Furniture,Storage Cabinet,449.99,215.0,17,7037.83,3655.0,3382.83,8,Lisa Chen
SO-13560,2022-05-01,2022-05-06,Wholesale,WARE-PJW3508,Southwest,Hawaii,Kapolei,Metro Coastal Enterprises,Enterprise,Electronics,Home Theater System,1499.99,820.0,18,25649.82,14760.0,10889.82,5,Sarah Mitchell
SO-13561,2023-09-24,2023-10-01,Online,WARE-PJW3508,Northeast,Rhode Island,East Providence,Central Unity Enterprises,Small Business,Electronics,Home Theater System,1499.99,820.0,5,7124.95,4100.0,3024.95,5,David Park
SO-13562,2023-01-01,2023-01-08,Wholesale,WARE-MCD2201,Midwest,Missouri,Independence,Metro Sterling Supply,Corporate,Clothing,Country Boots,119.99,52.0,2,211.18,104.0,107.18,12,David Park
SO-13563,2024-01-04,2024-01-07,In-Store,WARE-NBV1002,South,Oklahoma,Tulsa,Digital Pioneer Inc,Government,Furniture,Conference Table,999.99,520.0,10,9999.9,5200.0,4799.9,0,Robert Adams
SO-13564,2024-02-24,2024-02-29,Wholesale,WARE-UHY1004,South,Alabama,Huntsville,Bright Sterling Co,Retail,Electronics,Bluetooth Speaker,149.99,58.0,8,1199.92,464.0,735.92,0,David Park
SO-13565,2023-04-21,2023-04-26,Online,WARE-UHY1004,South,Alabama,Birmingham,Pacific Pioneer Retail,Government,Furniture,Partition Wall,349.99,168.0,9,2834.91,1512.0,1322.91,10,Lisa Chen
SO-13566,2023-07-14,2023-07-18,Distributor,WARE-ATL5509,Midwest,Indiana,Carmel,Pioneer Unity Retail,Government,Office Supplies,Letter Opener,14.99,5.0,12,174.48,60.0,114.48,3,Rachel Scott
SO-13567,2022-12-23,2022-12-26,In-Store,WARE-NBV1002,Southwest,Arizona,Chandler,Horizon Pioneer LLC,Government,Furniture,Lounge Chair,399.99,195.0,24,8447.76,4680.0,3767.76,12,James Carter
SO-13568,2022-11-06,2022-11-10,Wholesale,WARE-UHY1004,Northeast,New Hampshire,Manchester,Atlantic Pacific Co,Small Business,Clothing,Swimwear,49.99,19.0,32,1599.68,608.0,991.68,0,David Park
SO-13569,2022-11-19,2022-11-23,Online,WARE-ATL5509,Northeast,New Hampshire,Dover,Core Coastal Retail,Retail,Electronics,MacBook Pro 16,2499.99,1650.0,3,7124.97,4950.0,2174.97,5,Michael Brown
SO-13570,2024-03-06,2024-03-10,Distributor,WARE-UHY1004,Northeast,New York,Albany,Apex Core Supply,Corporate,Clothing,Turtleneck,59.99,24.0,17,968.83,408.0,560.83,5,James Carter
SO-13571,2023-06-06,2023-06-13,Wholesale,WARE-PJW3508,Southwest,Colorado,Colorado Springs,Premier Swift Retail,Enterprise,Electronics,Laptop Cooling Pad,49.99,19.0,11,483.89,209.0,274.89,12,Rachel Scott
SO-13572,2022-11-29,2022-12-01,Online,WARE-ATL5509,Northeast,Maine,Auburn,Sterling Atlantic Solutions,Corporate,Clothing,Chinos,74.99,30.0,24,1709.76,720.0,989.76,5,Rachel Scott
SO-13573,2022-01-03,2022-01-10,Wholesale,WARE-NBV1002,South,Arkansas,Fayetteville,Coastal Global Retail,Retail,Clothing,Golf Polo,64.99,26.0,15,828.6,390.0,438.6,15,Rachel Scott
SO-13574,2022-06-25,2022-06-29,Distributor,WARE-PJW3508,Midwest,Ohio,Cleveland,Elite Coastal Distributors,Government,Furniture,Corner Desk,699.99,345.0,19,11703.81,6555.0,5148.81,12,Lisa Chen
SO-13575,2022-03-05,2022-03-10,Online,WARE-PJW3508,Southeast,Virginia,Richmond,Summit Central Distributors,Retail,Clothing,Suit Set,299.99,135.0,14,4199.86,1890.0,2309.86,0,Rachel Scott
SO-13576,2022-01-22,2022-01-28,Online,WARE-UHY1004,Southwest,Colorado,Lakewood,Central Atlantic Inc,Small Business,Electronics,Smart Home Hub,299.99,140.0,17,4589.83,2380.0,2209.83,10,Lisa Chen
SO-13577,2023-08-24,2023-08-29,Distributor,WARE-ATL5509,Northeast,Connecticut,Hartford,Horizon Elite Supply,Enterprise,Furniture,Reception Desk,849.99,430.0,14,11304.86,6020.0,5284.86,5,Emily Johnson
SO-13578,2023-05-04,2023-05-09,Online,WARE-UHY1004,Southeast,Maryland,Gaithersburg,Advanced Bright Supply,Government,Office Supplies,Filing Cabinet,199.99,95.0,12,2111.88,1140.0,971.88,12,Amanda Torres
SO-13579,2023-06-13,2023-06-19,Wholesale,WARE-ATL5509,Southwest,Hawaii,Honolulu,Atlantic National Group,Enterprise,Electronics,Wi-Fi Mesh System,399.99,190.0,4,1599.96,760.0,839.96,0,Robert Adams
SO-13580,2022-06-20,2022-06-23,In-Store,WARE-MCD2201,South,Tennessee,Nashville,Global Digital LLC,Government,Furniture,Lounge Chair,399.99,195.0,10,3599.9,1950.0,1649.9,10,Amanda Torres
SO-13581,2023-06-07,2023-06-13,Online,WARE-UHY1004,Southeast,West Virginia,Huntington,Metro Unity Supply,Small Business,Office Supplies,Letter Opener,14.99,5.0,17,216.58,85.0,131.58,15,Robert Adams
SO-13582,2022-02-25,2022-03-01,Wholesale,WARE-ATL5509,Southwest,New Mexico,Roswell,National Pioneer LLC,Government,Office Supplies,Projector,699.99,340.0,10,6649.9,3400.0,3249.9,5,Sarah Mitchell
SO-13583,2022-04-25,2022-05-02,Online,WARE-NBV1002,West,Arizona,Scottsdale,Pioneer Core Distributors,Small Business,Furniture,Credenza,649.99,320.0,2,1299.98,640.0,659.98,0,Kevin Williams
SO-13584,2023-05-26,2023-06-01,Wholesale,WARE-MCD2201,Midwest,Michigan,Grand Rapids,National Atlantic Group,Enterprise,Furniture,Corner Desk,699.99,345.0,2,1231.98,690.0,541.98,12,Emily Johnson
SO-13585,2024-01-27,2024-02-01,In-Store,WARE-UHY1004,Midwest,Illinois,Springfield,Pacific Horizon Group,Enterprise,Electronics,VR Headset,599.99,280.0,16,9119.84,4480.0,4639.84,5,Kevin Williams
SO-13586,2022-02-18,2022-02-24,Wholesale,WARE-ATL5509,Northeast,Pennsylvania,Erie,Summit Core Supply,Retail,Office Supplies,Projector,699.99,340.0,3,1994.97,1020.0,974.97,5,Kevin Williams
SO-13587,2022-04-05,2022-04-15,Online,WARE-ATL5509,Midwest,Wisconsin,Kenosha,Metro Central Corp,Small Business,Office Supplies,Paper Shredder,129.99,62.0,13,1689.87,806.0,883.87,0,Sarah Mitchell
SO-13588,2023-01-22,2023-01-26,In-Store,WARE-NBV1002,South,Louisiana,New Orleans,Elite Coastal Corp,Small Business,Clothing,Swimwear,49.99,19.0,14,664.86,266.0,398.86,5,Lisa Chen
SO-13589,2022-09-20,2022-09-25,In-Store,WARE-ATL5509,Northeast,Massachusetts,Boston,Pioneer Global Distributors,Corporate,Office Supplies,Flip Chart,69.99,29.0,13,773.37,377.0,396.37,15,Kevin Williams
SO-13590,2022-10-06,2022-10-12,Wholesale,WARE-UHY1004,Midwest,Kansas,Topeka,Summit Apex Co,Corporate,Furniture,Reception Desk,849.99,430.0,9,6884.91,3870.0,3014.91,10,Michael Brown
SO-13591,2022-04-21,2022-04-28,Online,WARE-PJW3508,West,Arizona,Mesa,National Bright Co,Retail,Office Supplies,Ergonomic Mouse,59.99,24.0,15,827.85,360.0,467.85,8,Lisa Chen
SO-13592,2023-03-07,2023-03-12,Distributor,WARE-UHY1004,Northeast,New Jersey,Paterson,Pacific Sterling Supply,Enterprise,Furniture,Mesh Chair,319.99,155.0,12,3379.08,1860.0,1519.08,12,Robert Adams
SO-13593,2022-01-18,2022-01-24,Wholesale,WARE-ATL5509,Southwest,Alaska,Juneau,Advanced National LLC,Enterprise,Clothing,Fleece Hoodie,74.99,30.0,18,1349.82,540.0,809.82,0,Robert Adams
SO-13594,2024-03-06,2024-03-12,In-Store,WARE-ATL5509,Northeast,Pennsylvania,Reading,Horizon Pioneer Co,Small Business,Electronics,Gaming Console,499.99,250.0,14,5949.86,3500.0,2449.86,15,Amanda Torres
SO-13595,2022-05-05,2022-05-09,In-Store,WARE-PJW3508,West,New Mexico,Las Cruces,Premier Advanced LLC,Corporate,Clothing,Suit Set,299.99,135.0,12,3599.88,1620.0,1979.88,0,Emily Johnson
SO-13596,2022-07-10,2022-07-15,Online,WARE-MCD2201,Southeast,District of Columbia,Washington,National Digital Corp,Enterprise,Furniture,Corner Desk,699.99,345.0,11,7699.89,3795.0,3904.89,0,Sarah Mitchell
SO-13597,2022-02-20,2022-02-27,Wholesale,WARE-MCD2201,Southeast,West Virginia,Morgantown,Premier National Distributors,Small Business,Office Supplies,Desk Organizer,29.99,11.0,2,58.18,22.0,36.18,3,Emily Johnson
SO-13598,2022-12-16,2022-12-26,In-Store,WARE-MCD2201,Midwest,Michigan,Detroit,Apex Apex Retail,Small Business,Electronics,USB Microphone,179.99,78.0,15,2429.85,1170.0,1259.85,10,Robert Adams
SO-13599,2022-04-13,2022-04-18,Online,WARE-ATL5509,Northeast,New Hampshire,Dover,Unity Bright Supply,Corporate,Furniture,Reception Desk,849.99,430.0,2,1614.98,860.0,754.98,5,Sarah Mitchell
SO-13600,2022-05-03,2022-05-10,Online,WARE-MCD2201,Southeast,Delaware,Newark,National Sterling Corp,Enterprise,Office Supplies,Calligraphy Set,39.99,15.0,16,563.04,240.0,323.04,12,Emily Johnson
SO-13601,2022-11-13,2022-11-17,Wholesale,WARE-UHY1004,South,South Carolina,Greenville,Digital Atlantic Distributors,Corporate,Furniture,Modular Sofa,1499.99,750.0,15,19124.85,11250.0,7874.85,15,Michael Brown
SO-13602,2022-10-11,2022-10-18,Online,WARE-MCD2201,Northeast,Pennsylvania,Pittsburgh,Global Core Retail,Small Business,Furniture,Glass Desk,799.99,400.0,7,5599.93,2800.0,2799.93,0,Sarah Mitchell
SO-13603,2023-10-26,2023-10-28,Distributor,WARE-MCD2201,West,Colorado,Colorado Springs,Horizon Premier Co,Government,Office Supplies,Heavy Duty Punch,79.99,34.0,8,563.12,272.0,291.12,12,Emily Johnson
SO-13604,2022-05-19,2022-05-29,Wholesale,WARE-ATL5509,Southeast,District of Columbia,Washington,Apex Horizon Distributors,Corporate,Clothing,Summer Dress,79.99,30.0,3,239.97,90.0,149.97,0,James Carter
SO-13605,2024-02-23,2024-03-08,Online,WARE-MCD2201,South,Louisiana,New Orleans,Core Apex Corp,Retail,Office Supplies,Desk Organizer,29.99,11.0,6,170.94,66.0,104.94,5,Rachel Scott
SO-13606,2023-07-08,2023-07-11,Distributor,WARE-NBV1002,Southeast,District of Columbia,Washington,Digital Horizon Commerce,Retail,Furniture,Glass Desk,799.99,400.0,8,5439.92,3200.0,2239.92,15,David Park
SO-13607,2023-01-17,2023-01-21,Wholesale,WARE-NBV1002,Midwest,Illinois,Chicago,Summit Digital Enterprises,Corporate,Electronics,MacBook Pro 16,2499.99,1650.0,9,22499.91,14850.0,7649.91,0,Robert Adams
SO-13608,2023-04-28,2023-05-01,Wholesale,WARE-ATL5509,South,Florida,Pensacola,Global Elite Trading,Enterprise,Office Supplies,Binding Machine,149.99,68.0,12,1799.88,816.0,983.88,0,Amanda Torres
SO-13609,2022-08-31,2022-09-04,Distributor,WARE-ATL5509,Midwest,Minnesota,Bloomington,Pacific Swift Co,Corporate,Clothing,Board Shorts,54.99,21.0,19,940.31,399.0,541.31,10,David Park
SO-13610,2023-08-30,2023-09-04,In-Store,WARE-PJW3508,South,Texas,San Antonio,Central Elite Enterprises,Corporate,Electronics,Bluetooth Speaker,149.99,58.0,4,581.96,232.0,349.96,3,Sarah Mitchell
SO-13611,2022-07-30,2022-08-02,Online,WARE-PJW3508,South,South Carolina,Rock Hill,Summit National Enterprises,Corporate,Electronics,Webcam HD,99.99,42.0,4,367.96,168.0,199.96,8,David Park
SO-13612,2022-12-25,2023-01-01,Distributor,WARE-MCD2201,West,Arizona,Scottsdale,Bright Premier Solutions,Enterprise,Office Supplies,Ergonomic Mouse,59.99,24.0,13,779.87,312.0,467.87,0,Michael Brown
SO-13613,2023-09-09,2023-09-13,Wholesale,WARE-PJW3508,West,Utah,West Valley City,Core Metro Group,Small Business,Electronics,Smart Home Hub,299.99,140.0,3,854.97,420.0,434.97,5,Lisa Chen
SO-13614,2022-06-13,2022-06-18,Wholesale,WARE-MCD2201,Southwest,Colorado,Colorado Springs,Coastal Summit Corp,Retail,Office Supplies,Tape Dispenser,24.99,9.0,10,224.9,90.0,134.9,10,Sarah Mitchell
SO-13615,2022-12-31,2023-01-10,Online,WARE-PJW3508,West,Arizona,Chandler,Sterling Premier Supply,Government,Electronics,Desktop Computer,1499.99,890.0,24,35999.76,21360.0,14639.76,0,David Park
SO-13616,2023-04-06,2023-04-09,Wholesale,WARE-NBV1002,Midwest,Michigan,Warren,National Horizon LLC,Small Business,Furniture,Bar Cart,299.99,140.0,18,5129.82,2520.0,2609.82,5,Michael Brown
SO-13617,2022-04-22,2022-04-24,Distributor,WARE-UHY1004,Southeast,Delaware,Middletown,Coastal Pioneer Group,Corporate,Office Supplies,Paper Shredder,129.99,62.0,14,1728.86,868.0,860.86,5,Sarah Mitchell
SO-13618,2022-01-05,2022-01-09,Online,WARE-ATL5509,Southwest,Wyoming,Laramie,Elite Digital Distributors,Retail,Office Supplies,Flip Chart,69.99,29.0,3,199.47,87.0,112.47,5,Kevin Williams
SO-13619,2023-06-24,2023-07-01,Distributor,WARE-PJW3508,Northeast,New Hampshire,Dover,National Central Co,Government,Office Supplies,Binding Machine,149.99,68.0,13,1715.87,884.0,831.87,12,Amanda Torres
SO-13620,2022-05-17,2022-05-23,Distributor,WARE-UHY1004,Midwest,Nebraska,Grand Island,Bright Metro Supply,Retail,Clothing,Rain Jacket,99.99,42.0,12,1199.88,504.0,695.88,0,Kevin Williams
SO-13621,2022-09-19,2022-09-26,Wholesale,WARE-ATL5509,South,Arkansas,Fayetteville,Pioneer Metro Supply,Retail,Clothing,Linen Shirt,54.99,21.0,16,774.24,336.0,438.24,12,Amanda Torres
SO-13622,2022-04-20,2022-04-25,Distributor,WARE-PJW3508,South,Alabama,Huntsville,Coastal Digital Commerce,Corporate,Electronics,Conference Camera,449.99,210.0,11,4355.89,2310.0,2045.89,12,Sarah Mitchell
SO-13623,2023-05-09,2023-05-15,Wholesale,WARE-PJW3508,Southeast,Virginia,Norfolk,Core Bright Corp,Small Business,Furniture,Storage Cabinet,449.99,215.0,3,1147.47,645.0,502.47,15,Emily Johnson
SO-13624,2022-05-31,2022-06-07,Wholesale,WARE-PJW3508,West,Washington,Seattle,Elite Pioneer LLC,Retail,Electronics,Bloomberg Terminal,5999.99,3800.0,12,66239.88,45600.0,20639.88,8,James Carter
SO-13625,2024-01-06,2024-01-11,Distributor,WARE-MCD2201,Midwest,Minnesota,Saint Paul,Global Pacific Co,Enterprise,Electronics,NAS Storage,899.99,450.0,8,6983.92,3600.0,3383.92,3,Sarah Mitchell
SO-13626,2023-11-05,2023-11-09,Wholesale,WARE-ATL5509,Southeast,West Virginia,Huntington,Pioneer Unity Inc,Small Business,Furniture,Executive Desk,1199.99,620.0,6,6479.94,3720.0,2759.94,10,Robert Adams
SO-13627,2023-04-13,2023-04-20,Wholesale,WARE-NBV1002,Southwest,Colorado,Denver,National Horizon Inc,Government,Electronics,iPad Pro,1099.99,680.0,3,3299.97,2040.0,1259.97,0,Michael Brown
SO-13628,2023-04-22,2023-04-28,Online,WARE-MCD2201,West,New Mexico,Roswell,Horizon Elite Retail,Government,Electronics,Wi-Fi Mesh System,399.99,190.0,16,6207.84,3040.0,3167.84,3,Robert Adams
SO-13629,2022-11-13,2022-11-23,Wholesale,WARE-MCD2201,West,Nevada,Sparks,Metro Global Trading,Enterprise,Office Supplies,Desk Organizer,29.99,11.0,29,869.71,319.0,550.71,0,James Carter
SO-13630,2022-08-09,2022-08-14,Online,WARE-MCD2201,Northeast,Maine,Portland,Coastal Pacific Commerce,Corporate,Electronics,Conference Camera,449.99,210.0,6,2483.94,1260.0,1223.94,8,James Carter
SO-13631,2022-01-07,2022-01-10,In-Store,WARE-UHY1004,Southeast,Maryland,Frederick,Atlantic Global Corp,Corporate,Clothing,Formal Jacket,129.99,55.0,16,2079.84,880.0,1199.84,0,Robert Adams
SO-13632,2022-02-12,2022-02-15,Online,WARE-MCD2201,Southwest,Alaska,Ketchikan,Atlantic Pacific Commerce,Government,Office Supplies,Copier Machine,1299.99,680.0,11,14299.89,7480.0,6819.89,0,Emily Johnson
SO-13633,2023-04-20,2023-04-26,Distributor,WARE-ATL5509,Midwest,Nebraska,Omaha,Pacific Metro LLC,Enterprise,Electronics,Action Camera,349.99,170.0,14,4409.86,2380.0,2029.86,10,Sarah Mitchell
SO-13634,2022-06-03,2022-06-08,Distributor,WARE-ATL5509,Northeast,Vermont,South Burlington,Coastal Advanced Corp,Retail,Office Supplies,Calligraphy Set,39.99,15.0,6,203.94,90.0,113.94,15,Sarah Mitchell
SO-13635,2023-05-12,2023-05-19,Wholesale,WARE-PJW3508,West,New Mexico,Las Cruces,Pioneer Advanced Co,Enterprise,Electronics,Surface Laptop,1399.99,870.0,1,1399.99,870.0,529.99,0,James Carter
SO-13636,2023-11-11,2023-11-21,Wholesale,WARE-PJW3508,South,Louisiana,Baton Rouge,Unity Metro Solutions,Government,Electronics,USB Microphone,179.99,78.0,12,2051.88,936.0,1115.88,5,Lisa Chen
SO-13637,2023-10-29,2023-11-03,Online,WARE-MCD2201,Northeast,Connecticut,Bridgeport,Apex Premier Group,Enterprise,Office Supplies,Flip Chart,69.99,29.0,5,339.45,145.0,194.45,3,Michael Brown
SO-13638,2022-07-18,2022-07-20,In-Store,WARE-ATL5509,Southeast,West Virginia,Parkersburg,Coastal Pacific Supply,Small Business,Electronics,Laptop Cooling Pad,49.99,19.0,6,299.94,114.0,185.94,0,James Carter
SO-13639,2024-01-20,2024-01-24,Wholesale,WARE-ATL5509,South,Florida,Pensacola,Premier Premier Commerce,Corporate,Clothing,Holiday Sweater,69.99,28.0,15,923.85,420.0,503.85,12,Amanda Torres
SO-13640,2023-09-19,2023-09-23,Wholesale,WARE-MCD2201,South,South Carolina,Columbia,Coastal Central Trading,Small Business,Electronics,Smart TV 55,799.99,400.0,14,9519.86,5600.0,3919.86,15,Rachel Scott
SO-13641,2023-09-16,2023-09-26,Online,WARE-PJW3508,West,California,Stockton,Core Core LLC,Retail,Office Supplies,Wireless Keyboard,89.99,38.0,14,1196.86,532.0,664.86,5,Sarah Mitchell
SO-13642,2022-11-25,2022-12-02,Wholesale,WARE-NBV1002,West,Arizona,Scottsdale,Central Apex Enterprises,Small Business,Furniture,Ergonomic Chair Pro,449.99,218.0,35,14962.15,7630.0,7332.15,5,Amanda Torres
SO-13643,2023-04-22,2023-04-28,In-Store,WARE-UHY1004,Northeast,Rhode Island,Cranston,Premier Unity Enterprises,Small Business,Furniture,Work Bench,549.99,270.0,17,9069.33,4590.0,4479.33,3,Amanda Torres
SO-13644,2023-07-02,2023-07-06,Wholesale,WARE-PJW3508,West,Utah,Provo,Sterling Core Co,Enterprise,Furniture,Adjustable Monitor Stand,129.99,58.0,22,2573.78,1276.0,1297.78,10,Michael Brown
SO-13645,2022-01-29,2022-02-04,Distributor,WARE-ATL5509,Southwest,New Mexico,Las Cruces,National Coastal Trading,Enterprise,Electronics,Bloomberg Terminal,5999.99,3800.0,5,28499.95,19000.0,9499.95,5,Lisa Chen
SO-13646,2022-05-20,2022-05-24,Wholesale,WARE-MCD2201,South,Oklahoma,Lawton,National Elite Solutions,Government,Office Supplies,Filing Cabinet,199.99,95.0,8,1519.92,760.0,759.92,5,Robert Adams
SO-13647,2024-02-28,2024-03-05,Online,WARE-UHY1004,South,Oklahoma,Lawton,Core Summit Retail,Government,Clothing,Turtleneck,59.99,24.0,16,911.84,384.0,527.84,5,Kevin Williams
SO-13648,2023-04-23,2023-04-26,Wholesale,WARE-MCD2201,Northeast,Massachusetts,Worcester,Pacific Apex Retail,Corporate,Office Supplies,Ink Tank Printer,399.99,195.0,13,4419.87,2535.0,1884.87,15,Sarah Mitchell
SO-13649,2024-02-06,2024-02-09,Distributor,WARE-UHY1004,Midwest,Ohio,Columbus,Summit Elite LLC,Government,Electronics,Drone Camera,799.99,400.0,17,12511.83,6800.0,5711.83,8,Michael Brown
SO-13650,2023-07-13,2023-07-20,Online,WARE-MCD2201,South,Oklahoma,Oklahoma City,Pioneer Metro Distributors,Small Business,Electronics,Drone Camera,799.99,400.0,16,11775.84,6400.0,5375.84,8,Rachel Scott
SO-13651,2024-01-31,2024-02-03,Online,WARE-NBV1002,West,Nevada,Las Vegas,Pacific Metro Retail,Corporate,Furniture,Lateral File Cabinet,399.99,192.0,5,1899.95,960.0,939.95,5,Rachel Scott
SO-13652,2022-05-23,2022-05-28,Wholesale,WARE-ATL5509,Midwest,Wisconsin,Madison,Global Coastal Solutions,Enterprise,Electronics,MacBook Air,1499.99,950.0,15,22499.85,14250.0,8249.85,0,Robert Adams
SO-13653,2023-06-23,2023-06-28,Wholesale,WARE-UHY1004,West,Utah,West Valley City,Premier Coastal Enterprises,Corporate,Electronics,Smartband,199.99,88.0,7,1357.93,616.0,741.93,3,Sarah Mitchell
SO-13654,2022-12-14,2022-12-21,Online,WARE-PJW3508,Midwest,Minnesota,Minneapolis,Horizon Pacific Co,Small Business,Electronics,Smart Lock,249.99,115.0,17,3739.83,1955.0,1784.83,12,David Park
SO-13655,2024-03-24,2024-03-30,In-Store,WARE-ATL5509,Southwest,Colorado,Colorado Springs,Coastal Atlantic Co,Small Business,Office Supplies,Ergonomic Chair,349.99,175.0,13,4322.37,2275.0,2047.37,5,Kevin Williams
SO-13656,2023-12-27,2024-01-02,Distributor,WARE-ATL5509,Southwest,Arizona,Chandler,Pioneer Sterling Inc,Enterprise,Clothing,Winter Coat,149.99,65.0,11,1402.39,715.0,687.39,15,Amanda Torres
SO-13657,2022-12-11,2022-12-17,Distributor,WARE-PJW3508,Midwest,Minnesota,Bloomington,Horizon Premier Retail,Government,Furniture,Credenza,649.99,320.0,11,6077.39,3520.0,2557.39,15,Amanda Torres
SO-13658,2024-03-27,2024-03-31,Online,WARE-NBV1002,Southeast,Delaware,Smyrna,Global Advanced Corp,Corporate,Office Supplies,Projector,699.99,340.0,10,6649.9,3400.0,3249.9,5,Sarah Mitchell
SO-13659,2022-04-23,2022-04-28,Online,WARE-PJW3508,Midwest,Nebraska,Kearney,Advanced Apex Group,Retail,Clothing,Summer Dress,79.99,30.0,16,1215.84,480.0,735.84,5,Rachel Scott
SO-13660,2023-03-18,2023-03-25,In-Store,WARE-NBV1002,Southeast,West Virginia,Parkersburg,National Bright Solutions,Corporate,Office Supplies,Letter Opener,14.99,5.0,6,87.24,30.0,57.24,3,Robert Adams
SO-13661,2022-12-09,2022-12-16,Wholesale,WARE-UHY1004,Southwest,Wyoming,Laramie,Coastal Elite Enterprises,Corporate,Office Supplies,Copier Machine,1299.99,680.0,14,17289.86,9520.0,7769.86,5,Robert Adams
SO-13662,2024-01-07,2024-01-14,Online,WARE-NBV1002,Midwest,Michigan,Warren,National Atlantic Supply,Retail,Furniture,Partition Wall,349.99,168.0,16,5599.84,2688.0,2911.84,0,Lisa Chen
SO-13663,2023-07-25,2023-07-30,Distributor,WARE-NBV1002,Northeast,Maine,Lewiston,Bright Premier LLC,Enterprise,Office Supplies,Laminator,89.99,40.0,8,683.92,320.0,363.92,5,David Park
SO-13664,2023-05-23,2023-05-28,In-Store,WARE-PJW3508,Southeast,Maryland,Rockville,Pacific National Solutions,Government,Office Supplies,Calligraphy Set,39.99,15.0,18,647.82,270.0,377.82,10,Rachel Scott
SO-13665,2024-02-29,2024-03-04,Wholesale,WARE-PJW3508,Northeast,New York,Albany,Horizon Elite Distributors,Small Business,Furniture,Laptop Cart,299.99,145.0,6,1799.94,870.0,929.94,0,Emily Johnson
SO-13666,2023-10-22,2023-11-01,Distributor,WARE-UHY1004,Northeast,Vermont,Burlington,Swift Horizon Commerce,Retail,Office Supplies,Ergonomic Chair,349.99,175.0,5,1609.95,875.0,734.95,8,Amanda Torres
SO-13667,2023-11-05,2023-11-11,Distributor,WARE-NBV1002,Midwest,Ohio,Cincinnati,Bright Digital Supply,Retail,Office Supplies,Electric Stapler,49.99,19.0,31,1549.69,589.0,960.69,0,David Park
SO-13668,2023-07-14,2023-07-24,Distributor,WARE-PJW3508,Southeast,Delaware,Wilmington,Unity Pioneer Distributors,Corporate,Office Supplies,Letter Opener,14.99,5.0,12,165.48,60.0,105.48,8,David Park
SO-13669,2024-02-24,2024-02-27,Online,WARE-UHY1004,Midwest,Nebraska,Lincoln,Swift Pioneer Co,Retail,Office Supplies,Label Printer,179.99,82.0,3,496.77,246.0,250.77,8,Robert Adams
SO-13670,2023-12-11,2023-12-17,Distributor,WARE-NBV1002,Northeast,New Hampshire,Manchester,National Premier Group,Government,Clothing,Sun Hat,34.99,13.0,3,96.57,39.0,57.57,8,Lisa Chen
SO-13671,2022-12-29,2023-01-01,Wholesale,WARE-NBV1002,South,Georgia,Macon,Digital National Distributors,Enterprise,Electronics,Smart Home Hub,299.99,140.0,28,8399.72,3920.0,4479.72,0,Kevin Williams
SO-13672,2022-01-31,2022-02-05,Wholesale,WARE-MCD2201,Midwest,Indiana,Evansville,Pioneer Digital Supply,Enterprise,Furniture,Modular Sofa,1499.99,750.0,1,1424.99,750.0,674.99,5,Sarah Mitchell
SO-13673,2023-05-29,2023-06-01,In-Store,WARE-UHY1004,Southwest,Colorado,Fort Collins,Elite Premier Solutions,Retail,Furniture,Corner Desk,699.99,345.0,7,4752.93,2415.0,2337.93,3,Emily Johnson
SO-13674,2023-12-06,2023-12-13,In-Store,WARE-PJW3508,Northeast,Rhode Island,Pawtucket,Metro Digital Inc,Corporate,Furniture,Lateral File Cabinet,399.99,192.0,35,12879.65,6720.0,6159.65,8,Amanda Torres
SO-13675,2023-01-31,2023-02-02,Online,WARE-MCD2201,Southwest,Alaska,Sitka,Summit Central LLC,Government,Clothing,Formal Jacket,129.99,55.0,12,1481.88,660.0,821.88,5,Rachel Scott
SO-13676,2023-01-30,2023-02-04,Distributor,WARE-NBV1002,West,Nevada,Reno,Advanced Pacific Corp,Enterprise,Office Supplies,Document Scanner,299.99,145.0,9,2699.91,1305.0,1394.91,0,Emily Johnson
SO-13677,2022-08-04,2022-08-09,Online,WARE-ATL5509,Southeast,West Virginia,Wheeling,Metro Global Inc,Small Business,Furniture,Partition Wall,349.99,168.0,12,3863.88,2016.0,1847.88,8,James Carter
SO-13678,2022-08-10,2022-08-17,In-Store,WARE-MCD2201,Southeast,West Virginia,Charleston,Bright Elite Supply,Corporate,Clothing,Board Shorts,54.99,21.0,18,989.82,378.0,611.82,0,Rachel Scott
SO-13679,2022-04-19,2022-04-24,Distributor,WARE-NBV1002,Northeast,New Hampshire,Dover,Summit Atlantic Trading,Corporate,Office Supplies,Calligraphy Set,39.99,15.0,18,611.82,270.0,341.82,15,Kevin Williams
SO-13680,2024-02-02,2024-02-05,Wholesale,WARE-PJW3508,Northeast,Maine,Bangor,Unity Central Supply,Small Business,Clothing,Holiday Sweater,69.99,28.0,1,69.99,28.0,41.99,0,Robert Adams
SO-13681,2022-05-12,2022-05-18,Wholesale,WARE-PJW3508,West,Oregon,Eugene,Unity Atlantic Trading,Corporate,Electronics,VR Headset,599.99,280.0,17,10199.83,4760.0,5439.83,0,Amanda Torres
SO-13682,2023-09-22,2023-10-02,Distributor,WARE-UHY1004,West,Colorado,Denver,National Atlantic Group,Retail,Office Supplies,Paper Shredder,129.99,62.0,15,1657.35,930.0,727.35,15,David Park
SO-13683,2023-03-10,2023-03-13,Wholesale,WARE-PJW3508,South,Alabama,Montgomery,Summit Pioneer Trading,Corporate,Office Supplies,Desk Organizer,29.99,11.0,12,316.68,132.0,184.68,12,David Park
SO-13684,2023-04-26,2023-05-02,In-Store,WARE-ATL5509,South,South Carolina,Columbia,Swift Elite Trading,Corporate,Clothing,Chinos,74.99,30.0,4,284.96,120.0,164.96,5,Emily Johnson
SO-13685,2022-07-12,2022-07-16,Wholesale,WARE-ATL5509,Midwest,Ohio,Cleveland,Horizon Sterling Distributors,Retail,Furniture,Standing Desk,699.99,350.0,8,5599.92,2800.0,2799.92,0,Lisa Chen
SO-13686,2022-11-19,2022-11-25,Wholesale,WARE-UHY1004,West,Arizona,Mesa,Summit Atlantic Commerce,Government,Clothing,Sun Hat,34.99,13.0,22,677.38,286.0,391.38,12,Kevin Williams
SO-13687,2022-11-30,2022-12-05,Distributor,WARE-NBV1002,Southwest,Nevada,Las Vegas,Horizon Advanced Inc,Small Business,Office Supplies,Binding Machine,149.99,68.0,35,4724.65,2380.0,2344.65,10,Sarah Mitchell
SO-13688,2023-01-24,2023-01-27,Wholesale,WARE-UHY1004,Midwest,Ohio,Cleveland,Pioneer Central Distributors,Government,Furniture,Hallway Table,279.99,132.0,12,3091.08,1584.0,1507.08,8,Amanda Torres
SO-13689,2022-08-22,2022-08-25,In-Store,WARE-PJW3508,Midwest,Wisconsin,Kenosha,National Unity Supply,Corporate,Clothing,Polo Shirt,44.99,18.0,11,470.14,198.0,272.14,5,James Carter
SO-13690,2024-01-18,2024-01-23,Online,WARE-MCD2201,West,Nevada,North Las Vegas,Apex Central Corp,Retail,Office Supplies,Copier Machine,1299.99,680.0,15,17939.85,10200.0,7739.85,8,James Carter
SO-13691,2023-03-28,2023-04-02,Distributor,WARE-UHY1004,South,South Carolina,Charleston,Atlantic Metro Supply,Government,Office Supplies,Electric Stapler,49.99,19.0,16,759.84,304.0,455.84,5,Amanda Torres
SO-13692,2022-02-26,2022-03-02,In-Store,WARE-PJW3508,Northeast,Massachusetts,Lowell,Metro Core Supply,Government,Office Supplies,Wireless Keyboard,89.99,38.0,1,85.49,38.0,47.49,5,Robert Adams
SO-13693,2024-01-18,2024-01-25,Online,WARE-MCD2201,West,Washington,Bellevue,Elite Pacific Retail,Retail,Office Supplies,Ergonomic Mouse,59.99,24.0,5,299.95,120.0,179.95,0,David Park
SO-13694,2022-10-01,2022-10-06,Distributor,WARE-PJW3508,Midwest,Missouri,Springfield,Horizon Core Enterprises,Government,Electronics,Conference Camera,449.99,210.0,16,6335.84,3360.0,2975.84,12,Amanda Torres
SO-13695,2023-08-18,2023-08-21,Distributor,WARE-MCD2201,Southeast,District of Columbia,Washington,Core Pacific Enterprises,Corporate,Clothing,Sun Hat,34.99,13.0,17,565.08,221.0,344.08,5,Rachel Scott
SO-13696,2023-10-16,2023-10-19,Wholesale,WARE-MCD2201,Northeast,Vermont,Montpelier,Elite Summit Enterprises,Government,Office Supplies,Whiteboard,159.99,72.0,12,1689.48,864.0,825.48,12,David Park
SO-13697,2022-01-22,2022-01-26,In-Store,WARE-NBV1002,Southeast,District of Columbia,Washington,Pioneer Metro Retail,Enterprise,Office Supplies,Ergonomic Chair,349.99,175.0,8,2575.92,1400.0,1175.92,8,Robert Adams
SO-13698,2022-02-10,2022-02-24,Distributor,WARE-UHY1004,Midwest,Ohio,Columbus,Atlantic National Group,Government,Furniture,Work Bench,549.99,270.0,15,7837.35,4050.0,3787.35,5,Michael Brown
SO-13699,2022-09-12,2022-09-19,In-Store,WARE-ATL5509,Southeast,Maryland,Gaithersburg,Global Swift Co,Retail,Clothing,Formal Jacket,129.99,55.0,14,1819.86,770.0,1049.86,0,James Carter
SO-13700,2023-03-31,2023-04-03,Wholesale,WARE-UHY1004,Midwest,Indiana,Fort Wayne,Digital Central Enterprises,Corporate,Clothing,Linen Pants,64.99,26.0,13,718.12,338.0,380.12,15,Emily Johnson
SO-13701,2022-10-15,2022-10-29,In-Store,WARE-PJW3508,Midwest,Wisconsin,Green Bay,Apex Elite Retail,Government,Clothing,Polo Shirt,44.99,18.0,8,359.92,144.0,215.92,0,Rachel Scott
SO-13702,2022-07-02,2022-07-04,Online,WARE-NBV1002,Southeast,District of Columbia,Washington,Bright Metro Co,Small Business,Office Supplies,Paper Shredder,129.99,62.0,3,370.47,186.0,184.47,5,Michael Brown
SO-13703,2024-01-04,2024-01-08,Online,WARE-UHY1004,Northeast,Maine,Portland,Horizon National Group,Enterprise,Office Supplies,Electric Stapler,49.99,19.0,9,436.41,171.0,265.41,3,Robert Adams
SO-13704,2023-06-09,2023-06-16,Wholesale,WARE-ATL5509,Midwest,Ohio,Cincinnati,Premier Pacific Enterprises,Enterprise,Clothing,Summer Dress,79.99,30.0,20,1471.8,600.0,871.8,8,Robert Adams
SO-13705,2023-05-22,2023-05-27,Distributor,WARE-NBV1002,Southwest,Nevada,Las Vegas,Swift Summit LLC,Retail,Electronics,iPhone 15 Pro,1199.99,780.0,5,5699.95,3900.0,1799.95,5,Lisa Chen
SO-13706,2022-03-24,2022-03-27,Online,WARE-ATL5509,Northeast,Maine,Auburn,Advanced Bright Trading,Retail,Clothing,Sports Jacket,109.99,46.0,8,879.92,368.0,511.92,0,Lisa Chen
SO-13707,2022-04-05,2022-04-10,Wholesale,WARE-ATL5509,Northeast,Vermont,Barre,Central Pioneer Supply,Retail,Office Supplies,Desk Organizer,29.99,11.0,9,269.91,99.0,170.91,0,Robert Adams
SO-13708,2024-02-08,2024-02-13,In-Store,WARE-ATL5509,South,Arkansas,Jonesboro,Atlantic Premier LLC,Corporate,Furniture,Floor Lamp,159.99,72.0,15,2159.85,1080.0,1079.85,10,Amanda Torres
SO-13709,2022-01-12,2022-01-15,Distributor,WARE-PJW3508,West,New Mexico,Albuquerque,Bright Central Corp,Enterprise,Clothing,Board Shorts,54.99,21.0,1,49.49,21.0,28.49,10,Robert Adams
SO-13710,2023-12-18,2023-12-22,Online,WARE-MCD2201,West,Idaho,Meridian,Horizon Unity Retail,Enterprise,Office Supplies,Ergonomic Chair,349.99,175.0,3,923.97,525.0,398.97,12,David Park
SO-13711,2024-02-21,2024-02-26,Distributor,WARE-ATL5509,Midwest,Nebraska,Bellevue,Core Unity Enterprises,Small Business,Electronics,Satellite Phone,799.99,420.0,18,13679.82,7560.0,6119.82,5,Robert Adams
SO-13712,2023-01-23,2023-01-30,In-Store,WARE-MCD2201,Northeast,Pennsylvania,Reading,Unity Horizon Inc,Enterprise,Office Supplies,Projector,699.99,340.0,18,11591.82,6120.0,5471.82,8,Lisa Chen
SO-13713,2022-12-02,2022-12-08,In-Store,WARE-PJW3508,Southwest,Hawaii,Kaneohe,Pioneer Elite Inc,Retail,Furniture,Mesh Chair,319.99,155.0,33,9714.87,5115.0,4599.87,8,Michael Brown
SO-13714,2022-06-03,2022-06-07,Online,WARE-UHY1004,South,Texas,Dallas,Apex Global Co,Small Business,Office Supplies,Document Scanner,299.99,145.0,7,1889.93,1015.0,874.93,10,David Park
SO-13715,2024-02-18,2024-02-23,Online,WARE-PJW3508,West,Arizona,Tucson,Apex Digital Group,Government,Furniture,Adjustable Monitor Stand,129.99,58.0,1,123.49,58.0,65.49,5,Robert Adams
SO-13716,2023-11-05,2023-11-10,In-Store,WARE-ATL5509,Southwest,Alaska,Sitka,Global Elite Commerce,Corporate,Office Supplies,Document Scanner,299.99,145.0,19,5243.81,2755.0,2488.81,8,Amanda Torres
SO-13717,2022-11-20,2022-11-24,Wholesale,WARE-ATL5509,Northeast,New York,New York City,Bright National Distributors,Retail,Office Supplies,Flip Chart,69.99,29.0,30,1889.7,870.0,1019.7,10,Rachel Scott
SO-13718,2023-06-02,2023-06-08,In-Store,WARE-ATL5509,South,Tennessee,Clarksville,Digital Central Commerce,Retail,Office Supplies,Whiteboard,159.99,72.0,8,1126.32,576.0,550.32,12,Kevin Williams
SO-13719,2023-06-10,2023-06-20,Online,WARE-MCD2201,Southeast,Kentucky,Covington,Swift Central Commerce,Enterprise,Office Supplies,Laminator,89.99,40.0,5,436.45,200.0,236.45,3,Robert Adams
SO-13720,2023-05-18,2023-05-23,Online,WARE-ATL5509,Southwest,Nevada,Henderson,National Apex Corp,Government,Furniture,Conference Table,999.99,520.0,8,7199.92,4160.0,3039.92,10,Kevin Williams
SO-13721,2023-02-18,2023-02-24,Distributor,WARE-NBV1002,Northeast,Vermont,Montpelier,Sterling Premier Distributors,Government,Furniture,Bar Cart,299.99,140.0,1,290.99,140.0,150.99,3,David Park
SO-13722,2023-10-09,2023-10-13,Wholesale,WARE-MCD2201,West,Oregon,Salem,Metro Digital Trading,Retail,Clothing,Swimwear,49.99,19.0,14,699.86,266.0,433.86,0,Kevin Williams
SO-13723,2023-06-30,2023-07-14,Distributor,WARE-MCD2201,West,New Mexico,Las Cruces,Apex Bright Enterprises,Government,Clothing,Polo Shirt,44.99,18.0,4,179.96,72.0,107.96,0,Rachel Scott
SO-13724,2022-08-09,2022-08-13,Wholesale,WARE-NBV1002,Southeast,Virginia,Norfolk,Premier Advanced Corp,Corporate,Electronics,4K Camera,1199.99,600.0,17,18767.83,10200.0,8567.83,8,Emily Johnson
SO-13725,2022-07-12,2022-07-17,Online,WARE-ATL5509,South,Georgia,Augusta,Swift Advanced Distributors,Government,Clothing,Athleisure Set,119.99,50.0,14,1478.26,700.0,778.26,12,David Park
SO-13726,2022-11-05,2022-11-10,Wholesale,WARE-MCD2201,West,Washington,Spokane,Horizon Premier Co,Small Business,Office Supplies,Label Maker,59.99,24.0,4,227.96,96.0,131.96,5,Rachel Scott
SO-13727,2023-11-08,2023-11-10,Distributor,WARE-UHY1004,Southeast,Maryland,Gaithersburg,Summit Swift Retail,Government,Office Supplies,Electric Stapler,49.99,19.0,23,1034.77,437.0,597.77,10,Lisa Chen
SO-13728,2023-09-29,2023-10-04,Distributor,WARE-NBV1002,Southeast,Kentucky,Louisville,Premier Advanced Retail,Enterprise,Electronics,External SSD,129.99,55.0,17,1878.33,935.0,943.33,15,Sarah Mitchell
SO-13729,2024-02-13,2024-02-19,Distributor,WARE-UHY1004,Midwest,Nebraska,Omaha,Core Horizon Solutions,Enterprise,Furniture,Partition Wall,349.99,168.0,15,4987.35,2520.0,2467.35,5,Lisa Chen
SO-13730,2024-01-03,2024-01-08,In-Store,WARE-UHY1004,South,Mississippi,Biloxi,Core Digital Enterprises,Small Business,Clothing,Summer Dress,79.99,30.0,2,135.98,60.0,75.98,15,Robert Adams
SO-13731,2023-11-23,2023-11-29,Online,WARE-UHY1004,Southwest,Alaska,Juneau,National National Inc,Retail,Clothing,Suit Set,299.99,135.0,8,2279.92,1080.0,1199.92,5,James Carter
SO-13732,2023-03-06,2023-03-12,Online,WARE-PJW3508,South,Arkansas,Fayetteville,Bright National Commerce,Corporate,Electronics,Video Doorbell,179.99,80.0,16,2649.44,1280.0,1369.44,8,Michael Brown
SO-13733,2023-09-01,2023-09-04,Online,WARE-MCD2201,Midwest,Minnesota,Bloomington,Unity Pacific Corp,Enterprise,Clothing,Board Shorts,54.99,21.0,1,50.59,21.0,29.59,8,James Carter
SO-13734,2023-01-10,2023-01-17,In-Store,WARE-UHY1004,Northeast,New York,Rochester,Bright National Distributors,Enterprise,Electronics,Drone Camera,799.99,400.0,17,12919.83,6800.0,6119.83,5,Michael Brown
SO-13735,2022-08-06,2022-08-09,Distributor,WARE-NBV1002,Midwest,Indiana,South Bend,Swift Core Co,Small Business,Furniture,Work Bench,549.99,270.0,7,3657.43,1890.0,1767.43,5,Rachel Scott
SO-13736,2023-02-16,2023-02-20,Distributor,WARE-MCD2201,Southeast,Delaware,Newark,National Swift LLC,Government,Electronics,Smart Thermostat,249.99,115.0,7,1749.93,805.0,944.93,0,Lisa Chen
SO-13737,2024-01-26,2024-01-31,Wholesale,WARE-NBV1002,Southeast,North Carolina,Durham,Global Central Group,Corporate,Electronics,Drone Camera,799.99,400.0,14,11199.86,5600.0,5599.86,0,Robert Adams
SO-13738,2023-12-23,2023-12-29,Wholesale,WARE-ATL5509,Southeast,Kentucky,Owensboro,Digital Elite Inc,Government,Furniture,Conference Table,999.99,520.0,35,34999.65,18200.0,16799.65,0,Emily Johnson
SO-13739,2022-05-16,2022-05-21,Wholesale,WARE-UHY1004,Southeast,Virginia,Virginia Beach,Bright Core Distributors,Government,Furniture,Office Chair,299.99,145.0,18,4751.82,2610.0,2141.82,12,Rachel Scott
SO-13740,2023-01-05,2023-01-08,Online,WARE-ATL5509,South,Texas,San Antonio,Metro Pioneer Trading,Small Business,Furniture,Conference Table,999.99,520.0,5,4749.95,2600.0,2149.95,5,Sarah Mitchell
SO-13741,2022-09-26,2022-10-01,Distributor,WARE-ATL5509,Southeast,North Carolina,Raleigh,Bright Central Solutions,Government,Clothing,Formal Jacket,129.99,55.0,18,2059.02,990.0,1069.02,12,Sarah Mitchell
SO-13742,2022-09-05,2022-09-15,Online,WARE-ATL5509,Southeast,Maryland,Rockville,Apex Sterling Enterprises,Small Business,Electronics,USB-C Hub,79.99,32.0,18,1324.62,576.0,748.62,8,Amanda Torres
SO-13743,2023-04-14,2023-04-19,In-Store,WARE-UHY1004,Southwest,New Mexico,Rio Rancho,Pioneer Coastal Trading,Corporate,Furniture,Partition Wall,349.99,168.0,10,3499.9,1680.0,1819.9,0,James Carter
SO-13744,2023-10-04,2023-10-11,In-Store,WARE-PJW3508,Midwest,Missouri,Kansas City,Global Atlantic Corp,Corporate,Furniture,Ergonomic Chair Pro,449.99,218.0,13,5557.37,2834.0,2723.37,5,David Park
SO-13745,2023-01-04,2023-01-18,Distributor,WARE-MCD2201,West,Nevada,North Las Vegas,Global Unity Solutions,Retail,Clothing,Formal Jacket,129.99,55.0,1,110.49,55.0,55.49,15,Lisa Chen
SO-13746,2023-08-10,2023-08-15,In-Store,WARE-MCD2201,West,Idaho,Pocatello,Sterling Horizon Co,Small Business,Office Supplies,Desk Organizer,29.99,11.0,9,229.41,99.0,130.41,15,Rachel Scott
SO-13747,2022-03-26,2022-04-02,In-Store,WARE-MCD2201,Southeast,North Carolina,Raleigh,Bright Atlantic Inc,Retail,Furniture,Glass Desk,799.99,400.0,13,10399.87,5200.0,5199.87,0,Michael Brown
SO-13748,2023-11-23,2023-11-27,In-Store,WARE-MCD2201,West,Washington,Tacoma,Pacific Bright Inc,Retail,Office Supplies,Flip Chart,69.99,29.0,17,1189.83,493.0,696.83,0,Robert Adams
SO-13749,2023-07-20,2023-07-26,In-Store,WARE-NBV1002,South,Arkansas,Springdale,Global Core Commerce,Enterprise,Office Supplies,Ink Tank Printer,399.99,195.0,5,1939.95,975.0,964.95,3,Lisa Chen
SO-13750,2022-11-13,2022-11-17,Distributor,WARE-UHY1004,South,Tennessee,Chattanooga,Premier Unity Enterprises,Enterprise,Electronics,Tablet Pro,899.99,450.0,27,23570.73,12150.0,11420.73,3,David Park
SO-13751,2024-02-18,2024-02-20,Online,WARE-PJW3508,Midwest,Missouri,Independence,Swift Metro Inc,Government,Clothing,Holiday Sweater,69.99,28.0,18,1196.82,504.0,692.82,5,Rachel Scott
SO-13752,2023-04-26,2023-05-03,In-Store,WARE-ATL5509,Southwest,Wyoming,Casper,Pacific Pioneer Co,Enterprise,Electronics,Home Theater System,1499.99,820.0,12,17999.88,9840.0,8159.88,0,Amanda Torres
SO-13753,2023-04-10,2023-04-16,Online,WARE-PJW3508,Southeast,North Carolina,Winston-Salem,Sterling Unity Commerce,Corporate,Electronics,Video Doorbell,179.99,80.0,9,1619.91,720.0,899.91,0,Michael Brown
SO-13754,2023-11-05,2023-11-09,Wholesale,WARE-PJW3508,Midwest,Missouri,Columbia,Pacific Metro Inc,Retail,Electronics,USB-C Hub,79.99,32.0,24,1727.76,768.0,959.76,10,Robert Adams
SO-13755,2024-03-13,2024-03-19,Wholesale,WARE-MCD2201,West,Utah,West Jordan,Coastal National Enterprises,Retail,Furniture,Mesh Chair,319.99,155.0,11,3414.29,1705.0,1709.29,3,Lisa Chen
SO-13756,2023-11-10,2023-11-14,Wholesale,WARE-UHY1004,Southeast,Delaware,Newark,National Swift LLC,Small Business,Electronics,AirPods Pro,249.99,135.0,17,4249.83,2295.0,1954.83,0,David Park
SO-13757,2023-10-24,2023-10-29,In-Store,WARE-ATL5509,West,Arizona,Scottsdale,Atlantic Sterling Trading,Government,Furniture,Bar Cart,299.99,140.0,4,1103.96,560.0,543.96,8,Emily Johnson
SO-13758,2023-01-19,2023-01-23,In-Store,WARE-PJW3508,West,Colorado,Aurora,Pacific Elite LLC,Retail,Electronics,Satellite Phone,799.99,420.0,7,5319.93,2940.0,2379.93,5,Sarah Mitchell
SO-13759,2023-06-03,2023-06-08,In-Store,WARE-MCD2201,Northeast,Maine,Portland,Sterling Digital Distributors,Small Business,Office Supplies,Desk Organizer,29.99,11.0,11,313.39,121.0,192.39,5,Robert Adams
SO-13760,2022-03-19,2022-03-24,Distributor,WARE-ATL5509,South,South Carolina,Columbia,Apex Unity Commerce,Enterprise,Clothing,Velvet Blazer,179.99,80.0,14,2519.86,1120.0,1399.86,0,Emily Johnson
SO-13761,2022-01-16,2022-01-21,In-Store,WARE-ATL5509,Northeast,Pennsylvania,Allentown,Advanced Global Enterprises,Retail,Clothing,Winter Coat,149.99,65.0,17,2294.83,1105.0,1189.83,10,Robert Adams
SO-13762,2023-05-14,2023-05-19,Online,WARE-MCD2201,Southeast,District of Columbia,Washington,Horizon Bright Distributors,Corporate,Electronics,Webcam HD,99.99,42.0,12,1079.88,504.0,575.88,10,Kevin Williams
SO-13763,2022-05-08,2022-05-13,Distributor,WARE-NBV1002,South,Louisiana,Shreveport,Pioneer Advanced Solutions,Government,Office Supplies,Binding Machine,149.99,68.0,3,382.47,204.0,178.47,15,Robert Adams
SO-13764,2023-03-19,2023-03-23,Online,WARE-MCD2201,Midwest,Ohio,Cincinnati,Global Pacific Trading,Corporate,Office Supplies,Card Reader,39.99,15.0,8,303.92,120.0,183.92,5,David Park
SO-13765,2022-11-30,2022-12-14,Online,WARE-PJW3508,Midwest,Nebraska,Omaha,Apex Premier Inc,Retail,Furniture,Mesh Chair,319.99,155.0,16,4607.84,2480.0,2127.84,10,Rachel Scott
SO-13766,2023-12-03,2023-12-17,Wholesale,WARE-MCD2201,Northeast,New Jersey,Elizabeth,Horizon National Group,Government,Electronics,Action Camera,349.99,170.0,22,7314.78,3740.0,3574.78,5,Michael Brown
SO-13767,2023-10-07,2023-10-12,Online,WARE-ATL5509,Northeast,Massachusetts,Worcester,Core Global Enterprises,Enterprise,Furniture,Executive Desk,1199.99,620.0,16,19199.84,9920.0,9279.84,0,Amanda Torres
SO-13768,2022-11-16,2022-11-19,In-Store,WARE-ATL5509,Southwest,Arizona,Mesa,Apex Pioneer Commerce,Retail,Furniture,Corner Desk,699.99,345.0,25,14874.75,8625.0,6249.75,15,Emily Johnson
SO-13769,2023-09-02,2023-09-07,Distributor,WARE-UHY1004,West,Idaho,Boise,Unity Metro Commerce,Government,Clothing,Chinos,74.99,30.0,13,974.87,390.0,584.87,0,Kevin Williams
SO-13770,2022-05-24,2022-05-30,Online,WARE-MCD2201,Northeast,Vermont,Montpelier,Global Core Distributors,Corporate,Furniture,Partition Wall,349.99,168.0,15,5092.35,2520.0,2572.35,3,Michael Brown
SO-13771,2022-01-04,2022-01-06,Distributor,WARE-NBV1002,Southwest,Alaska,Juneau,Coastal Global Co,Government,Furniture,Office Chair,299.99,145.0,8,2399.92,1160.0,1239.92,0,Rachel Scott
SO-13772,2022-08-05,2022-08-07,In-Store,WARE-MCD2201,Northeast,New Hampshire,Manchester,Coastal National Supply,Small Business,Clothing,Sports Jacket,109.99,46.0,3,296.97,138.0,158.97,10,Robert Adams
SO-13773,2022-11-28,2022-12-02,Distributor,WARE-ATL5509,South,Arkansas,Fort Smith,Summit Coastal Inc,Corporate,Clothing,Country Boots,119.99,52.0,6,698.34,312.0,386.34,3,Michael Brown
SO-13774,2022-05-25,2022-05-30,Online,WARE-PJW3508,West,Colorado,Aurora,Advanced Bright Group,Small Business,Office Supplies,Binding Machine,149.99,68.0,6,854.94,408.0,446.94,5,Rachel Scott
SO-13775,2022-07-19,2022-07-26,Wholesale,WARE-NBV1002,West,Colorado,Aurora,Central Sterling Corp,Retail,Furniture,Corner Desk,699.99,345.0,13,7734.87,4485.0,3249.87,15,James Carter
SO-13776,2023-04-24,2023-05-01,In-Store,WARE-NBV1002,Southwest,New Mexico,Roswell,Pacific Advanced Retail,Retail,Clothing,Chinos,74.99,30.0,9,641.16,270.0,371.16,5,Michael Brown
SO-13777,2022-07-24,2022-07-29,Distributor,WARE-PJW3508,Northeast,Massachusetts,Lowell,Metro Premier Supply,Small Business,Electronics,Portable Projector,499.99,245.0,15,7124.85,3675.0,3449.85,5,David Park
SO-13778,2024-02-10,2024-02-14,Wholesale,WARE-ATL5509,Northeast,New York,Rochester,Advanced Elite Solutions,Government,Office Supplies,Calligraphy Set,39.99,15.0,6,211.14,90.0,121.14,12,Emily Johnson
SO-13779,2023-07-30,2023-08-03,Wholesale,WARE-PJW3508,Southeast,District of Columbia,Washington,Pacific Horizon Co,Small Business,Furniture,Reception Desk,849.99,430.0,20,16149.8,8600.0,7549.8,5,Rachel Scott
SO-13780,2023-02-12,2023-02-16,Distributor,WARE-MCD2201,Midwest,Nebraska,Grand Island,Unity Unity Retail,Small Business,Clothing,Turtleneck,59.99,24.0,12,719.88,288.0,431.88,0,Kevin Williams
SO-13781,2022-12-22,2022-12-25,In-Store,WARE-NBV1002,South,Mississippi,Hattiesburg,Global Pacific Corp,Small Business,Clothing,Holiday Sweater,69.99,28.0,32,2239.68,896.0,1343.68,0,Emily Johnson
SO-13782,2024-03-06,2024-03-10,Distributor,WARE-PJW3508,Southwest,Hawaii,Kailua,Sterling Unity Group,Enterprise,Office Supplies,Ink Tank Printer,399.99,195.0,9,3419.91,1755.0,1664.91,5,Amanda Torres
SO-13783,2023-03-12,2023-03-26,Distributor,WARE-PJW3508,Midwest,Nebraska,Kearney,Summit Apex Corp,Small Business,Office Supplies,Copier Machine,1299.99,680.0,17,19447.83,11560.0,7887.83,12,James Carter
SO-13784,2022-09-12,2022-09-16,In-Store,WARE-PJW3508,Southeast,Kentucky,Lexington,Apex Pacific Enterprises,Retail,Furniture,Floor Lamp,159.99,72.0,11,1759.89,792.0,967.89,0,David Park
SO-13785,2022-09-19,2022-09-22,Online,WARE-NBV1002,Northeast,Vermont,Montpelier,Horizon Pioneer Trading,Government,Office Supplies,Letter Opener,14.99,5.0,16,227.84,80.0,147.84,5,James Carter
SO-13786,2022-06-16,2022-06-23,Distributor,WARE-NBV1002,Southwest,Arizona,Phoenix,Elite Bright Solutions,Small Business,Office Supplies,Ergonomic Chair,349.99,175.0,7,2449.93,1225.0,1224.93,0,Sarah Mitchell
SO-13787,2022-07-15,2022-07-20,In-Store,WARE-MCD2201,West,Montana,Helena,Atlantic Advanced Corp,Small Business,Office Supplies,Document Scanner,299.99,145.0,6,1709.94,870.0,839.94,5,Robert Adams
SO-13788,2022-11-24,2022-12-04,Distributor,WARE-NBV1002,West,Oregon,Portland,Pioneer Metro Co,Government,Furniture,Ergonomic Chair Pro,449.99,218.0,15,6749.85,3270.0,3479.85,0,David Park
SO-13789,2023-05-28,2023-06-03,Online,WARE-UHY1004,West,Idaho,Idaho Falls,Atlantic Apex Distributors,Small Business,Clothing,Linen Pants,64.99,26.0,2,129.98,52.0,77.98,0,David Park
SO-13790,2023-12-25,2023-12-29,Online,WARE-UHY1004,Southeast,Maryland,Frederick,Advanced Central Distributors,Small Business,Office Supplies,Projector,699.99,340.0,28,18619.72,9520.0,9099.72,5,David Park
SO-13791,2023-04-01,2023-04-06,Online,WARE-PJW3508,Southwest,Utah,Salt Lake City,Premier Elite Supply,Enterprise,Electronics,VR Headset,599.99,280.0,3,1745.97,840.0,905.97,3,Lisa Chen
SO-13792,2023-10-17,2023-10-23,Wholesale,WARE-PJW3508,Midwest,Michigan,Sterling Heights,Premier Elite Solutions,Corporate,Clothing,Holiday Sweater,69.99,28.0,6,419.94,168.0,251.94,0,Rachel Scott
SO-13793,2024-01-12,2024-01-14,Wholesale,WARE-ATL5509,South,Texas,Lubbock,Central Horizon Distributors,Government,Electronics,USB-C Hub,79.99,32.0,12,844.68,384.0,460.68,12,Rachel Scott
SO-13794,2023-10-24,2023-10-31,Wholesale,WARE-PJW3508,Southeast,Virginia,Newport News,Sterling Swift Retail,Retail,Electronics,NAS Storage,899.99,450.0,4,3059.96,1800.0,1259.96,15,Sarah Mitchell
SO-13795,2022-05-26,2022-05-29,Wholesale,WARE-UHY1004,South,Tennessee,Nashville,Atlantic Horizon Solutions,Retail,Electronics,MacBook Air,1499.99,950.0,10,14249.9,9500.0,4749.9,5,Emily Johnson
SO-13796,2022-02-05,2022-02-10,Wholesale,WARE-ATL5509,Midwest,Minnesota,Saint Paul,Core Coastal Trading,Retail,Office Supplies,Desk Organizer,29.99,11.0,5,127.45,55.0,72.45,15,Kevin Williams
SO-13797,2022-04-02,2022-04-06,Online,WARE-PJW3508,Midwest,Kansas,Kansas City,Metro Coastal Solutions,Government,Office Supplies,Paper Shredder,129.99,62.0,13,1689.87,806.0,883.87,0,Michael Brown
SO-13798,2023-01-08,2023-01-14,Wholesale,WARE-MCD2201,West,Colorado,Lakewood,Global Pioneer Solutions,Corporate,Clothing,Suit Set,299.99,135.0,10,2999.9,1350.0,1649.9,0,James Carter
SO-13799,2023-08-11,2023-08-13,Wholesale,WARE-ATL5509,South,Texas,San Antonio,Bright Pioneer Commerce,Retail,Clothing,Fleece Hoodie,74.99,30.0,15,989.85,450.0,539.85,12,Rachel Scott
SO-13800,2022-09-19,2022-09-23,In-Store,WARE-NBV1002,South,Alabama,Tuscaloosa,Bright Advanced Solutions,Small Business,Furniture,Modular Sofa,1499.99,750.0,6,8549.94,4500.0,4049.94,5,Lisa Chen
SO-13801,2023-10-21,2023-10-27,Distributor,WARE-NBV1002,Southwest,Alaska,Anchorage,Atlantic Swift Inc,Government,Clothing,Casual Pants,69.99,28.0,1,61.59,28.0,33.59,12,Rachel Scott
SO-13802,2024-02-03,2024-02-07,Online,WARE-NBV1002,Southeast,North Carolina,Greensboro,Metro Swift Solutions,Small Business,Electronics,Smart TV 55,799.99,400.0,4,3039.96,1600.0,1439.96,5,Michael Brown
SO-13803,2024-03-13,2024-03-17,Wholesale,WARE-UHY1004,West,Arizona,Tucson,Premier Central Co,Enterprise,Clothing,Sports Jacket,109.99,46.0,14,1539.86,644.0,895.86,0,Michael Brown
SO-13804,2022-12-15,2022-12-20,Distributor,WARE-NBV1002,Southwest,Utah,Orem,Global Sterling Corp,Government,Office Supplies,Heavy Duty Punch,79.99,34.0,16,1177.44,544.0,633.44,8,Sarah Mitchell
SO-13805,2023-11-20,2023-11-30,In-Store,WARE-MCD2201,West,Arizona,Mesa,Unity Pioneer Retail,Retail,Office Supplies,Laminator,89.99,40.0,18,1490.22,720.0,770.22,8,Kevin Williams
SO-13806,2022-06-06,2022-06-12,In-Store,WARE-ATL5509,South,Texas,Dallas,Coastal Atlantic Co,Corporate,Electronics,AirPods Pro,249.99,135.0,11,2529.89,1485.0,1044.89,8,Rachel Scott
SO-13807,2024-02-20,2024-02-25,In-Store,WARE-PJW3508,West,California,San Diego,Core Central Retail,Corporate,Electronics,USB-C Hub,79.99,32.0,15,1199.85,480.0,719.85,0,Lisa Chen
SO-13808,2023-10-27,2023-10-31,Distributor,WARE-UHY1004,Southeast,North Carolina,Charlotte,Metro Summit Retail,Small Business,Clothing,Fleece Hoodie,74.99,30.0,7,472.43,210.0,262.43,10,Amanda Torres
SO-13809,2022-11-12,2022-11-17,In-Store,WARE-PJW3508,Southeast,West Virginia,Charleston,Apex Swift Enterprises,Small Business,Clothing,Formal Jacket,129.99,55.0,18,2105.82,990.0,1115.82,10,Amanda Torres
SO-13810,2022-04-28,2022-05-02,In-Store,WARE-PJW3508,Northeast,Maine,Lewiston,Global Global Group,Retail,Electronics,Laptop Cooling Pad,49.99,19.0,11,533.39,209.0,324.39,3,Rachel Scott
SO-13811,2022-07-15,2022-07-18,Wholesale,WARE-ATL5509,West,Arizona,Chandler,Apex Pacific Distributors,Small Business,Furniture,Executive Desk,1199.99,620.0,9,10799.91,5580.0,5219.91,0,Rachel Scott
SO-13812,2023-02-27,2023-03-03,Online,WARE-UHY1004,Midwest,Kansas,Kansas City,Sterling Elite Inc,Enterprise,Office Supplies,Document Scanner,299.99,145.0,14,3989.86,2030.0,1959.86,5,Rachel Scott
SO-13813,2023-10-18,2023-10-22,In-Store,WARE-MCD2201,Northeast,Pennsylvania,Philadelphia,Central Horizon LLC,Enterprise,Furniture,Bookshelf,249.99,110.0,11,2529.89,1210.0,1319.89,8,David Park
SO-13814,2022-11-05,2022-11-09,Distributor,WARE-UHY1004,Southwest,Utah,Provo,Summit Elite Corp,Enterprise,Electronics,Webcam HD,99.99,42.0,23,2023.77,966.0,1057.77,12,Kevin Williams
SO-13815,2023-08-05,2023-08-11,Wholesale,WARE-PJW3508,Southwest,Wyoming,Casper,Central Apex Enterprises,Government,Clothing,Country Boots,119.99,52.0,8,815.92,416.0,399.92,15,Emily Johnson
SO-13816,2023-11-17,2023-11-19,Distributor,WARE-NBV1002,Southwest,Utah,Provo,Sterling Global Trading,Small Business,Office Supplies,Label Printer,179.99,82.0,34,5630.06,2788.0,2842.06,8,Emily Johnson
SO-13817,2022-06-09,2022-06-13,Wholesale,WARE-PJW3508,Southwest,Arizona,Mesa,Unity Elite Inc,Corporate,Furniture,Conference Table,999.99,520.0,11,9899.89,5720.0,4179.89,10,Sarah Mitchell
SO-13818,2022-01-22,2022-01-28,Online,WARE-PJW3508,West,Colorado,Colorado Springs,Atlantic Advanced LLC,Small Business,Clothing,Board Shorts,54.99,21.0,7,327.18,147.0,180.18,15,David Park
SO-13819,2022-11-01,2022-11-06,Distributor,WARE-PJW3508,Southeast,District of Columbia,Washington,Pacific Premier Trading,Enterprise,Office Supplies,Stapler Heavy Duty,29.99,11.0,13,389.87,143.0,246.87,0,Emily Johnson
SO-13820,2023-03-20,2023-03-26,Wholesale,WARE-UHY1004,West,New Mexico,Santa Fe,Horizon Premier Trading,Corporate,Clothing,Country Boots,119.99,52.0,16,1766.24,832.0,934.24,8,Sarah Mitchell
SO-13821,2023-05-15,2023-05-21,Online,WARE-UHY1004,Southwest,Utah,West Valley City,Summit Atlantic Enterprises,Retail,Office Supplies,Document Scanner,299.99,145.0,18,4751.82,2610.0,2141.82,12,Amanda Torres
SO-13822,2022-10-17,2022-10-24,Wholesale,WARE-PJW3508,Northeast,Vermont,Burlington,Atlantic Sterling Supply,Retail,Furniture,Bar Cart,299.99,140.0,4,1139.96,560.0,579.96,5,Sarah Mitchell
SO-13823,2022-12-01,2022-12-06,Wholesale,WARE-ATL5509,West,California,Sacramento,Unity Premier Corp,Enterprise,Furniture,TV Stand,249.99,118.0,12,2759.88,1416.0,1343.88,8,David Park
SO-13824,2023-01-25,2023-01-28,In-Store,WARE-UHY1004,Northeast,New Jersey,Newark,Core Premier Distributors,Enterprise,Electronics,NAS Storage,899.99,450.0,13,11114.87,5850.0,5264.87,5,Amanda Torres
SO-13825,2023-03-10,2023-03-14,Online,WARE-NBV1002,Southeast,Delaware,Wilmington,Sterling Horizon Supply,Small Business,Furniture,Conference Table,999.99,520.0,1,969.99,520.0,449.99,3,James Carter
SO-13826,2022-05-23,2022-05-30,Online,WARE-UHY1004,South,Arkansas,Fort Smith,Bright Pioneer Supply,Government,Electronics,Kindle Paperwhite,139.99,62.0,8,1063.92,496.0,567.92,5,Robert Adams
SO-13827,2022-02-16,2022-02-20,Distributor,WARE-NBV1002,Northeast,Maine,Lewiston,Summit National Group,Corporate,Office Supplies,Filing Cabinet,199.99,95.0,7,1231.93,665.0,566.93,12,Sarah Mitchell
SO-13828,2023-04-26,2023-05-01,Wholesale,WARE-MCD2201,South,South Carolina,Rock Hill,Core Premier Enterprises,Retail,Clothing,Suit Set,299.99,135.0,8,2159.92,1080.0,1079.92,10,Kevin Williams
SO-13829,2023-07-19,2023-07-23,Online,WARE-PJW3508,South,Tennessee,Chattanooga,Coastal Central Solutions,Enterprise,Electronics,Smartband,199.99,88.0,11,1869.89,968.0,901.89,15,Michael Brown
SO-13830,2022-07-22,2022-07-29,Online,WARE-PJW3508,Southeast,West Virginia,Morgantown,Global Coastal Commerce,Government,Clothing,Rain Jacket,99.99,42.0,2,199.98,84.0,115.98,0,Michael Brown
SO-13831,2022-02-21,2022-02-28,Online,WARE-NBV1002,Southeast,Delaware,Wilmington,Pacific Pacific Group,Government,Clothing,Casual Pants,69.99,28.0,6,369.54,168.0,201.54,12,Michael Brown
SO-13832,2022-03-28,2022-03-31,In-Store,WARE-UHY1004,South,Tennessee,Clarksville,Digital Bright Trading,Corporate,Electronics,Server Unit,4999.99,2800.0,18,89999.82,50400.0,39599.82,0,Lisa Chen
SO-13833,2022-10-17,2022-10-21,In-Store,WARE-ATL5509,Northeast,Maine,Bangor,Digital Atlantic Distributors,Government,Furniture,Conference Table,999.99,520.0,10,9999.9,5200.0,4799.9,0,James Carter
SO-13834,2024-03-26,2024-03-29,Wholesale,WARE-UHY1004,South,Oklahoma,Norman,Bright Elite Retail,Enterprise,Furniture,Corner Desk,699.99,345.0,14,9015.86,4830.0,4185.86,8,James Carter
SO-13835,2023-10-30,2023-11-03,Wholesale,WARE-NBV1002,Southeast,District of Columbia,Washington,Unity Atlantic Group,Enterprise,Electronics,Kindle Paperwhite,139.99,62.0,14,1901.06,868.0,1033.06,3,Amanda Torres
SO-13836,2023-05-03,2023-05-13,Distributor,WARE-NBV1002,Southwest,Colorado,Denver,Central Pioneer Distributors,Enterprise,Electronics,Gaming PC,2499.99,1450.0,14,34999.86,20300.0,14699.86,0,Robert Adams
SO-13837,2023-03-18,2023-03-22,Distributor,WARE-PJW3508,Midwest,Kansas,Overland Park,Pacific Atlantic Trading,Retail,Furniture,Executive Desk,1199.99,620.0,8,8447.92,4960.0,3487.92,12,David Park
SO-13838,2022-06-24,2022-06-27,Online,WARE-PJW3508,Southeast,Maryland,Gaithersburg,Metro Premier Distributors,Government,Electronics,Smart Watch,399.99,180.0,21,8399.79,3780.0,4619.79,0,Lisa Chen
SO-13839,2022-03-25,2022-04-01,Online,WARE-UHY1004,Southwest,Arizona,Phoenix,Atlantic Sterling Trading,Small Business,Furniture,Partition Wall,349.99,168.0,4,1399.96,672.0,727.96,0,Lisa Chen
SO-13840,2022-06-16,2022-06-21,Online,WARE-UHY1004,South,Alabama,Tuscaloosa,Advanced Metro Commerce,Small Business,Clothing,Linen Shirt,54.99,21.0,18,989.82,378.0,611.82,0,Lisa Chen
SO-13841,2023-01-27,2023-01-29,In-Store,WARE-MCD2201,West,Colorado,Denver,Atlantic Coastal Commerce,Government,Clothing,Athleisure Set,119.99,50.0,13,1403.87,650.0,753.87,10,Kevin Williams
SO-13842,2023-07-13,2023-07-20,Wholesale,WARE-MCD2201,Southeast,Maryland,Gaithersburg,Swift National Co,Corporate,Clothing,Polo Shirt,44.99,18.0,4,174.56,72.0,102.56,3,Lisa Chen
SO-13843,2022-01-02,2022-01-04,Online,WARE-NBV1002,Northeast,New York,Albany,Premier Atlantic Group,Enterprise,Clothing,Sports Jacket,109.99,46.0,18,1742.22,828.0,914.22,12,Kevin Williams
SO-13844,2022-08-28,2022-09-01,Wholesale,WARE-ATL5509,South,Louisiana,New Orleans,Sterling Coastal Distributors,Government,Furniture,Adjustable Monitor Stand,129.99,58.0,2,246.98,116.0,130.98,5,Michael Brown
SO-13845,2022-11-04,2022-11-10,In-Store,WARE-UHY1004,South,Alabama,Tuscaloosa,Bright Digital Trading,Enterprise,Clothing,Sports Jacket,109.99,46.0,4,439.96,184.0,255.96,0,Lisa Chen
SO-13846,2023-01-08,2023-01-14,Wholesale,WARE-MCD2201,Northeast,New York,Albany,Metro Elite Inc,Retail,Electronics,Portable Charger,79.99,34.0,3,232.77,102.0,130.77,3,Sarah Mitchell
SO-13847,2023-12-03,2023-12-08,In-Store,WARE-NBV1002,West,California,Long Beach,Central Sterling Supply,Government,Electronics,Action Camera,349.99,170.0,28,9309.72,4760.0,4549.72,5,Kevin Williams
SO-13848,2022-03-14,2022-03-17,In-Store,WARE-UHY1004,West,Oregon,Hillsboro,Bright Coastal Distributors,Enterprise,Furniture,Partition Wall,349.99,168.0,17,5473.83,2856.0,2617.83,8,Michael Brown
SO-13849,2022-05-26,2022-05-31,Wholesale,WARE-UHY1004,Midwest,Illinois,Rockford,Premier Pacific Group,Retail,Furniture,Lateral File Cabinet,399.99,192.0,10,3599.9,1920.0,1679.9,10,Robert Adams
SO-13850,2022-10-07,2022-10-17,Online,WARE-NBV1002,Northeast,Massachusetts,Cambridge,Premier Elite LLC,Retail,Electronics,Satellite Phone,799.99,420.0,10,7199.9,4200.0,2999.9,10,James Carter
SO-13851,2023-03-25,2023-03-28,In-Store,WARE-PJW3508,Southwest,Alaska,Sitka,Apex Swift Distributors,Government,Clothing,Sports Jacket,109.99,46.0,5,483.95,230.0,253.95,12,Michael Brown
SO-13852,2024-03-08,2024-03-14,Wholesale,WARE-PJW3508,Southwest,New Mexico,Rio Rancho,Premier Central Solutions,Retail,Clothing,Formal Jacket,129.99,55.0,12,1559.88,660.0,899.88,0,Michael Brown
SO-13853,2023-03-06,2023-03-09,In-Store,WARE-NBV1002,Northeast,Vermont,Rutland,Atlantic Pacific LLC,Retail,Clothing,Velvet Blazer,179.99,80.0,15,2429.85,1200.0,1229.85,10,James Carter
SO-13854,2023-06-24,2023-06-28,In-Store,WARE-MCD2201,Northeast,New Hampshire,Manchester,Bright Central Enterprises,Small Business,Furniture,Accent Table,199.99,92.0,20,3799.8,1840.0,1959.8,5,Lisa Chen
SO-13855,2023-03-08,2023-03-12,Distributor,WARE-ATL5509,Southwest,Wyoming,Casper,Elite Apex Distributors,Corporate,Furniture,Lateral File Cabinet,399.99,192.0,3,1163.97,576.0,587.97,3,Kevin Williams
SO-13856,2024-02-18,2024-02-24,Distributor,WARE-UHY1004,West,Washington,Everett,Global Advanced Group,Small Business,Clothing,Swimwear,49.99,19.0,17,824.33,323.0,501.33,3,Rachel Scott
SO-13857,2022-05-14,2022-05-20,In-Store,WARE-NBV1002,Southeast,Kentucky,Owensboro,Pacific National Group,Government,Furniture,Modular Sofa,1499.99,750.0,4,5999.96,3000.0,2999.96,0,James Carter
SO-13858,2023-03-07,2023-03-12,Online,WARE-PJW3508,Midwest,Illinois,Chicago,Global Atlantic Co,Retail,Office Supplies,Desk Organizer,29.99,11.0,12,305.88,132.0,173.88,15,Lisa Chen
SO-13859,2023-07-16,2023-07-18,Online,WARE-UHY1004,Southwest,New Mexico,Las Cruces,Metro Core Solutions,Retail,Furniture,Lateral File Cabinet,399.99,192.0,17,5779.83,3264.0,2515.83,15,Rachel Scott
SO-13860,2023-02-09,2023-02-15,Wholesale,WARE-PJW3508,Southeast,North Carolina,Greensboro,Atlantic Unity Group,Government,Clothing,Denim Jacket,89.99,38.0,3,229.47,114.0,115.47,15,Kevin Williams
SO-13861,2023-03-01,2023-03-06,Wholesale,WARE-NBV1002,South,Mississippi,Gulfport,Coastal Digital Retail,Retail,Clothing,Running Shoes,89.99,38.0,3,261.87,114.0,147.87,3,Amanda Torres
SO-13862,2023-11-29,2023-12-09,Distributor,WARE-PJW3508,Midwest,Michigan,Ann Arbor,Coastal Core LLC,Government,Clothing,Sun Hat,34.99,13.0,22,769.78,286.0,483.78,0,Rachel Scott
SO-13863,2023-10-14,2023-10-17,Wholesale,WARE-MCD2201,West,Idaho,Pocatello,Advanced Pioneer Corp,Corporate,Electronics,Satellite Phone,799.99,420.0,9,7199.91,3780.0,3419.91,0,Lisa Chen
SO-13864,2022-02-11,2022-02-16,Wholesale,WARE-MCD2201,Northeast,New Hampshire,Derry,Sterling Swift LLC,Government,Furniture,Office Chair,299.99,145.0,11,3134.89,1595.0,1539.89,5,Rachel Scott
SO-13865,2023-08-11,2023-08-21,Wholesale,WARE-PJW3508,Southwest,Wyoming,Cheyenne,Unity Digital Inc,Corporate,Electronics,Gaming Console,499.99,250.0,5,2424.95,1250.0,1174.95,3,Michael Brown
SO-13866,2023-10-01,2023-10-08,Online,WARE-PJW3508,South,Texas,Dallas,Swift Premier Commerce,Corporate,Office Supplies,Flip Chart,69.99,29.0,18,1222.02,522.0,700.02,3,Michael Brown
SO-13867,2023-03-24,2023-03-30,In-Store,WARE-MCD2201,West,Oregon,Eugene,Premier Elite Trading,Small Business,Clothing,Linen Pants,64.99,26.0,7,409.43,182.0,227.43,10,Emily Johnson
SO-13868,2022-11-10,2022-11-16,In-Store,WARE-UHY1004,Northeast,New Hampshire,Dover,Coastal Unity Co,Corporate,Electronics,Gaming PC,2499.99,1450.0,23,54624.77,33350.0,21274.77,5,James Carter
SO-13869,2023-03-05,2023-03-10,Online,WARE-ATL5509,Southeast,Maryland,Rockville,Metro Horizon Distributors,Government,Clothing,Linen Pants,64.99,26.0,4,252.16,104.0,148.16,3,Sarah Mitchell
SO-13870,2022-03-11,2022-03-13,Online,WARE-UHY1004,Southwest,Colorado,Fort Collins,Apex Atlantic LLC,Enterprise,Clothing,Holiday Sweater,69.99,28.0,15,892.35,420.0,472.35,15,David Park
SO-13871,2023-02-12,2023-02-15,Online,WARE-PJW3508,Southwest,Nevada,Reno,Metro Summit Commerce,Retail,Clothing,Sun Hat,34.99,13.0,5,148.7,65.0,83.7,15,Rachel Scott
SO-13872,2022-02-26,2022-03-02,In-Store,WARE-NBV1002,Southwest,Wyoming,Laramie,Apex Central Trading,Enterprise,Electronics,Laptop Pro 13,1099.99,650.0,9,9899.91,5850.0,4049.91,0,Amanda Torres
SO-13873,2022-07-11,2022-07-15,In-Store,WARE-ATL5509,South,Arkansas,Fayetteville,Pioneer Swift Distributors,Small Business,Clothing,Casual Pants,69.99,28.0,2,125.98,56.0,69.98,10,Rachel Scott
SO-13874,2022-01-30,2022-02-05,Wholesale,WARE-UHY1004,Southwest,New Mexico,Rio Rancho,Coastal Global Retail,Corporate,Office Supplies,Tape Dispenser,24.99,9.0,4,89.96,36.0,53.96,10,Emily Johnson
SO-13875,2022-08-21,2022-08-26,Wholesale,WARE-ATL5509,South,Louisiana,Lake Charles,Apex Central Enterprises,Enterprise,Office Supplies,Document Scanner,299.99,145.0,22,5939.78,3190.0,2749.78,10,David Park
SO-13876,2022-10-11,2022-10-21,Wholesale,WARE-ATL5509,West,Idaho,Meridian,Unity Sterling Corp,Government,Office Supplies,Projector,699.99,340.0,4,2659.96,1360.0,1299.96,5,Kevin Williams
SO-13877,2023-01-03,2023-01-10,Distributor,WARE-MCD2201,Southeast,District of Columbia,Washington,Central Apex Commerce,Government,Clothing,Golf Polo,64.99,26.0,16,987.84,416.0,571.84,5,Lisa Chen
SO-13878,2023-08-19,2023-08-23,Wholesale,WARE-ATL5509,West,Arizona,Mesa,Bright National Co,Small Business,Electronics,Portable Projector,499.99,245.0,7,3149.93,1715.0,1434.93,10,Rachel Scott
SO-13879,2022-05-28,2022-06-03,Online,WARE-ATL5509,Southwest,Wyoming,Cheyenne,Elite Pioneer LLC,Retail,Clothing,Turtleneck,59.99,24.0,6,323.94,144.0,179.94,10,Amanda Torres
SO-13880,2022-03-11,2022-03-15,Wholesale,WARE-MCD2201,Southeast,West Virginia,Huntington,Horizon Digital Co,Small Business,Furniture,Accent Table,199.99,92.0,9,1619.91,828.0,791.91,10,Rachel Scott
SO-13881,2023-06-21,2023-06-26,Wholesale,WARE-NBV1002,West,Washington,Seattle,Horizon Horizon Distributors,Retail,Office Supplies,Paper Shredder,129.99,62.0,19,2469.81,1178.0,1291.81,0,Kevin Williams
SO-13882,2023-11-15,2023-11-21,Online,WARE-PJW3508,Southeast,Kentucky,Covington,Global Pioneer Retail,Retail,Clothing,Golf Polo,64.99,26.0,21,1364.79,546.0,818.79,0,Kevin Williams
SO-13883,2023-02-19,2023-02-23,Wholesale,WARE-PJW3508,Midwest,Missouri,St. Louis,Pioneer Pacific Commerce,Corporate,Office Supplies,Paper Shredder,129.99,62.0,7,837.13,434.0,403.13,8,Lisa Chen
SO-13884,2022-03-15,2022-03-21,Wholesale,WARE-ATL5509,South,Florida,Tampa,Core Unity Retail,Corporate,Electronics,Server Unit,4999.99,2800.0,8,39999.92,22400.0,17599.92,0,Kevin Williams
SO-13885,2024-03-17,2024-03-27,Online,WARE-MCD2201,Southwest,Alaska,Ketchikan,Central Central Inc,Corporate,Clothing,Fleece Hoodie,74.99,30.0,4,284.96,120.0,164.96,5,Lisa Chen
SO-13886,2022-02-07,2022-02-21,Wholesale,WARE-PJW3508,Southeast,Virginia,Newport News,Apex Premier Corp,Corporate,Clothing,Golf Polo,64.99,26.0,4,246.96,104.0,142.96,5,Robert Adams
SO-13887,2023-12-06,2023-12-12,Online,WARE-MCD2201,Midwest,Missouri,Springfield,Digital Elite Solutions,Government,Furniture,Glass Desk,799.99,400.0,26,18303.74,10400.0,7903.74,12,Emily Johnson
SO-13888,2024-01-04,2024-01-07,In-Store,WARE-NBV1002,South,Texas,San Antonio,Unity Metro Inc,Enterprise,Office Supplies,Tape Dispenser,24.99,9.0,4,99.96,36.0,63.96,0,Rachel Scott
SO-13889,2023-12-04,2023-12-11,Wholesale,WARE-UHY1004,Southeast,North Carolina,Charlotte,Apex Digital Retail,Enterprise,Furniture,Lateral File Cabinet,399.99,192.0,23,8739.77,4416.0,4323.77,5,Emily Johnson
SO-13890,2022-03-11,2022-03-14,Wholesale,WARE-ATL5509,South,Oklahoma,Tulsa,Swift National Trading,Enterprise,Office Supplies,Copier Machine,1299.99,680.0,7,9099.93,4760.0,4339.93,0,Rachel Scott
SO-13891,2022-10-06,2022-10-12,Wholesale,WARE-PJW3508,Southeast,Virginia,Chesapeake,Elite Summit Distributors,Government,Electronics,USB Microphone,179.99,78.0,13,2105.87,1014.0,1091.87,10,Michael Brown
SO-13892,2023-10-26,2023-10-31,Distributor,WARE-PJW3508,Midwest,Missouri,St. Louis,Advanced Sterling Trading,Government,Clothing,Summer Dress,79.99,30.0,7,559.93,210.0,349.93,0,Kevin Williams
SO-13893,2023-02-13,2023-02-18,Wholesale,WARE-UHY1004,Southeast,District of Columbia,Washington,Unity Elite Inc,Retail,Electronics,Action Camera,349.99,170.0,1,314.99,170.0,144.99,10,Michael Brown
SO-13894,2022-10-02,2022-10-08,Distributor,WARE-UHY1004,West,Nevada,Sparks,National Pacific Corp,Corporate,Clothing,Chinos,74.99,30.0,9,620.91,270.0,350.91,8,Rachel Scott
SO-13895,2023-08-04,2023-08-09,Online,WARE-UHY1004,South,Arkansas,Fayetteville,Pacific Summit Corp,Corporate,Office Supplies,Ergonomic Mouse,59.99,24.0,3,179.97,72.0,107.97,0,Lisa Chen
SO-13896,2022-08-04,2022-08-09,Wholesale,WARE-PJW3508,Southwest,Arizona,Tucson,Pioneer Sterling LLC,Small Business,Furniture,Executive Desk,1199.99,620.0,14,16799.86,8680.0,8119.86,0,Emily Johnson
SO-13897,2023-05-03,2023-05-06,In-Store,WARE-MCD2201,West,California,Los Angeles,Metro Elite Corp,Corporate,Clothing,Athleisure Set,119.99,50.0,12,1439.88,600.0,839.88,0,Amanda Torres
SO-13898,2022-06-14,2022-06-19,Distributor,WARE-UHY1004,South,Louisiana,Lafayette,Swift Sterling Trading,Corporate,Furniture,Lounge Chair,399.99,195.0,15,5699.85,2925.0,2774.85,5,James Carter
SO-13899,2023-11-11,2023-11-18,In-Store,WARE-NBV1002,South,Georgia,Savannah,Digital Central Enterprises,Enterprise,Office Supplies,Calligraphy Set,39.99,15.0,25,969.75,375.0,594.75,3,Kevin Williams
SO-13900,2023-03-09,2023-03-15,In-Store,WARE-UHY1004,Midwest,Kansas,Overland Park,Core Central Commerce,Enterprise,Electronics,Portable Charger,79.99,34.0,9,611.91,306.0,305.91,15,Emily Johnson
SO-13901,2023-01-10,2023-01-15,In-Store,WARE-NBV1002,Northeast,Connecticut,Hartford,Elite Core Corp,Retail,Office Supplies,Laminator,89.99,40.0,17,1346.23,680.0,666.23,12,Kevin Williams
SO-13902,2023-04-24,2023-04-30,In-Store,WARE-PJW3508,Northeast,New Jersey,Newark,Metro Digital Enterprises,Enterprise,Office Supplies,Binding Machine,149.99,68.0,1,134.99,68.0,66.99,10,Lisa Chen
SO-13903,2022-04-16,2022-04-23,In-Store,WARE-NBV1002,Midwest,Iowa,Davenport,Central Unity Enterprises,Corporate,Clothing,Polo Shirt,44.99,18.0,8,341.92,144.0,197.92,5,Robert Adams
SO-13904,2023-09-08,2023-09-15,Distributor,WARE-PJW3508,Midwest,Michigan,Sterling Heights,Advanced Central Commerce,Government,Furniture,Office Chair,299.99,145.0,14,3569.86,2030.0,1539.86,15,Emily Johnson
SO-13905,2022-12-21,2022-12-26,In-Store,WARE-MCD2201,Southwest,Arizona,Phoenix,Summit Coastal Group,Enterprise,Electronics,Smart Watch,399.99,180.0,25,8999.75,4500.0,4499.75,10,James Carter
SO-13906,2022-11-10,2022-11-13,Wholesale,WARE-UHY1004,South,Arkansas,Little Rock,Premier National Commerce,Government,Office Supplies,Electric Stapler,49.99,19.0,14,699.86,266.0,433.86,0,Kevin Williams
SO-13907,2024-01-26,2024-01-31,Distributor,WARE-ATL5509,Northeast,Maine,Lewiston,Metro Coastal Retail,Government,Clothing,Holiday Sweater,69.99,28.0,10,629.9,280.0,349.9,10,James Carter
SO-13908,2023-10-08,2023-10-12,In-Store,WARE-ATL5509,Southwest,Arizona,Scottsdale,Apex Central Corp,Enterprise,Clothing,Swimwear,49.99,19.0,9,436.41,171.0,265.41,3,James Carter
SO-13909,2023-04-28,2023-05-04,In-Store,WARE-UHY1004,South,Florida,Orlando,Metro Swift Corp,Corporate,Electronics,Conference Camera,449.99,210.0,1,449.99,210.0,239.99,0,Lisa Chen
SO-13910,2023-07-09,2023-07-13,Online,WARE-PJW3508,South,Georgia,Athens,Coastal Metro Commerce,Retail,Office Supplies,Printer Cartridges,89.99,32.0,20,1709.8,640.0,1069.8,5,David Park
SO-13911,2022-10-20,2022-10-27,Online,WARE-NBV1002,Northeast,Maine,Portland,Advanced Digital Solutions,Retail,Electronics,iPad Pro,1099.99,680.0,16,17599.84,10880.0,6719.84,0,Emily Johnson
SO-13912,2022-03-01,2022-03-06,Wholesale,WARE-NBV1002,Southeast,North Carolina,Durham,Apex Digital Supply,Small Business,Clothing,Fleece Hoodie,74.99,30.0,13,857.87,390.0,467.87,12,Amanda Torres
SO-13913,2022-12-23,2022-12-27,In-Store,WARE-UHY1004,South,Florida,Pensacola,Pioneer Global Trading,Retail,Electronics,Gaming PC,2499.99,1450.0,6,14249.94,8700.0,5549.94,5,James Carter
SO-13914,2023-11-08,2023-11-14,Wholesale,WARE-ATL5509,Southwest,Wyoming,Casper,Pioneer Central Co,Retail,Furniture,Executive Desk,1199.99,620.0,30,34199.7,18600.0,15599.7,5,David Park
SO-13915,2022-05-03,2022-05-07,Online,WARE-NBV1002,West,Utah,Provo,Sterling Global Inc,Corporate,Clothing,Country Boots,119.99,52.0,9,950.31,468.0,482.31,12,Emily Johnson
SO-13916,2022-10-05,2022-10-11,In-Store,WARE-UHY1004,West,Arizona,Tucson,Horizon National Commerce,Small Business,Clothing,Linen Shirt,54.99,21.0,16,879.84,336.0,543.84,0,Robert Adams
SO-13917,2023-03-14,2023-03-20,Distributor,WARE-NBV1002,Midwest,Kansas,Overland Park,Elite National Co,Corporate,Office Supplies,Desk Organizer,29.99,11.0,6,179.94,66.0,113.94,0,Lisa Chen
SO-13918,2023-01-13,2023-01-18,Online,WARE-NBV1002,Midwest,Ohio,Toledo,Central Pacific Inc,Corporate,Clothing,Velvet Blazer,179.99,80.0,15,2483.85,1200.0,1283.85,8,Lisa Chen
SO-13919,2023-10-22,2023-10-27,In-Store,WARE-PJW3508,Southeast,North Carolina,Charlotte,Core Elite Retail,Government,Clothing,Chinos,74.99,30.0,9,654.66,270.0,384.66,3,Rachel Scott
SO-13920,2023-08-26,2023-09-01,Distributor,WARE-PJW3508,Northeast,New Jersey,Newark,Pacific Pioneer Supply,Government,Office Supplies,Electric Stapler,49.99,19.0,22,1066.78,418.0,648.78,3,James Carter
SO-13921,2023-05-26,2023-05-31,In-Store,WARE-ATL5509,Southwest,New Mexico,Roswell,Elite Atlantic Commerce,Small Business,Clothing,Turtleneck,59.99,24.0,11,659.89,264.0,395.89,0,Emily Johnson
SO-13922,2022-09-20,2022-09-25,In-Store,WARE-ATL5509,West,California,Stockton,Global Atlantic Retail,Corporate,Furniture,Ergonomic Chair Pro,449.99,218.0,13,5557.37,2834.0,2723.37,5,Emily Johnson
SO-13923,2022-11-13,2022-11-19,Wholesale,WARE-NBV1002,Southeast,Maryland,Rockville,Coastal Advanced Solutions,Corporate,Electronics,Wi-Fi Mesh System,399.99,190.0,14,5599.86,2660.0,2939.86,0,Amanda Torres
SO-13924,2022-02-08,2022-02-10,Distributor,WARE-PJW3508,West,Colorado,Colorado Springs,Elite Coastal Inc,Government,Clothing,Swimwear,49.99,19.0,3,142.47,57.0,85.47,5,Amanda Torres
SO-13925,2023-10-05,2023-10-10,Distributor,WARE-MCD2201,Northeast,Connecticut,Stamford,Premier Horizon Enterprises,Government,Office Supplies,Paper Shredder,129.99,62.0,2,239.18,124.0,115.18,8,Rachel Scott
SO-13926,2022-04-29,2022-05-04,Wholesale,WARE-MCD2201,Southwest,New Mexico,Santa Fe,Global Core Solutions,Corporate,Electronics,Smart TV 55,799.99,400.0,17,12511.83,6800.0,5711.83,8,Sarah Mitchell
SO-13927,2023-12-25,2024-01-08,In-Store,WARE-PJW3508,Southwest,Nevada,Sparks,Unity Central Co,Government,Office Supplies,Paper Shredder,129.99,62.0,4,493.96,248.0,245.96,5,Emily Johnson
SO-13928,2023-12-09,2023-12-13,Wholesale,WARE-ATL5509,Northeast,Maine,Bangor,Bright Summit Commerce,Corporate,Office Supplies,Filing Cabinet,199.99,95.0,27,5129.73,2565.0,2564.73,5,Kevin Williams
SO-13929,2023-10-25,2023-10-30,Distributor,WARE-ATL5509,Southwest,Alaska,Anchorage,Advanced Pioneer Retail,Retail,Clothing,Fleece Hoodie,74.99,30.0,13,945.62,390.0,555.62,3,Michael Brown
SO-13930,2024-02-26,2024-03-01,Online,WARE-UHY1004,Southwest,Nevada,Henderson,Unity National Inc,Enterprise,Electronics,Smart Display,349.99,165.0,5,1662.45,825.0,837.45,5,Kevin Williams
SO-13931,2023-10-04,2023-10-08,Online,WARE-ATL5509,Northeast,New Hampshire,Derry,Core Atlantic Supply,Government,Furniture,Bookshelf,249.99,110.0,8,1899.92,880.0,1019.92,5,Lisa Chen
SO-13932,2023-09-15,2023-09-20,In-Store,WARE-PJW3508,South,Louisiana,Lake Charles,Digital Digital Commerce,Corporate,Office Supplies,Paper Shredder,129.99,62.0,6,779.94,372.0,407.94,0,Amanda Torres
SO-13933,2022-03-22,2022-03-25,Online,WARE-NBV1002,Southeast,Kentucky,Lexington,Pacific Horizon Enterprises,Corporate,Office Supplies,Card Reader,39.99,15.0,18,647.82,270.0,377.82,10,Emily Johnson
SO-13934,2022-08-13,2022-08-16,Online,WARE-MCD2201,Midwest,Illinois,Springfield,Pioneer Digital Co,Government,Electronics,Ring Light,89.99,36.0,15,1282.35,540.0,742.35,5,Sarah Mitchell
SO-13935,2024-03-22,2024-03-24,Online,WARE-UHY1004,Southeast,Maryland,Bowie,Pacific National Group,Corporate,Electronics,Laptop Pro 13,1099.99,650.0,2,2199.98,1300.0,899.98,0,Michael Brown
SO-13936,2022-03-23,2022-03-29,Distributor,WARE-ATL5509,Southeast,Delaware,Wilmington,Bright Premier LLC,Corporate,Furniture,Standing Desk,699.99,350.0,3,2036.97,1050.0,986.97,3,Rachel Scott
SO-13937,2022-10-23,2022-10-29,Online,WARE-ATL5509,South,Arkansas,Springdale,Sterling Pioneer Trading,Enterprise,Office Supplies,Flip Chart,69.99,29.0,8,515.12,232.0,283.12,8,David Park
SO-13938,2023-10-13,2023-10-19,Wholesale,WARE-PJW3508,Southeast,Delaware,Wilmington,Elite Coastal Solutions,Retail,Furniture,Floor Lamp,159.99,72.0,18,2793.42,1296.0,1497.42,3,James Carter
SO-13939,2023-12-06,2023-12-12,In-Store,WARE-ATL5509,Southwest,Arizona,Mesa,Global Unity Group,Small Business,Clothing,Suit Set,299.99,135.0,10,2549.9,1350.0,1199.9,15,David Park
SO-13940,2023-10-13,2023-10-18,Wholesale,WARE-ATL5509,Midwest,Missouri,Kansas City,Summit Coastal Trading,Government,Clothing,Linen Pants,64.99,26.0,13,844.87,338.0,506.87,0,Sarah Mitchell
SO-13941,2024-01-05,2024-01-12,Wholesale,WARE-PJW3508,West,Montana,Helena,Unity Central Supply,Retail,Office Supplies,Letter Opener,14.99,5.0,15,224.85,75.0,149.85,0,Michael Brown
SO-13942,2023-04-06,2023-04-12,Wholesale,WARE-MCD2201,Southeast,District of Columbia,Washington,Core Digital Enterprises,Small Business,Furniture,Bar Cart,299.99,140.0,15,4274.85,2100.0,2174.85,5,Kevin Williams
SO-13943,2024-01-20,2024-01-25,In-Store,WARE-ATL5509,Northeast,New York,Rochester,National Horizon Group,Small Business,Furniture,Conference Table,999.99,520.0,14,13579.86,7280.0,6299.86,3,Michael Brown
SO-13944,2023-05-26,2023-05-31,In-Store,WARE-ATL5509,West,Arizona,Phoenix,Digital Metro Enterprises,Enterprise,Office Supplies,Stapler Heavy Duty,29.99,11.0,18,512.82,198.0,314.82,5,Michael Brown
SO-13945,2023-04-16,2023-04-19,Distributor,WARE-ATL5509,West,California,Fresno,Elite Global Retail,Retail,Office Supplies,Paper Shredder,129.99,62.0,7,882.63,434.0,448.63,3,Kevin Williams
SO-13946,2024-01-02,2024-01-07,In-Store,WARE-NBV1002,Southeast,Virginia,Newport News,Pioneer Horizon Trading,Government,Electronics,AirPods Pro,249.99,135.0,6,1424.94,810.0,614.94,5,Kevin Williams
SO-13947,2023-09-05,2023-09-12,In-Store,WARE-NBV1002,Southeast,Virginia,Richmond,Global Central Corp,Enterprise,Electronics,Smart Thermostat,249.99,115.0,3,637.47,345.0,292.47,15,Michael Brown
SO-13948,2023-05-19,2023-05-26,Wholesale,WARE-MCD2201,South,Louisiana,Shreveport,Global Swift Co,Corporate,Electronics,NAS Storage,899.99,450.0,10,8099.9,4500.0,3599.9,10,Sarah Mitchell
SO-13949,2023-06-26,2023-06-30,In-Store,WARE-MCD2201,Southwest,Hawaii,Hilo,Coastal National Co,Enterprise,Furniture,Bar Cart,299.99,140.0,22,5609.78,3080.0,2529.78,15,James Carter
SO-13950,2023-10-09,2023-10-19,Wholesale,WARE-UHY1004,Southeast,Maryland,Baltimore,Advanced Global Commerce,Government,Clothing,Casual Pants,69.99,28.0,13,909.87,364.0,545.87,0,Amanda Torres
SO-13951,2023-01-17,2023-01-22,Wholesale,WARE-NBV1002,Northeast,Massachusetts,Worcester,Pacific Core LLC,Retail,Office Supplies,Label Printer,179.99,82.0,13,2339.87,1066.0,1273.87,0,Sarah Mitchell
SO-13952,2022-02-16,2022-02-23,Online,WARE-UHY1004,Northeast,New Jersey,Paterson,Core Swift Retail,Small Business,Office Supplies,Wireless Keyboard,89.99,38.0,16,1267.04,608.0,659.04,12,Sarah Mitchell
SO-13953,2022-02-05,2022-02-15,In-Store,WARE-PJW3508,South,Florida,Pensacola,Atlantic Pacific Enterprises,Corporate,Electronics,Home Theater System,1499.99,820.0,7,9659.93,5740.0,3919.93,8,Amanda Torres
SO-13954,2022-12-20,2022-12-24,Distributor,WARE-PJW3508,Southwest,Colorado,Denver,Premier National Group,Government,Furniture,Storage Cabinet,449.99,215.0,26,11699.74,5590.0,6109.74,0,Sarah Mitchell
SO-13955,2023-11-03,2023-11-08,In-Store,WARE-ATL5509,West,Arizona,Scottsdale,Elite Coastal Group,Retail,Electronics,Drone Camera,799.99,400.0,29,23199.71,11600.0,11599.71,0,Michael Brown
SO-13956,2023-04-03,2023-04-07,Online,WARE-NBV1002,Southeast,West Virginia,Morgantown,Premier Pioneer Retail,Government,Electronics,MacBook Pro 16,2499.99,1650.0,10,23749.9,16500.0,7249.9,5,Sarah Mitchell
SO-13957,2023-04-18,2023-04-25,Wholesale,WARE-MCD2201,West,Nevada,Henderson,Core Central Retail,Government,Clothing,Rain Jacket,99.99,42.0,1,91.99,42.0,49.99,8,Sarah Mitchell
SO-13958,2022-06-03,2022-06-13,Online,WARE-PJW3508,South,Louisiana,New Orleans,Swift Central Co,Small Business,Furniture,Office Chair,299.99,145.0,10,2849.9,1450.0,1399.9,5,Lisa Chen
SO-13959,2024-01-23,2024-01-30,In-Store,WARE-ATL5509,Northeast,New York,Albany,Metro Coastal Group,Enterprise,Office Supplies,Laminator,89.99,40.0,3,256.47,120.0,136.47,5,David Park
SO-13960,2022-03-29,2022-03-31,Wholesale,WARE-PJW3508,Midwest,Ohio,Cleveland,Bright Atlantic Corp,Small Business,Office Supplies,Tape Dispenser,24.99,9.0,2,42.48,18.0,24.48,15,Kevin Williams
SO-13961,2024-03-31,2024-04-06,Wholesale,WARE-UHY1004,Midwest,Iowa,Des Moines,Metro Core LLC,Small Business,Electronics,NAS Storage,899.99,450.0,6,5129.94,2700.0,2429.94,5,Rachel Scott
SO-13962,2022-11-22,2022-11-25,Online,WARE-NBV1002,Southwest,Nevada,Henderson,Central Apex Enterprises,Government,Clothing,Casual Pants,69.99,28.0,17,1047.03,476.0,571.03,12,Robert Adams
SO-13963,2023-06-08,2023-06-10,Online,WARE-ATL5509,Southwest,Colorado,Lakewood,Central Premier Group,Small Business,Electronics,Smart Monitor 27,599.99,290.0,8,4799.92,2320.0,2479.92,0,Rachel Scott
SO-13964,2023-05-21,2023-05-26,Online,WARE-MCD2201,South,Louisiana,Shreveport,Atlantic Bright Trading,Government,Electronics,Smart Display,349.99,165.0,3,965.97,495.0,470.97,8,Sarah Mitchell
SO-13965,2022-08-22,2022-08-27,Online,WARE-PJW3508,Northeast,Maine,Lewiston,Elite Apex Group,Small Business,Office Supplies,Whiteboard,159.99,72.0,12,1862.28,864.0,998.28,3,Lisa Chen
SO-13966,2022-05-21,2022-06-04,Distributor,WARE-NBV1002,West,Oregon,Hillsboro,Advanced Global Distributors,Enterprise,Clothing,Suit Set,299.99,135.0,10,2999.9,1350.0,1649.9,0,Amanda Torres
SO-13967,2022-06-19,2022-06-25,In-Store,WARE-PJW3508,Southwest,Hawaii,Honolulu,Premier Pacific Commerce,Enterprise,Clothing,Linen Pants,64.99,26.0,19,1086.61,494.0,592.61,12,David Park
SO-13968,2023-01-20,2023-01-25,Distributor,WARE-MCD2201,Southeast,Virginia,Virginia Beach,Elite Unity Trading,Small Business,Clothing,Denim Jacket,89.99,38.0,5,449.95,190.0,259.95,0,Robert Adams
SO-13969,2022-09-16,2022-09-23,In-Store,WARE-MCD2201,Southwest,Nevada,Henderson,Digital Swift Supply,Government,Office Supplies,Document Scanner,299.99,145.0,6,1745.94,870.0,875.94,3,Sarah Mitchell
SO-13970,2022-12-17,2022-12-27,Distributor,WARE-ATL5509,South,Alabama,Montgomery,Swift Advanced Enterprises,Corporate,Electronics,Server Unit,4999.99,2800.0,11,49499.89,30800.0,18699.89,10,Michael Brown
SO-13971,2023-03-11,2023-03-15,Wholesale,WARE-ATL5509,Midwest,Iowa,Davenport,Pacific Global Solutions,Enterprise,Electronics,Smart Thermostat,249.99,115.0,10,2374.9,1150.0,1224.9,5,James Carter
SO-13972,2022-06-30,2022-07-04,In-Store,WARE-PJW3508,West,Nevada,Henderson,Advanced Sterling Co,Enterprise,Furniture,Modular Sofa,1499.99,750.0,20,29999.8,15000.0,14999.8,0,Sarah Mitchell
SO-13973,2024-02-11,2024-02-17,Distributor,WARE-MCD2201,Southeast,Delaware,Newark,Digital Horizon Solutions,Small Business,Furniture,Standing Desk,699.99,350.0,18,10709.82,6300.0,4409.82,15,Kevin Williams
SO-13974,2023-03-10,2023-03-14,In-Store,WARE-NBV1002,Northeast,Rhode Island,Pawtucket,Atlantic Central Corp,Enterprise,Electronics,Smart Home Hub,299.99,140.0,6,1799.94,840.0,959.94,0,Emily Johnson
SO-13975,2023-09-20,2023-09-25,Distributor,WARE-ATL5509,Southwest,Hawaii,Kapolei,Premier Sterling Commerce,Small Business,Electronics,GPU Card,999.99,620.0,10,8999.9,6200.0,2799.9,10,David Park
SO-13976,2022-11-27,2022-12-02,In-Store,WARE-NBV1002,Northeast,Rhode Island,Cranston,Swift Metro Commerce,Retail,Office Supplies,Ergonomic Chair,349.99,175.0,30,10499.7,5250.0,5249.7,0,Kevin Williams
SO-13977,2022-02-06,2022-02-11,In-Store,WARE-UHY1004,Northeast,New Hampshire,Dover,Global Bright Co,Enterprise,Office Supplies,Projector,699.99,340.0,5,3499.95,1700.0,1799.95,0,Michael Brown
SO-13978,2024-01-18,2024-01-23,Online,WARE-UHY1004,West,Montana,Billings,Summit Bright Distributors,Enterprise,Office Supplies,Printer Cartridges,89.99,32.0,6,458.94,192.0,266.94,15,Sarah Mitchell
SO-13979,2023-09-05,2023-09-15,In-Store,WARE-PJW3508,Northeast,New York,Buffalo,Apex Digital Distributors,Government,Office Supplies,Desk Organizer,29.99,11.0,18,539.82,198.0,341.82,0,Michael Brown
SO-13980,2022-07-02,2022-07-06,Online,WARE-NBV1002,South,Georgia,Columbus,Global Digital Enterprises,Small Business,Electronics,Gaming Console,499.99,250.0,7,3079.93,1750.0,1329.93,12,Amanda Torres
SO-13981,2022-02-20,2022-02-25,Distributor,WARE-ATL5509,Southeast,North Carolina,Durham,Sterling Coastal Inc,Small Business,Electronics,Drone Camera,799.99,400.0,13,10399.87,5200.0,5199.87,0,James Carter
SO-13982,2024-03-10,2024-03-13,Online,WARE-ATL5509,Southeast,Maryland,Baltimore,Central Coastal Inc,Government,Furniture,Executive Desk,1199.99,620.0,6,6335.94,3720.0,2615.94,12,Rachel Scott
SO-13983,2022-04-16,2022-04-19,Distributor,WARE-ATL5509,Southwest,Hawaii,Kailua,Metro National Trading,Retail,Furniture,Corner Desk,699.99,345.0,15,8924.85,5175.0,3749.85,15,Emily Johnson
SO-13984,2022-05-30,2022-06-05,In-Store,WARE-PJW3508,West,Oregon,Eugene,Unity Advanced Commerce,Small Business,Electronics,iPhone 15 Pro,1199.99,780.0,11,12143.89,8580.0,3563.89,8,Robert Adams
SO-13985,2023-05-18,2023-05-22,Distributor,WARE-MCD2201,Southeast,District of Columbia,Washington,Bright Pioneer Retail,Corporate,Clothing,Board Shorts,54.99,21.0,3,164.97,63.0,101.97,0,Rachel Scott
SO-13986,2023-04-24,2023-04-30,In-Store,WARE-UHY1004,Midwest,Iowa,Sioux City,Metro National Solutions,Retail,Electronics,MacBook Air,1499.99,950.0,3,4499.97,2850.0,1649.97,0,Emily Johnson
SO-13987,2023-04-27,2023-05-01,Distributor,WARE-ATL5509,Midwest,Nebraska,Lincoln,Pioneer Pacific Solutions,Government,Electronics,Smartband,199.99,88.0,6,1199.94,528.0,671.94,0,David Park
SO-13988,2022-08-15,2022-08-20,Distributor,WARE-UHY1004,West,Colorado,Denver,Atlantic Pacific Solutions,Corporate,Furniture,Hallway Table,279.99,132.0,19,4894.21,2508.0,2386.21,8,Sarah Mitchell
SO-13989,2023-12-28,2024-01-03,Online,WARE-MCD2201,Southwest,Wyoming,Rock Springs,Pioneer Bright Solutions,Small Business,Furniture,Bar Cart,299.99,140.0,10,2759.9,1400.0,1359.9,8,Emily Johnson
SO-13990,2022-05-03,2022-05-07,Online,WARE-NBV1002,West,Utah,West Jordan,Digital Advanced Inc,Government,Furniture,Laptop Cart,299.99,145.0,9,2618.91,1305.0,1313.91,3,Kevin Williams
SO-13991,2022-09-11,2022-09-15,Wholesale,WARE-PJW3508,Northeast,Massachusetts,Boston,Advanced National Corp,Enterprise,Electronics,Smart Display,349.99,165.0,18,5984.82,2970.0,3014.82,5,Rachel Scott
SO-13992,2023-08-17,2023-08-22,Online,WARE-PJW3508,Southwest,Wyoming,Cheyenne,Pioneer Pacific Enterprises,Enterprise,Electronics,Kindle Paperwhite,139.99,62.0,17,2260.83,1054.0,1206.83,5,Emily Johnson
SO-13993,2022-08-07,2022-08-12,Online,WARE-PJW3508,West,Montana,Helena,Swift Core Group,Government,Electronics,Kindle Paperwhite,139.99,62.0,10,1329.9,620.0,709.9,5,Michael Brown
SO-13994,2022-01-06,2022-01-11,In-Store,WARE-UHY1004,Northeast,New Hampshire,Manchester,Core Swift LLC,Small Business,Electronics,MacBook Air,1499.99,950.0,14,19319.86,13300.0,6019.86,8,Sarah Mitchell
SO-13995,2024-03-29,2024-04-02,Online,WARE-PJW3508,West,New Mexico,Roswell,Metro Digital Solutions,Government,Office Supplies,Electric Stapler,49.99,19.0,13,630.37,247.0,383.37,3,Rachel Scott
SO-13996,2023-06-13,2023-06-16,Online,WARE-MCD2201,Southeast,North Carolina,Durham,Atlantic Metro Distributors,Government,Furniture,Standing Desk,699.99,350.0,5,3149.95,1750.0,1399.95,10,David Park
SO-13997,2022-06-16,2022-06-21,Distributor,WARE-PJW3508,Midwest,Ohio,Columbus,Elite Horizon Co,Enterprise,Furniture,Bar Cart,299.99,140.0,2,569.98,280.0,289.98,5,Kevin Williams
SO-13998,2023-01-09,2023-01-14,Distributor,WARE-MCD2201,South,South Carolina,Charleston,Advanced Bright Group,Government,Electronics,USB Microphone,179.99,78.0,14,2393.86,1092.0,1301.86,5,Sarah Mitchell
SO-13999,2023-04-26,2023-05-03,Wholesale,WARE-NBV1002,South,Mississippi,Meridian,Premier Metro LLC,Small Business,Electronics,Laptop Pro 15,1299.99,780.0,18,22697.82,14040.0,8657.82,3,James Carter
SO-14000,2023-03-10,2023-03-14,Online,WARE-NBV1002,West,Idaho,Boise,Pioneer Pioneer Commerce,Government,Clothing,Suit Set,299.99,135.0,5,1499.95,675.0,824.95,0,Sarah Mitchell
SO-14001,2023-01-07,2023-01-12,In-Store,WARE-PJW3508,South,Arkansas,Springdale,Unity Advanced Co,Retail,Clothing,Summer Dress,79.99,30.0,4,287.96,120.0,167.96,10,Amanda Torres
SO-14002,2022-05-23,2022-05-29,In-Store,WARE-PJW3508,West,California,Los Angeles,Pioneer Horizon LLC,Enterprise,Furniture,Hallway Table,279.99,132.0,12,3091.08,1584.0,1507.08,8,Michael Brown
SO-14003,2023-11-12,2023-11-15,Online,WARE-NBV1002,Midwest,Kansas,Kansas City,Pacific Advanced Distributors,Enterprise,Clothing,Running Shoes,89.99,38.0,25,2069.75,950.0,1119.75,8,James Carter
SO-14004,2022-11-04,2022-11-11,Online,WARE-MCD2201,Southwest,New Mexico,Rio Rancho,Premier Apex Corp,Enterprise,Furniture,Accent Table,199.99,92.0,22,4047.78,2024.0,2023.78,8,Emily Johnson
SO-14005,2022-08-11,2022-08-25,Wholesale,WARE-MCD2201,Southeast,Kentucky,Covington,Digital Coastal Trading,Enterprise,Clothing,Suit Set,299.99,135.0,20,5999.8,2700.0,3299.8,0,Robert Adams
SO-14006,2022-04-17,2022-04-22,Distributor,WARE-ATL5509,Midwest,Wisconsin,Madison,Horizon Global Trading,Corporate,Electronics,Gaming PC,2499.99,1450.0,11,23374.89,15950.0,7424.89,15,Sarah Mitchell
SO-14007,2023-03-25,2023-03-29,Wholesale,WARE-ATL5509,South,Louisiana,Shreveport,Pioneer Metro Retail,Corporate,Electronics,Video Doorbell,179.99,80.0,18,3142.62,1440.0,1702.62,3,Sarah Mitchell
SO-14008,2024-02-22,2024-02-27,In-Store,WARE-MCD2201,Southeast,Virginia,Norfolk,Core National Solutions,Corporate,Clothing,Summer Dress,79.99,30.0,14,1086.26,420.0,666.26,3,Sarah Mitchell
SO-14009,2022-12-10,2022-12-13,In-Store,WARE-PJW3508,West,New Mexico,Las Cruces,Summit Central LLC,Enterprise,Clothing,Fleece Hoodie,74.99,30.0,35,2545.9,1050.0,1495.9,3,Robert Adams
SO-14010,2022-07-27,2022-08-02,Distributor,WARE-UHY1004,West,California,San Francisco,Metro Metro Corp,Corporate,Office Supplies,Filing Cabinet,199.99,95.0,22,4399.78,2090.0,2309.78,0,Michael Brown
SO-14011,2024-03-10,2024-03-13,Online,WARE-PJW3508,Southwest,Alaska,Sitka,National National LLC,Retail,Furniture,Standing Desk,699.99,350.0,15,9974.85,5250.0,4724.85,5,Michael Brown
SO-14012,2024-01-27,2024-02-03,Distributor,WARE-ATL5509,Southwest,Utah,Provo,Elite Atlantic Commerce,Small Business,Clothing,Chinos,74.99,30.0,18,1282.32,540.0,742.32,5,Emily Johnson
SO-14013,2022-12-19,2022-12-26,Wholesale,WARE-NBV1002,West,Arizona,Scottsdale,Central Advanced Solutions,Retail,Office Supplies,Label Printer,179.99,82.0,12,1835.88,984.0,851.88,15,David Park
SO-14014,2022-05-16,2022-05-19,Online,WARE-NBV1002,South,South Carolina,Charleston,Unity Metro Enterprises,Government,Electronics,Tablet Pro,899.99,450.0,6,4751.94,2700.0,2051.94,12,Robert Adams
SO-14015,2023-11-21,2023-11-28,In-Store,WARE-UHY1004,Northeast,Rhode Island,Warwick,Atlantic Premier LLC,Enterprise,Clothing,Rain Jacket,99.99,42.0,8,759.92,336.0,423.92,5,James Carter
SO-14016,2022-11-08,2022-11-22,Wholesale,WARE-ATL5509,Southwest,Arizona,Chandler,Apex Horizon Trading,Retail,Electronics,External SSD,129.99,55.0,20,2469.8,1100.0,1369.8,5,Robert Adams
SO-14017,2022-04-15,2022-04-18,Distributor,WARE-MCD2201,Midwest,Minnesota,Duluth,Metro National Co,Enterprise,Clothing,Summer Dress,79.99,30.0,16,1279.84,480.0,799.84,0,Sarah Mitchell
SO-14018,2023-09-26,2023-09-30,Distributor,WARE-UHY1004,Southwest,Hawaii,Kailua,Metro Summit Corp,Small Business,Clothing,Turtleneck,59.99,24.0,6,359.94,144.0,215.94,0,Emily Johnson
SO-14019,2022-08-22,2022-08-28,Wholesale,WARE-UHY1004,West,Washington,Bellevue,Apex Pacific Distributors,Corporate,Clothing,Winter Coat,149.99,65.0,8,1163.92,520.0,643.92,3,Sarah Mitchell
SO-14020,2024-02-10,2024-02-17,Online,WARE-MCD2201,Northeast,Rhode Island,Cranston,Bright Elite Supply,Retail,Office Supplies,Tape Dispenser,24.99,9.0,1,21.24,9.0,12.24,15,David Park
SO-14021,2024-01-02,2024-01-08,Online,WARE-NBV1002,Southwest,Colorado,Colorado Springs,Horizon National LLC,Corporate,Electronics,Smartband,199.99,88.0,4,799.96,352.0,447.96,0,Rachel Scott
SO-14022,2022-02-19,2022-02-23,Wholesale,WARE-MCD2201,Northeast,New York,Albany,Sterling Bright Solutions,Government,Clothing,Formal Jacket,129.99,55.0,11,1429.89,605.0,824.89,0,David Park
SO-14023,2023-07-16,2023-07-21,In-Store,WARE-ATL5509,Southwest,Wyoming,Cheyenne,Premier Summit Enterprises,Small Business,Electronics,Smart Watch,399.99,180.0,21,7559.79,3780.0,3779.79,10,Rachel Scott
SO-14024,2022-11-11,2022-11-16,Wholesale,WARE-PJW3508,Northeast,Connecticut,Bridgeport,Global Horizon Trading,Retail,Office Supplies,Projector,699.99,340.0,20,12319.8,6800.0,5519.8,12,Amanda Torres
SO-14025,2022-12-27,2023-01-01,Online,WARE-UHY1004,West,Nevada,Reno,Advanced Central Group,Enterprise,Office Supplies,Label Maker,59.99,24.0,13,779.87,312.0,467.87,0,Lisa Chen
SO-14026,2023-08-19,2023-08-29,Wholesale,WARE-ATL5509,Southwest,Utah,Provo,Metro Unity Co,Corporate,Clothing,Rain Jacket,99.99,42.0,4,367.96,168.0,199.96,8,Kevin Williams
SO-14027,2024-01-01,2024-01-07,Distributor,WARE-ATL5509,South,Georgia,Savannah,Sterling Advanced Enterprises,Enterprise,Office Supplies,Ink Tank Printer,399.99,195.0,9,3059.91,1755.0,1304.91,15,Kevin Williams
SO-14028,2022-12-03,2022-12-09,In-Store,WARE-ATL5509,Midwest,Missouri,Independence,Atlantic Apex Enterprises,Government,Furniture,Mesh Chair,319.99,155.0,8,2559.92,1240.0,1319.92,0,Sarah Mitchell
SO-14029,2022-03-07,2022-03-11,In-Store,WARE-MCD2201,Midwest,Michigan,Sterling Heights,Pacific Advanced Group,Retail,Electronics,Video Doorbell,179.99,80.0,8,1223.92,640.0,583.92,15,Michael Brown
SO-14030,2024-01-21,2024-01-25,Online,WARE-UHY1004,Southwest,Alaska,Anchorage,Summit Pioneer Supply,Retail,Office Supplies,Filing Cabinet,199.99,95.0,12,2279.88,1140.0,1139.88,5,Robert Adams
SO-14031,2023-11-15,2023-11-18,In-Store,WARE-ATL5509,Northeast,Vermont,Barre,Digital Swift Inc,Government,Clothing,Board Shorts,54.99,21.0,16,747.84,336.0,411.84,15,Emily Johnson
SO-14032,2022-02-22,2022-02-26,Online,WARE-ATL5509,Midwest,Missouri,Independence,Bright Atlantic Distributors,Small Business,Clothing,Chinos,74.99,30.0,16,1163.84,480.0,683.84,3,Kevin Williams
SO-14033,2024-01-09,2024-01-16,Distributor,WARE-ATL5509,South,Oklahoma,Lawton,Global Digital Group,Enterprise,Electronics,Conference Camera,449.99,210.0,7,2992.43,1470.0,1522.43,5,Lisa Chen
SO-14034,2022-05-02,2022-05-05,Wholesale,WARE-ATL5509,Northeast,Rhode Island,Providence,Advanced Central Corp,Enterprise,Clothing,Linen Shirt,54.99,21.0,12,659.88,252.0,407.88,0,David Park
SO-14035,2023-12-25,2024-01-04,Online,WARE-PJW3508,Southwest,Alaska,Fairbanks,Premier Sterling Group,Enterprise,Electronics,Video Doorbell,179.99,80.0,28,4535.72,2240.0,2295.72,10,Lisa Chen
SO-14036,2023-09-09,2023-09-13,Wholesale,WARE-UHY1004,West,Nevada,Las Vegas,Pacific Sterling Co,Small Business,Furniture,TV Stand,249.99,118.0,15,3749.85,1770.0,1979.85,0,Kevin Williams
SO-14037,2024-03-29,2024-04-01,Distributor,WARE-ATL5509,Midwest,Indiana,Evansville,Summit Pacific Distributors,Corporate,Furniture,Office Chair,299.99,145.0,1,299.99,145.0,154.99,0,Emily Johnson
SO-14038,2022-09-08,2022-09-13,In-Store,WARE-UHY1004,Northeast,Connecticut,Hartford,Core National Inc,Small Business,Furniture,Bar Cart,299.99,140.0,2,527.98,280.0,247.98,12,James Carter
SO-14039,2023-02-22,2023-02-24,In-Store,WARE-ATL5509,South,Louisiana,New Orleans,Unity Elite Supply,Small Business,Clothing,Holiday Sweater,69.99,28.0,15,965.85,420.0,545.85,8,David Park
SO-14040,2023-12-02,2023-12-08,Distributor,WARE-PJW3508,Southwest,Alaska,Sitka,Horizon Horizon Group,Government,Furniture,Conference Table,999.99,520.0,4,3399.96,2080.0,1319.96,15,David Park
SO-14041,2022-01-19,2022-01-22,Online,WARE-NBV1002,South,Alabama,Tuscaloosa,Apex Pioneer Group,Small Business,Furniture,TV Stand,249.99,118.0,4,969.96,472.0,497.96,3,Lisa Chen
SO-14042,2022-09-22,2022-09-27,Wholesale,WARE-PJW3508,South,Louisiana,Baton Rouge,Digital Metro Trading,Retail,Clothing,Suit Set,299.99,135.0,13,3782.87,1755.0,2027.87,3,Michael Brown
SO-14043,2023-06-12,2023-06-16,Wholesale,WARE-UHY1004,Midwest,Illinois,Springfield,Core Advanced Solutions,Corporate,Electronics,Desktop Computer,1499.99,890.0,7,10499.93,6230.0,4269.93,0,Lisa Chen
SO-14044,2023-02-11,2023-02-18,Wholesale,WARE-ATL5509,Midwest,Indiana,Fort Wayne,Pioneer Global Corp,Enterprise,Office Supplies,Label Printer,179.99,82.0,18,3077.82,1476.0,1601.82,5,Lisa Chen
SO-14045,2023-02-06,2023-02-11,In-Store,WARE-ATL5509,Northeast,Rhode Island,East Providence,Swift Unity Co,Small Business,Office Supplies,Letter Opener,14.99,5.0,2,29.98,10.0,19.98,0,Kevin Williams
SO-14046,2022-02-01,2022-02-07,Distributor,WARE-PJW3508,Southwest,Alaska,Sitka,Premier Unity Solutions,Small Business,Electronics,iPhone 15 Pro,1199.99,780.0,13,14819.87,10140.0,4679.87,5,James Carter
SO-14047,2022-09-18,2022-09-23,In-Store,WARE-MCD2201,Midwest,Michigan,Grand Rapids,Digital Global Enterprises,Enterprise,Clothing,Summer Dress,79.99,30.0,4,310.36,120.0,190.36,3,Robert Adams
SO-14048,2023-10-28,2023-11-04,In-Store,WARE-ATL5509,Northeast,New York,Albany,Digital Bright Distributors,Retail,Electronics,Bluetooth Speaker,149.99,58.0,10,1499.9,580.0,919.9,0,Amanda Torres
SO-14049,2023-01-14,2023-01-24,In-Store,WARE-PJW3508,Southwest,Arizona,Phoenix,Global Apex Co,Government,Furniture,Partition Wall,349.99,168.0,4,1189.96,672.0,517.96,15,Amanda Torres
SO-14050,2024-02-26,2024-03-02,Wholesale,WARE-MCD2201,Southeast,Maryland,Baltimore,Advanced Global Retail,Government,Furniture,Corner Desk,699.99,345.0,10,6999.9,3450.0,3549.9,0,Lisa Chen
SO-14051,2023-08-29,2023-09-08,Online,WARE-MCD2201,Northeast,Rhode Island,Pawtucket,Digital Bright Inc,Government,Office Supplies,Document Scanner,299.99,145.0,5,1454.95,725.0,729.95,3,Kevin Williams
SO-14052,2023-12-08,2023-12-12,Online,WARE-PJW3508,Midwest,Illinois,Rockford,Bright Sterling Enterprises,Corporate,Clothing,Velvet Blazer,179.99,80.0,18,2753.82,1440.0,1313.82,15,Lisa Chen
SO-14053,2023-04-24,2023-04-29,Distributor,WARE-UHY1004,Southwest,Nevada,Sparks,Advanced Atlantic Trading,Retail,Furniture,Glass Desk,799.99,400.0,13,9359.87,5200.0,4159.87,10,Michael Brown
SO-14054,2022-07-30,2022-08-02,Online,WARE-NBV1002,West,Utah,West Jordan,National Coastal LLC,Retail,Furniture,Storage Cabinet,449.99,215.0,16,6839.84,3440.0,3399.84,5,Kevin Williams
SO-14055,2022-03-14,2022-03-17,In-Store,WARE-PJW3508,Midwest,Nebraska,Bellevue,Horizon Sterling Enterprises,Retail,Office Supplies,Heavy Duty Punch,79.99,34.0,16,1126.24,544.0,582.24,12,Emily Johnson
SO-14056,2022-01-11,2022-01-18,In-Store,WARE-NBV1002,Midwest,Minnesota,Saint Paul,Premier Swift Commerce,Enterprise,Furniture,Executive Desk,1199.99,620.0,4,4799.96,2480.0,2319.96,0,Rachel Scott
SO-14057,2022-03-28,2022-04-03,Wholesale,WARE-PJW3508,Southwest,Arizona,Mesa,Pacific Digital Co,Government,Electronics,MacBook Pro 16,2499.99,1650.0,3,7499.97,4950.0,2549.97,0,Sarah Mitchell
SO-14058,2023-08-26,2023-09-02,Online,WARE-UHY1004,Midwest,Iowa,Iowa City,Unity Metro Corp,Enterprise,Clothing,Summer Dress,79.99,30.0,10,775.9,300.0,475.9,3,Lisa Chen
SO-14059,2022-01-09,2022-01-19,Wholesale,WARE-ATL5509,Southwest,Nevada,Reno,Metro Bright Corp,Enterprise,Clothing,Suit Set,299.99,135.0,17,4589.83,2295.0,2294.83,10,Amanda Torres
SO-14060,2022-12-04,2022-12-08,Wholesale,WARE-ATL5509,Midwest,Minnesota,Duluth,Digital Metro Corp,Corporate,Furniture,Work Bench,549.99,270.0,20,10449.8,5400.0,5049.8,5,Lisa Chen
SO-14061,2023-09-14,2023-09-24,Wholesale,WARE-UHY1004,Southwest,Colorado,Fort Collins,Horizon Premier Distributors,Small Business,Clothing,Holiday Sweater,69.99,28.0,5,349.95,140.0,209.95,0,Emily Johnson
SO-14062,2023-06-05,2023-06-15,Distributor,WARE-PJW3508,Southwest,Arizona,Scottsdale,Elite Sterling Supply,Small Business,Clothing,Business Casual Shirt,59.99,22.0,15,872.85,330.0,542.85,3,Rachel Scott
SO-14063,2023-11-01,2023-11-07,Online,WARE-UHY1004,West,Nevada,Las Vegas,Pioneer Coastal Supply,Government,Office Supplies,Label Maker,59.99,24.0,4,211.16,96.0,115.16,12,Michael Brown
SO-14064,2022-07-24,2022-07-30,Distributor,WARE-NBV1002,Midwest,Illinois,Springfield,Swift Advanced Distributors,Enterprise,Clothing,Linen Shirt,54.99,21.0,15,758.85,315.0,443.85,8,Amanda Torres
SO-14065,2022-12-01,2022-12-05,Online,WARE-MCD2201,Southeast,North Carolina,Greensboro,Core Premier Trading,Corporate,Furniture,Lateral File Cabinet,399.99,192.0,8,2879.92,1536.0,1343.92,10,Kevin Williams
SO-14066,2023-12-01,2023-12-03,Online,WARE-MCD2201,South,Tennessee,Clarksville,Core Horizon Commerce,Retail,Office Supplies,Ergonomic Chair,349.99,175.0,4,1399.96,700.0,699.96,0,Kevin Williams
SO-14067,2022-11-18,2022-11-20,Online,WARE-UHY1004,South,Louisiana,Lafayette,Summit Premier Corp,Government,Furniture,Accent Table,199.99,92.0,15,2999.85,1380.0,1619.85,0,Kevin Williams
SO-14068,2024-03-24,2024-03-31,In-Store,WARE-MCD2201,Northeast,Vermont,Montpelier,Premier Summit Group,Small Business,Electronics,Tablet Pro,899.99,450.0,11,9602.89,4950.0,4652.89,3,Emily Johnson
SO-14069,2024-02-27,2024-03-05,Online,WARE-PJW3508,Midwest,Wisconsin,Madison,Elite Swift Commerce,Government,Furniture,Executive Desk,1199.99,620.0,13,13727.87,8060.0,5667.87,12,Rachel Scott
SO-14070,2022-06-18,2022-06-24,Distributor,WARE-MCD2201,Southwest,Colorado,Lakewood,Summit Premier Commerce,Retail,Office Supplies,Ergonomic Mouse,59.99,24.0,8,465.52,192.0,273.52,3,Sarah Mitchell
SO-14071,2022-02-16,2022-02-22,Online,WARE-UHY1004,Southeast,Delaware,Smyrna,Coastal Elite Corp,Small Business,Clothing,Polo Shirt,44.99,18.0,17,673.03,306.0,367.03,12,Amanda Torres
SO-14072,2022-12-20,2022-12-27,Wholesale,WARE-NBV1002,Southwest,Wyoming,Casper,Digital Summit Corp,Corporate,Electronics,GPU Card,999.99,620.0,25,23749.75,15500.0,8249.75,5,Michael Brown
SO-14073,2024-03-01,2024-03-05,Wholesale,WARE-UHY1004,Southeast,Delaware,Smyrna,Pioneer Core Retail,Corporate,Clothing,Rain Jacket,99.99,42.0,9,899.91,378.0,521.91,0,Emily Johnson
SO-14074,2022-02-23,2022-02-27,Online,WARE-NBV1002,West,Arizona,Scottsdale,Advanced National Corp,Retail,Furniture,Accent Table,199.99,92.0,17,3059.83,1564.0,1495.83,10,James Carter
SO-14075,2022-09-07,2022-09-13,Distributor,WARE-ATL5509,Southwest,Utah,Salt Lake City,Horizon Apex Commerce,Government,Clothing,Athleisure Set,119.99,50.0,14,1545.46,700.0,845.46,8,Amanda Torres
SO-14076,2022-08-20,2022-08-24,Online,WARE-UHY1004,West,Washington,Tacoma,Unity Elite Enterprises,Small Business,Clothing,Sports Jacket,109.99,46.0,9,960.21,414.0,546.21,3,Kevin Williams
SO-14077,2023-09-01,2023-09-07,In-Store,WARE-MCD2201,Southwest,Colorado,Denver,Coastal Atlantic Distributors,Government,Furniture,Storage Cabinet,449.99,215.0,10,4049.9,2150.0,1899.9,10,Sarah Mitchell
SO-14078,2022-10-14,2022-10-16,In-Store,WARE-PJW3508,South,Texas,Corpus Christi,Core Apex Corp,Small Business,Clothing,Casual Pants,69.99,28.0,18,1070.82,504.0,566.82,15,Amanda Torres
SO-14079,2022-09-09,2022-09-13,Online,WARE-MCD2201,Midwest,Missouri,Kansas City,Horizon Global LLC,Enterprise,Clothing,Sun Hat,34.99,13.0,15,524.85,195.0,329.85,0,Lisa Chen
SO-14080,2023-05-07,2023-05-12,Distributor,WARE-PJW3508,Midwest,Missouri,Columbia,Central Digital Supply,Enterprise,Clothing,Winter Coat,149.99,65.0,8,1199.92,520.0,679.92,0,Rachel Scott
SO-14081,2023-05-18,2023-05-24,Online,WARE-UHY1004,Southeast,Kentucky,Covington,Horizon Unity Supply,Corporate,Electronics,Digital Whiteboard,1999.99,1100.0,4,7199.96,4400.0,2799.96,10,Robert Adams
SO-14082,2023-11-24,2023-12-08,Distributor,WARE-NBV1002,Midwest,Nebraska,Lincoln,Swift Elite Group,Government,Office Supplies,Ergonomic Mouse,59.99,24.0,3,179.97,72.0,107.97,0,Amanda Torres
SO-14083,2023-09-24,2023-09-27,Distributor,WARE-PJW3508,Northeast,Rhode Island,Warwick,Unity Global Group,Small Business,Electronics,Smart Watch,399.99,180.0,7,2715.93,1260.0,1455.93,3,Sarah Mitchell
SO-14084,2023-12-30,2024-01-05,Online,WARE-ATL5509,South,Arkansas,Fort Smith,Advanced Swift Commerce,Government,Electronics,Wireless Headphones,249.99,99.0,26,6499.74,2574.0,3925.74,0,Amanda Torres
SO-14085,2022-05-22,2022-05-28,In-Store,WARE-ATL5509,Southwest,Wyoming,Rock Springs,Horizon Unity Inc,Small Business,Clothing,Sports Jacket,109.99,46.0,6,659.94,276.0,383.94,0,Rachel Scott
SO-14086,2022-02-09,2022-02-13,Wholesale,WARE-UHY1004,Southeast,West Virginia,Huntington,Central Digital Commerce,Corporate,Electronics,Smartband,199.99,88.0,14,2659.86,1232.0,1427.86,5,Emily Johnson
SO-14087,2024-02-12,2024-02-17,Wholesale,WARE-ATL5509,Southeast,North Carolina,Durham,Metro Digital Retail,Government,Electronics,NAS Storage,899.99,450.0,9,7289.91,4050.0,3239.91,10,David Park
SO-14088,2023-07-13,2023-07-16,In-Store,WARE-MCD2201,Midwest,Wisconsin,Green Bay,Pioneer Advanced Retail,Small Business,Electronics,iPhone 15,999.99,620.0,13,12999.87,8060.0,4939.87,0,Lisa Chen
SO-14089,2022-04-15,2022-04-21,Distributor,WARE-UHY1004,Midwest,Iowa,Cedar Rapids,Horizon Summit Solutions,Small Business,Electronics,Webcam HD,99.99,42.0,17,1495.83,714.0,781.83,12,James Carter
SO-14090,2023-05-12,2023-05-16,In-Store,WARE-UHY1004,South,Georgia,Athens,Premier Horizon Supply,Corporate,Clothing,Chinos,74.99,30.0,12,854.88,360.0,494.88,5,Sarah Mitchell
SO-14091,2024-01-16,2024-01-21,Wholesale,WARE-MCD2201,Southwest,Colorado,Colorado Springs,Swift Premier Trading,Enterprise,Furniture,Executive Desk,1199.99,620.0,13,15131.87,8060.0,7071.87,3,Rachel Scott
SO-14092,2022-04-23,2022-04-29,Distributor,WARE-MCD2201,West,Oregon,Gresham,Global Apex Group,Enterprise,Clothing,Golf Polo,64.99,26.0,17,1016.43,442.0,574.43,8,Amanda Torres
SO-14093,2022-08-26,2022-09-01,Wholesale,WARE-NBV1002,Midwest,Illinois,Naperville,Central Core Commerce,Retail,Clothing,Linen Pants,64.99,26.0,10,571.9,260.0,311.9,12,Michael Brown
SO-14094,2022-04-06,2022-04-11,In-Store,WARE-ATL5509,West,Oregon,Hillsboro,Coastal Global Solutions,Corporate,Office Supplies,Label Maker,59.99,24.0,16,931.04,384.0,547.04,3,Kevin Williams
SO-14095,2023-05-09,2023-05-14,Wholesale,WARE-UHY1004,Northeast,Massachusetts,Boston,Unity Premier Supply,Retail,Electronics,MacBook Air,1499.99,950.0,16,23999.84,15200.0,8799.84,0,Michael Brown
SO-14096,2022-07-07,2022-07-11,In-Store,WARE-ATL5509,Northeast,New Hampshire,Derry,Pacific Core Group,Small Business,Electronics,Tablet Pro,899.99,450.0,7,5543.93,3150.0,2393.93,12,Robert Adams
SO-14097,2023-11-07,2023-11-13,Wholesale,WARE-ATL5509,West,Arizona,Mesa,Sterling Horizon Corp,Retail,Furniture,Ergonomic Chair Pro,449.99,218.0,25,10687.25,5450.0,5237.25,5,Rachel Scott
SO-14098,2024-01-17,2024-01-27,Wholesale,WARE-MCD2201,South,Louisiana,Shreveport,Digital Sterling Inc,Government,Clothing,Swimwear,49.99,19.0,15,749.85,285.0,464.85,0,David Park
SO-14099,2022-01-06,2022-01-09,In-Store,WARE-UHY1004,West,Montana,Helena,Central Core Commerce,Retail,Furniture,Glass Desk,799.99,400.0,13,9359.87,5200.0,4159.87,10,David Park
SO-14100,2023-09-12,2023-09-22,Online,WARE-ATL5509,Northeast,New Hampshire,Nashua,Horizon Unity Enterprises,Corporate,Furniture,Adjustable Monitor Stand,129.99,58.0,7,800.73,406.0,394.73,12,Robert Adams
SO-14101,2023-02-20,2023-02-24,Wholesale,WARE-NBV1002,Southeast,North Carolina,Raleigh,Atlantic Apex Trading,Corporate,Electronics,AirPods Pro,249.99,135.0,7,1539.93,945.0,594.93,12,Robert Adams
SO-14102,2022-04-15,2022-04-19,Distributor,WARE-UHY1004,West,Oregon,Salem,Summit Unity Co,Retail,Furniture,Adjustable Monitor Stand,129.99,58.0,7,837.13,406.0,431.13,8,Robert Adams
SO-14103,2024-01-12,2024-01-19,Distributor,WARE-UHY1004,Southeast,Virginia,Newport News,Summit Metro Inc,Small Business,Furniture,Standing Desk,699.99,350.0,4,2659.96,1400.0,1259.96,5,James Carter
SO-14104,2024-02-20,2024-02-24,Wholesale,WARE-MCD2201,Southeast,North Carolina,Winston-Salem,Core Coastal Retail,Retail,Office Supplies,Card Reader,39.99,15.0,4,143.96,60.0,83.96,10,Kevin Williams
SO-14105,2022-06-23,2022-06-29,Wholesale,WARE-PJW3508,South,Texas,Austin,Core Core Group,Corporate,Electronics,Ring Light,89.99,36.0,21,1889.79,756.0,1133.79,0,Emily Johnson
SO-14106,2022-04-26,2022-05-02,Online,WARE-ATL5509,West,Utah,Orem,Core Coastal Enterprises,Enterprise,Furniture,Partition Wall,349.99,168.0,10,3499.9,1680.0,1819.9,0,Lisa Chen
SO-14107,2024-02-07,2024-02-12,Distributor,WARE-NBV1002,Northeast,Connecticut,Hartford,Pioneer Pacific Distributors,Enterprise,Furniture,Bar Cart,299.99,140.0,14,3695.86,1960.0,1735.86,12,David Park
SO-14108,2022-09-16,2022-09-26,In-Store,WARE-ATL5509,Southeast,Maryland,Rockville,Metro Digital Solutions,Retail,Office Supplies,Wireless Keyboard,89.99,38.0,2,179.98,76.0,103.98,0,Rachel Scott
SO-14109,2023-04-29,2023-05-01,Online,WARE-UHY1004,Southeast,West Virginia,Huntington,Pioneer Core Group,Small Business,Office Supplies,Binding Machine,149.99,68.0,11,1649.89,748.0,901.89,0,Amanda Torres
SO-14110,2024-03-08,2024-03-18,Distributor,WARE-ATL5509,South,Alabama,Montgomery,National Global Enterprises,Small Business,Furniture,Hallway Table,279.99,132.0,12,3359.88,1584.0,1775.88,0,Lisa Chen
SO-14111,2022-09-01,2022-09-06,Online,WARE-MCD2201,Midwest,Missouri,Columbia,Unity Elite Distributors,Enterprise,Clothing,Casual Pants,69.99,28.0,13,818.87,364.0,454.87,10,Sarah Mitchell
SO-14112,2023-03-13,2023-03-18,Online,WARE-MCD2201,West,Colorado,Lakewood,Core Sterling Inc,Small Business,Electronics,Smart Speaker,199.99,90.0,6,1079.94,540.0,539.94,10,Amanda Torres
SO-14113,2023-02-04,2023-02-09,Distributor,WARE-PJW3508,Southwest,Nevada,Henderson,Coastal Pacific Co,Enterprise,Electronics,Ring Light,89.99,36.0,9,785.61,324.0,461.61,3,James Carter
SO-14114,2023-01-06,2023-01-10,Distributor,WARE-NBV1002,Southwest,Nevada,Sparks,Unity Advanced Commerce,Enterprise,Electronics,Portable Charger,79.99,34.0,13,987.87,442.0,545.87,5,Rachel Scott
SO-14115,2024-01-01,2024-01-03,Distributor,WARE-NBV1002,South,Georgia,Macon,Summit Bright Group,Corporate,Office Supplies,Binding Machine,149.99,68.0,13,1949.87,884.0,1065.87,0,Amanda Torres
SO-14116,2023-09-29,2023-10-09,Wholesale,WARE-NBV1002,Midwest,Kansas,Olathe,Apex Swift Co,Retail,Office Supplies,Stapler Heavy Duty,29.99,11.0,8,239.92,88.0,151.92,0,James Carter
SO-14117,2023-12-16,2023-12-21,In-Store,WARE-MCD2201,Southwest,Colorado,Colorado Springs,Elite Pacific Enterprises,Corporate,Furniture,Hallway Table,279.99,132.0,9,2141.91,1188.0,953.91,15,James Carter
SO-14118,2022-07-25,2022-07-28,Online,WARE-UHY1004,Southeast,District of Columbia,Washington,Digital Bright Trading,Retail,Furniture,Bookshelf,249.99,110.0,22,5224.78,2420.0,2804.78,5,Lisa Chen
SO-14119,2022-12-10,2022-12-17,Wholesale,WARE-ATL5509,Northeast,New Hampshire,Dover,Horizon Bright Distributors,Government,Clothing,Turtleneck,59.99,24.0,35,2036.65,840.0,1196.65,3,Sarah Mitchell
SO-14120,2023-02-19,2023-02-22,Wholesale,WARE-PJW3508,West,Utah,Orem,Swift Unity Commerce,Enterprise,Electronics,Portable Charger,79.99,34.0,11,747.89,374.0,373.89,15,Amanda Torres
SO-14121,2023-04-09,2023-04-15,Wholesale,WARE-MCD2201,South,Georgia,Atlanta,Pioneer Digital Co,Corporate,Clothing,Board Shorts,54.99,21.0,17,888.08,357.0,531.08,5,David Park
SO-14122,2024-01-09,2024-01-15,Distributor,WARE-UHY1004,Northeast,New Hampshire,Concord,Swift Apex Trading,Small Business,Furniture,Laptop Cart,299.99,145.0,17,4844.83,2465.0,2379.83,5,Amanda Torres
SO-14123,2024-01-14,2024-01-19,Online,WARE-PJW3508,Southwest,Wyoming,Laramie,Horizon Digital Inc,Retail,Electronics,Surface Laptop,1399.99,870.0,11,15399.89,9570.0,5829.89,0,Robert Adams
SO-14124,2022-02-28,2022-03-03,Distributor,WARE-PJW3508,West,Utah,Orem,Summit Global Inc,Retail,Electronics,Wireless Router,199.99,85.0,12,2039.88,1020.0,1019.88,15,Emily Johnson
SO-14125,2023-02-14,2023-02-20,Wholesale,WARE-PJW3508,Northeast,Vermont,Rutland,Elite Premier Group,Enterprise,Clothing,Formal Jacket,129.99,55.0,13,1436.37,715.0,721.37,15,Kevin Williams
SO-14126,2022-08-19,2022-08-25,In-Store,WARE-PJW3508,South,Oklahoma,Lawton,Bright National Retail,Enterprise,Office Supplies,Letter Opener,14.99,5.0,9,128.16,45.0,83.16,5,Kevin Williams
SO-14127,2022-01-09,2022-01-14,Wholesale,WARE-NBV1002,Midwest,Nebraska,Lincoln,Elite Advanced Enterprises,Corporate,Office Supplies,Letter Opener,14.99,5.0,13,185.12,65.0,120.12,5,Rachel Scott
SO-14128,2022-02-10,2022-02-14,Online,WARE-MCD2201,Northeast,New York,Buffalo,Central Coastal Trading,Government,Electronics,Laptop Pro 15,1299.99,780.0,1,1299.99,780.0,519.99,0,James Carter
SO-14129,2023-12-12,2023-12-17,Distributor,WARE-NBV1002,Southeast,District of Columbia,Washington,Horizon Horizon Trading,Small Business,Furniture,Mesh Chair,319.99,155.0,7,2239.93,1085.0,1154.93,0,Rachel Scott
SO-14130,2022-06-07,2022-06-14,Distributor,WARE-UHY1004,Midwest,Michigan,Warren,Atlantic Apex Group,Retail,Electronics,iPad Pro,1099.99,680.0,6,5609.94,4080.0,1529.94,15,Lisa Chen
SO-14131,2023-04-21,2023-04-27,In-Store,WARE-ATL5509,Southeast,Virginia,Richmond,Coastal Premier Co,Small Business,Electronics,External SSD,129.99,55.0,13,1689.87,715.0,974.87,0,Emily Johnson
SO-14132,2023-11-30,2023-12-03,Online,WARE-ATL5509,Southeast,North Carolina,Charlotte,Sterling Sterling Trading,Small Business,Electronics,Video Doorbell,179.99,80.0,5,809.95,400.0,409.95,10,Michael Brown
SO-14133,2024-02-01,2024-02-03,In-Store,WARE-UHY1004,Southeast,West Virginia,Morgantown,Elite Atlantic Corp,Corporate,Electronics,Ring Light,89.99,36.0,11,871.09,396.0,475.09,12,Lisa Chen
SO-14134,2022-06-27,2022-07-04,In-Store,WARE-MCD2201,Southwest,Utah,Provo,Pacific Global Retail,Enterprise,Clothing,Velvet Blazer,179.99,80.0,5,854.95,400.0,454.95,5,Sarah Mitchell
SO-14135,2024-01-21,2024-01-27,In-Store,WARE-ATL5509,Midwest,Ohio,Toledo,Bright Swift Corp,Retail,Furniture,Laptop Cart,299.99,145.0,14,3695.86,2030.0,1665.86,12,Emily Johnson
SO-14136,2022-06-13,2022-06-17,Distributor,WARE-PJW3508,Southwest,Nevada,North Las Vegas,Central Elite Solutions,Corporate,Clothing,Formal Jacket,129.99,55.0,18,1988.82,990.0,998.82,15,Sarah Mitchell
SO-14137,2023-08-30,2023-09-03,Distributor,WARE-UHY1004,South,Florida,Orlando,Elite Pioneer Distributors,Corporate,Furniture,Hallway Table,279.99,132.0,20,5319.8,2640.0,2679.8,5,Sarah Mitchell
SO-14138,2024-01-18,2024-01-21,Online,WARE-PJW3508,Southeast,West Virginia,Morgantown,Sterling Advanced Solutions,Enterprise,Furniture,TV Stand,249.99,118.0,16,3399.84,1888.0,1511.84,15,Robert Adams
SO-14139,2024-02-19,2024-02-24,In-Store,WARE-MCD2201,Northeast,New York,Buffalo,Global Digital LLC,Corporate,Electronics,Smartband,199.99,88.0,7,1259.93,616.0,643.93,10,Michael Brown
SO-14140,2022-02-04,2022-02-09,In-Store,WARE-NBV1002,South,Florida,Tampa,Core Horizon Solutions,Corporate,Electronics,Laptop Pro 15,1299.99,780.0,10,11699.9,7800.0,3899.9,10,James Carter
SO-14141,2022-11-03,2022-11-07,In-Store,WARE-UHY1004,Southeast,Maryland,Bowie,Central Unity Trading,Small Business,Clothing,Fleece Hoodie,74.99,30.0,14,997.36,420.0,577.36,5,Rachel Scott
SO-14142,2023-04-17,2023-04-19,In-Store,WARE-ATL5509,Northeast,Rhode Island,Warwick,Horizon Elite Distributors,Small Business,Furniture,Corner Desk,699.99,345.0,3,1931.97,1035.0,896.97,8,David Park
SO-14143,2023-01-25,2023-01-31,In-Store,WARE-ATL5509,Southeast,Kentucky,Louisville,Summit National Solutions,Government,Clothing,Business Casual Shirt,59.99,22.0,9,485.91,198.0,287.91,10,Lisa Chen
SO-14144,2022-11-08,2022-11-13,Online,WARE-MCD2201,Northeast,Maine,Bangor,Sterling Unity Group,Retail,Office Supplies,Printer Cartridges,89.99,32.0,32,2879.68,1024.0,1855.68,0,Robert Adams
SO-14145,2022-08-07,2022-08-11,In-Store,WARE-MCD2201,West,Colorado,Colorado Springs,Elite Swift Group,Small Business,Furniture,Office Chair,299.99,145.0,19,5414.81,2755.0,2659.81,5,Robert Adams
SO-14146,2023-06-27,2023-07-02,Distributor,WARE-MCD2201,Midwest,Illinois,Joliet,National Global LLC,Enterprise,Office Supplies,Heavy Duty Punch,79.99,34.0,8,639.92,272.0,367.92,0,David Park
SO-14147,2022-02-27,2022-03-05,In-Store,WARE-NBV1002,West,Nevada,Las Vegas,Swift Pioneer Supply,Small Business,Office Supplies,Card Reader,39.99,15.0,11,439.89,165.0,274.89,0,Rachel Scott
SO-14148,2022-01-21,2022-01-27,Online,WARE-ATL5509,West,Washington,Seattle,Elite Metro Solutions,Government,Electronics,Portable Projector,499.99,245.0,9,4364.91,2205.0,2159.91,3,James Carter
SO-14149,2023-11-11,2023-11-17,Distributor,WARE-ATL5509,Southeast,Delaware,Dover,Unity Horizon Trading,Retail,Furniture,Conference Table,999.99,520.0,29,28999.71,15080.0,13919.71,0,Lisa Chen
SO-14150,2022-12-26,2023-01-02,Wholesale,WARE-PJW3508,Midwest,Kansas,Kansas City,Coastal Unity Solutions,Enterprise,Office Supplies,Projector,699.99,340.0,14,8819.86,4760.0,4059.86,10,David Park
SO-14151,2023-05-21,2023-05-23,In-Store,WARE-MCD2201,Midwest,Wisconsin,Madison,Elite Summit Solutions,Retail,Office Supplies,Desk Organizer,29.99,11.0,11,280.39,121.0,159.39,15,Michael Brown
SO-14152,2022-04-03,2022-04-08,Online,WARE-PJW3508,Southeast,Maryland,Frederick,Apex Premier Group,Government,Office Supplies,Projector,699.99,340.0,14,8329.86,4760.0,3569.86,15,Kevin Williams
SO-14153,2022-01-23,2022-01-29,In-Store,WARE-NBV1002,West,Washington,Tacoma,Horizon Digital Distributors,Small Business,Office Supplies,Letter Opener,14.99,5.0,8,107.92,40.0,67.92,10,Michael Brown
SO-14154,2023-01-28,2023-02-02,Distributor,WARE-UHY1004,Northeast,New Jersey,Edison,Pacific Horizon Solutions,Small Business,Office Supplies,Card Reader,39.99,15.0,7,271.53,105.0,166.53,3,Amanda Torres
SO-14155,2023-03-19,2023-03-22,In-Store,WARE-MCD2201,South,Louisiana,Lafayette,Pioneer Swift Solutions,Retail,Clothing,Board Shorts,54.99,21.0,7,354.13,147.0,207.13,8,Lisa Chen
SO-14156,2023-11-24,2023-11-28,Distributor,WARE-ATL5509,Midwest,Missouri,Independence,National Horizon Commerce,Corporate,Electronics,Drone Camera,799.99,400.0,34,27199.66,13600.0,13599.66,0,Michael Brown
SO-14157,2023-06-29,2023-07-04,Online,WARE-PJW3508,Southwest,Colorado,Colorado Springs,Global Digital Solutions,Retail,Office Supplies,Stapler Heavy Duty,29.99,11.0,16,407.84,176.0,231.84,15,Sarah Mitchell
SO-14158,2022-02-14,2022-02-24,Wholesale,WARE-ATL5509,Northeast,Rhode Island,Warwick,Swift Atlantic Commerce,Retail,Furniture,Corner Desk,699.99,345.0,16,9519.84,5520.0,3999.84,15,Sarah Mitchell
SO-14159,2023-05-15,2023-05-21,Online,WARE-NBV1002,Northeast,Rhode Island,East Providence,Summit Bright Enterprises,Small Business,Electronics,Surface Laptop,1399.99,870.0,3,3779.97,2610.0,1169.97,10,David Park
SO-14160,2022-06-22,2022-06-29,Distributor,WARE-NBV1002,Southeast,Virginia,Virginia Beach,Metro Coastal Inc,Corporate,Furniture,Bookshelf,249.99,110.0,22,5499.78,2420.0,3079.78,0,David Park
SO-14161,2022-01-11,2022-01-15,In-Store,WARE-NBV1002,Southeast,Kentucky,Owensboro,Summit Coastal Commerce,Government,Clothing,Country Boots,119.99,52.0,11,1253.89,572.0,681.89,5,Michael Brown
SO-14162,2022-05-15,2022-05-19,In-Store,WARE-PJW3508,Southwest,Hawaii,Honolulu,Metro Horizon Group,Retail,Electronics,Portable Projector,499.99,245.0,8,3999.92,1960.0,2039.92,0,Lisa Chen
SO-14163,2022-09-03,2022-09-10,Online,WARE-PJW3508,Southeast,Kentucky,Lexington,Sterling Unity Distributors,Retail,Electronics,Bluetooth Speaker,149.99,58.0,2,290.98,116.0,174.98,3,Michael Brown
SO-14164,2024-01-25,2024-01-31,Online,WARE-ATL5509,South,Florida,Boca Raton,Coastal Elite LLC,Retail,Office Supplies,Paper Shredder,129.99,62.0,2,246.98,124.0,122.98,5,Amanda Torres
SO-14165,2022-08-03,2022-08-05,In-Store,WARE-NBV1002,Northeast,Massachusetts,Lowell,Sterling Sterling Solutions,Government,Clothing,Linen Pants,64.99,26.0,13,802.62,338.0,464.62,5,Sarah Mitchell
SO-14166,2023-03-30,2023-04-09,Distributor,WARE-NBV1002,South,Florida,Tampa,Bright Horizon Group,Small Business,Furniture,Mesh Chair,319.99,155.0,1,271.99,155.0,116.99,15,Lisa Chen
SO-14167,2022-01-07,2022-01-14,Wholesale,WARE-UHY1004,Southwest,New Mexico,Rio Rancho,Advanced Horizon LLC,Government,Furniture,Floor Lamp,159.99,72.0,15,2207.85,1080.0,1127.85,8,Michael Brown
SO-14168,2022-04-01,2022-04-08,Online,WARE-MCD2201,South,Mississippi,Meridian,Core Sterling Commerce,Small Business,Electronics,Smart Watch,399.99,180.0,10,3879.9,1800.0,2079.9,3,James Carter
SO-14169,2023-06-15,2023-06-19,In-Store,WARE-MCD2201,West,Idaho,Meridian,Metro Premier Corp,Retail,Furniture,Hallway Table,279.99,132.0,10,2659.9,1320.0,1339.9,5,David Park
SO-14170,2022-02-25,2022-03-03,Wholesale,WARE-ATL5509,Southwest,New Mexico,Las Cruces,Summit Pioneer Corp,Small Business,Electronics,Wi-Fi Mesh System,399.99,190.0,14,5039.86,2660.0,2379.86,10,Michael Brown
SO-14171,2023-08-26,2023-08-31,Online,WARE-ATL5509,Midwest,Wisconsin,Green Bay,Sterling Summit LLC,Small Business,Electronics,Digital Whiteboard,1999.99,1100.0,3,5399.97,3300.0,2099.97,10,James Carter
SO-14172,2024-01-14,2024-01-17,Wholesale,WARE-PJW3508,West,Colorado,Aurora,Advanced Premier Solutions,Enterprise,Furniture,Modular Sofa,1499.99,750.0,16,21119.84,12000.0,9119.84,12,Robert Adams
SO-14173,2023-12-06,2023-12-11,Wholesale,WARE-ATL5509,South,Arkansas,Fort Smith,Summit Sterling Commerce,Government,Furniture,Modular Sofa,1499.99,750.0,19,25649.81,14250.0,11399.81,10,Kevin Williams
SO-14174,2024-03-10,2024-03-14,Distributor,WARE-MCD2201,Southwest,Utah,West Valley City,Premier Digital Enterprises,Government,Office Supplies,Binding Machine,149.99,68.0,8,1199.92,544.0,655.92,0,James Carter
SO-14175,2022-04-24,2022-05-04,Wholesale,WARE-PJW3508,South,Tennessee,Clarksville,Pioneer Unity Enterprises,Small Business,Furniture,Credenza,649.99,320.0,8,5199.92,2560.0,2639.92,0,Robert Adams
SO-14176,2024-01-22,2024-01-24,Online,WARE-UHY1004,South,Florida,Tampa,Elite Advanced Corp,Small Business,Electronics,MacBook Air,1499.99,950.0,10,14999.9,9500.0,5499.9,0,Kevin Williams
SO-14177,2024-02-26,2024-03-02,Distributor,WARE-MCD2201,West,Colorado,Lakewood,Metro Summit LLC,Small Business,Furniture,Reception Desk,849.99,430.0,7,5949.93,3010.0,2939.93,0,Kevin Williams
SO-14178,2022-10-14,2022-10-19,Distributor,WARE-ATL5509,South,Mississippi,Hattiesburg,Unity Coastal Supply,Corporate,Clothing,Running Shoes,89.99,38.0,7,598.43,266.0,332.43,5,Rachel Scott
SO-14179,2022-04-27,2022-05-03,Distributor,WARE-UHY1004,Southeast,West Virginia,Wheeling,Sterling Pioneer Supply,Small Business,Furniture,Floor Lamp,159.99,72.0,8,1215.92,576.0,639.92,5,Rachel Scott
SO-14180,2022-11-19,2022-11-26,Wholesale,WARE-NBV1002,West,New Mexico,Santa Fe,Swift Elite LLC,Retail,Office Supplies,Desk Organizer,29.99,11.0,22,659.78,242.0,417.78,0,David Park
SO-14181,2024-03-22,2024-03-29,Distributor,WARE-NBV1002,West,Colorado,Colorado Springs,Pacific Atlantic Solutions,Retail,Furniture,Work Bench,549.99,270.0,17,7947.33,4590.0,3357.33,15,Kevin Williams
SO-14182,2022-01-06,2022-01-12,Distributor,WARE-NBV1002,South,Louisiana,Lake Charles,Bright Atlantic LLC,Retail,Clothing,Golf Polo,64.99,26.0,12,740.88,312.0,428.88,5,Lisa Chen
SO-14183,2022-04-08,2022-04-18,Online,WARE-MCD2201,Southwest,Colorado,Fort Collins,Horizon Advanced Distributors,Enterprise,Clothing,Turtleneck,59.99,24.0,6,331.14,144.0,187.14,8,Emily Johnson
SO-14184,2023-01-10,2023-01-14,Distributor,WARE-MCD2201,Midwest,Ohio,Cleveland,Elite National Co,Enterprise,Office Supplies,Flip Chart,69.99,29.0,14,832.86,406.0,426.86,15,Sarah Mitchell
SO-14185,2022-08-07,2022-08-12,Distributor,WARE-ATL5509,Midwest,Kansas,Overland Park,Horizon Coastal Inc,Retail,Office Supplies,Wireless Keyboard,89.99,38.0,3,256.47,114.0,142.47,5,Amanda Torres
SO-14186,2022-10-07,2022-10-13,Distributor,WARE-MCD2201,West,Nevada,North Las Vegas,Sterling Advanced LLC,Retail,Electronics,AirPods Pro,249.99,135.0,18,4364.82,2430.0,1934.82,3,Rachel Scott
SO-14187,2023-11-20,2023-11-27,Wholesale,WARE-UHY1004,West,Montana,Missoula,Sterling Core Group,Enterprise,Office Supplies,Laminator,89.99,40.0,13,1169.87,520.0,649.87,0,Robert Adams
SO-14188,2024-02-18,2024-02-24,Distributor,WARE-PJW3508,Southeast,North Carolina,Winston-Salem,Central Digital Supply,Retail,Office Supplies,Paper Shredder,129.99,62.0,3,343.17,186.0,157.17,12,Kevin Williams
SO-14189,2022-01-04,2022-01-07,Distributor,WARE-PJW3508,West,Idaho,Idaho Falls,Atlantic Coastal Distributors,Corporate,Office Supplies,Document Scanner,299.99,145.0,15,4499.85,2175.0,2324.85,0,Kevin Williams
SO-14190,2022-03-26,2022-04-01,In-Store,WARE-ATL5509,South,Mississippi,Meridian,Metro Atlantic Solutions,Government,Clothing,Swimwear,49.99,19.0,17,764.83,323.0,441.83,10,Amanda Torres
SO-14191,2023-08-15,2023-08-20,Distributor,WARE-NBV1002,Midwest,Illinois,Rockford,Bright Sterling Supply,Corporate,Furniture,Executive Desk,1199.99,620.0,4,4079.96,2480.0,1599.96,15,Amanda Torres
SO-14192,2022-05-15,2022-05-22,Online,WARE-UHY1004,Midwest,Michigan,Sterling Heights,Global Sterling Solutions,Small Business,Electronics,Smart TV 55,799.99,400.0,5,3799.95,2000.0,1799.95,5,Kevin Williams
SO-14193,2023-04-17,2023-04-22,Distributor,WARE-UHY1004,Southwest,Wyoming,Rock Springs,National Apex Enterprises,Corporate,Office Supplies,Ink Tank Printer,399.99,195.0,1,399.99,195.0,204.99,0,Kevin Williams
SO-14194,2023-10-24,2023-10-28,Distributor,WARE-PJW3508,Southeast,North Carolina,Charlotte,Atlantic Summit Commerce,Government,Electronics,Smart TV 55,799.99,400.0,6,4799.94,2400.0,2399.94,0,Rachel Scott
SO-14195,2022-04-13,2022-04-16,Wholesale,WARE-MCD2201,Southwest,Hawaii,Hilo,Global Swift Trading,Corporate,Clothing,Sports Jacket,109.99,46.0,11,1209.89,506.0,703.89,0,Michael Brown
SO-14196,2023-04-05,2023-04-19,Distributor,WARE-UHY1004,Southwest,Nevada,Sparks,Advanced Metro Trading,Government,Furniture,Hallway Table,279.99,132.0,1,265.99,132.0,133.99,5,Robert Adams
SO-14197,2023-05-30,2023-06-04,Wholesale,WARE-PJW3508,South,Alabama,Tuscaloosa,Pacific Swift Supply,Government,Furniture,Laptop Cart,299.99,145.0,16,4079.84,2320.0,1759.84,15,Michael Brown
SO-14198,2022-10-16,2022-10-18,Wholesale,WARE-UHY1004,Northeast,Connecticut,Hartford,Elite Horizon Inc,Retail,Office Supplies,Whiteboard,159.99,72.0,13,1767.87,936.0,831.87,15,Robert Adams
SO-14199,2023-12-31,2024-01-05,Wholesale,WARE-NBV1002,South,Alabama,Huntsville,National Unity Commerce,Enterprise,Clothing,Rain Jacket,99.99,42.0,16,1599.84,672.0,927.84,0,Amanda Torres
SO-14200,2024-01-21,2024-01-31,Online,WARE-ATL5509,Northeast,Vermont,South Burlington,Horizon Metro Supply,Retail,Furniture,Credenza,649.99,320.0,12,6863.88,3840.0,3023.88,12,Michael Brown
SO-14201,2023-09-17,2023-09-22,Online,WARE-NBV1002,West,Washington,Tacoma,Apex Coastal Supply,Retail,Clothing,Running Shoes,89.99,38.0,9,712.71,342.0,370.71,12,David Park
SO-14202,2024-03-14,2024-03-19,Wholesale,WARE-PJW3508,Southeast,Maryland,Bowie,National Summit Co,Small Business,Clothing,Golf Polo,64.99,26.0,15,926.1,390.0,536.1,5,Rachel Scott
SO-14203,2023-09-19,2023-09-22,Wholesale,WARE-NBV1002,South,Texas,Austin,National Swift Supply,Enterprise,Clothing,Polo Shirt,44.99,18.0,7,314.93,126.0,188.93,0,Amanda Torres
SO-14204,2023-07-02,2023-07-07,Online,WARE-MCD2201,Southwest,Colorado,Colorado Springs,Global Elite Enterprises,Corporate,Office Supplies,Electric Stapler,49.99,19.0,8,351.92,152.0,199.92,12,Kevin Williams
SO-14205,2022-10-19,2022-10-25,Distributor,WARE-PJW3508,West,Nevada,Sparks,Metro Advanced Trading,Enterprise,Electronics,Smart Lock,249.99,115.0,13,3249.87,1495.0,1754.87,0,David Park
SO-14206,2023-01-30,2023-02-04,In-Store,WARE-UHY1004,Midwest,Missouri,Columbia,Atlantic Elite Distributors,Small Business,Office Supplies,Wireless Keyboard,89.99,38.0,7,554.33,266.0,288.33,12,Emily Johnson
SO-14207,2022-08-25,2022-08-30,Distributor,WARE-ATL5509,Northeast,New Jersey,Jersey City,Swift Premier Inc,Retail,Electronics,MacBook Pro 16,2499.99,1650.0,17,36124.83,28050.0,8074.83,15,Rachel Scott
SO-14208,2022-06-28,2022-07-02,Wholesale,WARE-MCD2201,Southwest,Utah,West Jordan,Bright Elite Supply,Enterprise,Electronics,iPad Pro,1099.99,680.0,9,8909.91,6120.0,2789.91,10,Rachel Scott
SO-14209,2023-11-28,2023-12-04,Wholesale,WARE-NBV1002,Northeast,Massachusetts,Worcester,Pacific National Group,Enterprise,Office Supplies,Label Maker,59.99,24.0,11,659.89,264.0,395.89,0,Lisa Chen
SO-14210,2024-01-12,2024-01-18,In-Store,WARE-ATL5509,West,Arizona,Phoenix,Pacific Pacific Group,Small Business,Furniture,Conference Table,999.99,520.0,16,13599.84,8320.0,5279.84,15,Emily Johnson
SO-14211,2022-09-03,2022-09-10,In-Store,WARE-ATL5509,West,Montana,Bozeman,Swift National LLC,Corporate,Furniture,Bar Cart,299.99,140.0,18,4967.82,2520.0,2447.82,8,James Carter
SO-14212,2023-03-21,2023-03-27,Online,WARE-PJW3508,Southwest,Utah,West Valley City,Coastal Pacific Co,Retail,Office Supplies,Whiteboard,159.99,72.0,15,2327.85,1080.0,1247.85,3,David Park
SO-14213,2023-11-17,2023-11-22,Wholesale,WARE-ATL5509,Northeast,New Jersey,Paterson,Atlantic Pacific Inc,Government,Clothing,Polo Shirt,44.99,18.0,23,910.57,414.0,496.57,12,Michael Brown
SO-14214,2022-08-30,2022-09-05,Distributor,WARE-ATL5509,Southwest,Nevada,Sparks,Unity Bright Supply,Government,Office Supplies,Projector,699.99,340.0,4,2519.96,1360.0,1159.96,10,Emily Johnson
SO-14215,2023-11-28,2023-12-08,In-Store,WARE-MCD2201,Southwest,Nevada,Las Vegas,Premier National Corp,Enterprise,Electronics,MacBook Air,1499.99,950.0,7,9449.93,6650.0,2799.93,10,Amanda Torres
SO-14216,2024-02-19,2024-02-23,Distributor,WARE-PJW3508,Southeast,Virginia,Virginia Beach,Unity Swift Group,Enterprise,Electronics,Portable Charger,79.99,34.0,10,799.9,340.0,459.9,0,Robert Adams
SO-14217,2022-10-01,2022-10-04,Distributor,WARE-MCD2201,Midwest,Minnesota,Duluth,Unity Pioneer Commerce,Retail,Furniture,Glass Desk,799.99,400.0,10,7199.9,4000.0,3199.9,10,James Carter
SO-14218,2023-11-18,2023-11-21,Online,WARE-ATL5509,South,Tennessee,Clarksville,Pacific Apex Enterprises,Corporate,Office Supplies,Card Reader,39.99,15.0,15,509.85,225.0,284.85,15,James Carter
SO-14219,2023-12-22,2024-01-01,In-Store,WARE-PJW3508,Midwest,Minnesota,Bloomington,Sterling Pacific Inc,Small Business,Clothing,Running Shoes,89.99,38.0,14,1222.06,532.0,690.06,3,Lisa Chen
SO-14220,2022-04-19,2022-04-29,Distributor,WARE-NBV1002,Northeast,Rhode Island,East Providence,Central Swift Co,Government,Clothing,Denim Jacket,89.99,38.0,2,179.98,76.0,103.98,0,Amanda Torres
SO-14221,2023-12-08,2023-12-18,Wholesale,WARE-UHY1004,West,Utah,Orem,Digital Premier Distributors,Corporate,Clothing,Polo Shirt,44.99,18.0,33,1306.47,594.0,712.47,12,Michael Brown
SO-14222,2023-07-14,2023-07-17,Online,WARE-ATL5509,South,South Carolina,Spartanburg,Sterling Pacific Inc,Small Business,Furniture,Floor Lamp,159.99,72.0,22,3519.78,1584.0,1935.78,0,Lisa Chen
SO-14223,2023-02-01,2023-02-04,Distributor,WARE-NBV1002,Southeast,District of Columbia,Washington,Central Swift Corp,Enterprise,Office Supplies,Printer Cartridges,89.99,32.0,12,971.88,384.0,587.88,10,Robert Adams
SO-14224,2023-09-16,2023-09-26,Online,WARE-PJW3508,Southeast,Delaware,Wilmington,Advanced Central Distributors,Corporate,Electronics,Smart TV 55,799.99,400.0,14,10639.86,5600.0,5039.86,5,Kevin Williams
SO-14225,2024-02-06,2024-02-16,In-Store,WARE-NBV1002,Midwest,Nebraska,Bellevue,Metro Sterling Enterprises,Government,Electronics,Video Doorbell,179.99,80.0,1,179.99,80.0,99.99,0,Amanda Torres
SO-14226,2023-01-31,2023-02-04,In-Store,WARE-UHY1004,Southeast,Delaware,Middletown,Advanced Sterling LLC,Small Business,Furniture,Glass Desk,799.99,400.0,8,5631.92,3200.0,2431.92,12,Lisa Chen
SO-14227,2022-03-17,2022-03-21,In-Store,WARE-UHY1004,Southeast,District of Columbia,Washington,Global Global Corp,Enterprise,Office Supplies,Ergonomic Mouse,59.99,24.0,2,107.98,48.0,59.98,10,Kevin Williams
SO-14228,2022-06-28,2022-07-02,In-Store,WARE-UHY1004,South,Tennessee,Knoxville,Apex Horizon Inc,Government,Electronics,Smart Home Hub,299.99,140.0,16,4799.84,2240.0,2559.84,0,David Park
SO-14229,2022-11-16,2022-11-20,Online,WARE-ATL5509,Northeast,New Jersey,Newark,National Sterling Distributors,Government,Clothing,Summer Dress,79.99,30.0,17,1291.83,510.0,781.83,5,Robert Adams
SO-14230,2022-10-21,2022-10-27,Distributor,WARE-NBV1002,Midwest,Indiana,Evansville,Elite National Inc,Small Business,Clothing,Suit Set,299.99,135.0,14,4073.86,1890.0,2183.86,3,James Carter
SO-14231,2022-05-02,2022-05-08,Wholesale,WARE-UHY1004,Southwest,Wyoming,Rock Springs,National Pioneer Inc,Government,Electronics,Conference Camera,449.99,210.0,12,5129.88,2520.0,2609.88,5,Robert Adams
SO-14232,2022-03-06,2022-03-12,Online,WARE-UHY1004,Midwest,Kansas,Wichita,Elite National Group,Government,Furniture,Bar Cart,299.99,140.0,9,2429.91,1260.0,1169.91,10,Emily Johnson
SO-14233,2024-03-05,2024-03-09,Online,WARE-PJW3508,Southwest,Alaska,Juneau,Premier Summit Inc,Small Business,Furniture,Bookshelf,249.99,110.0,18,4499.82,1980.0,2519.82,0,Kevin Williams
SO-14234,2023-09-01,2023-09-04,Online,WARE-ATL5509,Southwest,Colorado,Fort Collins,Advanced Coastal Solutions,Small Business,Office Supplies,Tape Dispenser,24.99,9.0,12,299.88,108.0,191.88,0,Lisa Chen
SO-14235,2023-10-07,2023-10-09,In-Store,WARE-PJW3508,Southeast,North Carolina,Greensboro,Metro Digital Distributors,Corporate,Clothing,Summer Dress,79.99,30.0,6,455.94,180.0,275.94,5,James Carter
SO-14236,2022-03-03,2022-03-09,In-Store,WARE-PJW3508,West,New Mexico,Albuquerque,National Atlantic Enterprises,Government,Clothing,Board Shorts,54.99,21.0,4,193.56,84.0,109.56,12,Rachel Scott
SO-14237,2023-01-04,2023-01-10,In-Store,WARE-NBV1002,West,Colorado,Colorado Springs,Core Digital Solutions,Retail,Electronics,4K Camera,1199.99,600.0,8,9311.92,4800.0,4511.92,3,Lisa Chen
SO-14238,2023-11-08,2023-11-12,Distributor,WARE-ATL5509,South,Oklahoma,Broken Arrow,Metro Metro Corp,Small Business,Electronics,Bluetooth Speaker,149.99,58.0,13,1949.87,754.0,1195.87,0,Amanda Torres
SO-14239,2022-08-22,2022-08-24,Wholesale,WARE-PJW3508,Southwest,Wyoming,Rock Springs,Premier Summit Commerce,Corporate,Electronics,Wireless Router,199.99,85.0,12,2399.88,1020.0,1379.88,0,Kevin Williams
SO-14240,2023-06-14,2023-06-21,Online,WARE-UHY1004,Southeast,West Virginia,Morgantown,Apex Pacific Retail,Retail,Clothing,Sun Hat,34.99,13.0,10,339.4,130.0,209.4,3,Michael Brown
SO-14241,2023-12-28,2024-01-01,Wholesale,WARE-MCD2201,South,Florida,Fort Lauderdale,National Advanced Co,Government,Office Supplies,Calligraphy Set,39.99,15.0,35,1287.65,525.0,762.65,8,Robert Adams
SO-14242,2023-11-19,2023-11-21,Wholesale,WARE-NBV1002,West,Montana,Bozeman,Pacific Apex Supply,Enterprise,Office Supplies,Copier Machine,1299.99,680.0,12,14819.88,8160.0,6659.88,5,Lisa Chen
SO-14243,2022-08-13,2022-08-19,In-Store,WARE-MCD2201,Southwest,Utah,West Valley City,Atlantic Apex Distributors,Government,Electronics,Server Unit,4999.99,2800.0,10,43999.9,28000.0,15999.9,12,Amanda Torres
SO-14244,2023-05-20,2023-05-23,Online,WARE-UHY1004,Midwest,Wisconsin,Madison,Global Summit Distributors,Corporate,Office Supplies,Ergonomic Mouse,59.99,24.0,7,398.93,168.0,230.93,5,James Carter
SO-14245,2022-04-03,2022-04-06,Distributor,WARE-ATL5509,Southeast,North Carolina,Charlotte,Global Horizon Solutions,Retail,Office Supplies,Copier Machine,1299.99,680.0,3,3704.97,2040.0,1664.97,5,Kevin Williams
SO-14246,2022-09-16,2022-09-20,In-Store,WARE-PJW3508,West,Oregon,Portland,National Metro Solutions,Enterprise,Clothing,Denim Jacket,89.99,38.0,17,1453.33,646.0,807.33,5,Amanda Torres
SO-14247,2023-07-22,2023-07-27,Online,WARE-UHY1004,Midwest,Indiana,Indianapolis,Swift Atlantic Trading,Retail,Office Supplies,Whiteboard,159.99,72.0,6,844.74,432.0,412.74,12,Sarah Mitchell
SO-14248,2022-08-20,2022-08-30,Distributor,WARE-PJW3508,Southeast,Maryland,Bowie,Sterling Coastal Group,Enterprise,Electronics,Ring Light,89.99,36.0,6,539.94,216.0,323.94,0,Robert Adams
SO-14249,2024-02-19,2024-02-24,In-Store,WARE-UHY1004,Southeast,Maryland,Gaithersburg,Elite Premier Group,Small Business,Clothing,Denim Jacket,89.99,38.0,18,1619.82,684.0,935.82,0,Amanda Torres
SO-14250,2022-05-24,2022-06-03,Distributor,WARE-PJW3508,Northeast,New Jersey,Edison,Global Premier Trading,Government,Furniture,Lounge Chair,399.99,195.0,16,6079.84,3120.0,2959.84,5,Lisa Chen
SO-14251,2022-02-21,2022-02-25,Online,WARE-ATL5509,Southeast,Virginia,Chesapeake,Atlantic Global Commerce,Enterprise,Furniture,Laptop Cart,299.99,145.0,6,1745.94,870.0,875.94,3,Michael Brown
SO-14252,2022-08-30,2022-09-04,Distributor,WARE-ATL5509,Southwest,New Mexico,Rio Rancho,Horizon National Enterprises,Corporate,Electronics,GPU Card,999.99,620.0,18,17999.82,11160.0,6839.82,0,Rachel Scott
SO-14253,2023-07-01,2023-07-07,Online,WARE-MCD2201,Southeast,Maryland,Rockville,Elite Summit Co,Small Business,Clothing,Polo Shirt,44.99,18.0,22,989.78,396.0,593.78,0,Sarah Mitchell
SO-14254,2022-08-10,2022-08-14,In-Store,WARE-PJW3508,Southwest,Colorado,Fort Collins,National Horizon Inc,Enterprise,Electronics,Gaming Console,499.99,250.0,13,6304.87,3250.0,3054.87,3,Lisa Chen
SO-14255,2023-07-17,2023-07-27,Online,WARE-ATL5509,Southwest,Alaska,Fairbanks,Apex Digital Enterprises,Corporate,Furniture,Accent Table,199.99,92.0,5,999.95,460.0,539.95,0,Amanda Torres
SO-14256,2023-10-24,2023-10-30,Distributor,WARE-NBV1002,Midwest,Nebraska,Lincoln,Central Apex Corp,Enterprise,Office Supplies,Ergonomic Mouse,59.99,24.0,7,386.33,168.0,218.33,8,Sarah Mitchell
SO-14257,2022-10-12,2022-10-18,In-Store,WARE-PJW3508,Southeast,North Carolina,Winston-Salem,Apex Central Solutions,Corporate,Office Supplies,Tape Dispenser,24.99,9.0,11,261.14,99.0,162.14,5,Amanda Torres
SO-14258,2024-03-28,2024-04-02,Online,WARE-UHY1004,West,Colorado,Colorado Springs,Apex National Enterprises,Corporate,Clothing,Sun Hat,34.99,13.0,8,271.52,104.0,167.52,3,Michael Brown
SO-14259,2023-10-27,2023-11-02,Distributor,WARE-UHY1004,West,Colorado,Denver,Unity Elite Inc,Government,Clothing,Formal Jacket,129.99,55.0,2,246.98,110.0,136.98,5,David Park
SO-14260,2022-07-01,2022-07-06,Distributor,WARE-PJW3508,South,Georgia,Savannah,Horizon Sterling Enterprises,Government,Electronics,MacBook Pro 16,2499.99,1650.0,14,33249.86,23100.0,10149.86,5,Emily Johnson
SO-14261,2022-05-28,2022-06-02,In-Store,WARE-ATL5509,West,Utah,West Jordan,National Sterling Inc,Government,Office Supplies,Binding Machine,149.99,68.0,4,527.96,272.0,255.96,12,Amanda Torres
SO-14262,2023-08-23,2023-08-27,In-Store,WARE-PJW3508,Midwest,Illinois,Naperville,Coastal Advanced Enterprises,Small Business,Office Supplies,Ergonomic Mouse,59.99,24.0,8,407.92,192.0,215.92,15,Rachel Scott
SO-14263,2024-01-30,2024-02-03,Online,WARE-ATL5509,Southwest,Wyoming,Gillette,Summit Central Enterprises,Government,Office Supplies,Label Printer,179.99,82.0,11,1821.49,902.0,919.49,8,Rachel Scott
SO-14264,2022-04-02,2022-04-07,Wholesale,WARE-UHY1004,Southwest,Nevada,North Las Vegas,Pacific Central Trading,Small Business,Clothing,Formal Jacket,129.99,55.0,7,773.43,385.0,388.43,15,Robert Adams
SO-14265,2022-10-11,2022-10-15,Distributor,WARE-PJW3508,Northeast,Maine,South Portland,Horizon Premier Inc,Small Business,Furniture,TV Stand,249.99,118.0,3,674.97,354.0,320.97,10,Emily Johnson
SO-14266,2022-04-14,2022-04-17,Wholesale,WARE-NBV1002,West,Utah,Orem,Summit Advanced Group,Retail,Clothing,Country Boots,119.99,52.0,14,1545.46,728.0,817.46,8,Emily Johnson
SO-14267,2023-12-27,2024-01-02,Wholesale,WARE-UHY1004,Northeast,New York,Rochester,Bright Pacific Enterprises,Enterprise,Office Supplies,Filing Cabinet,199.99,95.0,16,2815.84,1520.0,1295.84,12,David Park
SO-14268,2023-05-31,2023-06-05,Wholesale,WARE-MCD2201,South,South Carolina,Charleston,Coastal Summit Trading,Small Business,Electronics,iPhone 15 Pro,1199.99,780.0,15,17999.85,11700.0,6299.85,0,Lisa Chen
SO-14269,2024-03-26,2024-03-30,Online,WARE-NBV1002,Southwest,Arizona,Phoenix,Central Unity Solutions,Government,Furniture,Hallway Table,279.99,132.0,15,3989.85,1980.0,2009.85,5,Michael Brown
SO-14270,2024-02-21,2024-02-26,In-Store,WARE-ATL5509,West,Montana,Great Falls,Atlantic Coastal Trading,Corporate,Clothing,Swimwear,49.99,19.0,6,275.94,114.0,161.94,8,Kevin Williams
SO-14271,2023-01-28,2023-02-03,In-Store,WARE-ATL5509,West,Montana,Missoula,Horizon Digital Trading,Retail,Clothing,Linen Pants,64.99,26.0,8,478.32,208.0,270.32,8,David Park
SO-14272,2023-02-17,2023-02-19,Distributor,WARE-NBV1002,South,Alabama,Huntsville,Apex Apex Inc,Government,Clothing,Sports Jacket,109.99,46.0,1,98.99,46.0,52.99,10,Michael Brown
SO-14273,2023-08-11,2023-08-14,In-Store,WARE-NBV1002,Northeast,Pennsylvania,Reading,Pioneer Summit Commerce,Retail,Office Supplies,Card Reader,39.99,15.0,3,107.97,45.0,62.97,10,Rachel Scott
SO-14274,2023-06-13,2023-06-18,Online,WARE-UHY1004,Northeast,Maine,South Portland,Central Central Co,Government,Clothing,Summer Dress,79.99,30.0,7,559.93,210.0,349.93,0,James Carter
SO-14275,2022-07-03,2022-07-07,Wholesale,WARE-PJW3508,South,Oklahoma,Oklahoma City,Central Pacific Supply,Corporate,Office Supplies,Projector,699.99,340.0,11,7083.89,3740.0,3343.89,8,Amanda Torres
SO-14276,2023-02-24,2023-03-03,In-Store,WARE-ATL5509,Southwest,Wyoming,Rock Springs,Horizon Metro Co,Government,Clothing,Velvet Blazer,179.99,80.0,6,1025.94,480.0,545.94,5,Emily Johnson
SO-14277,2024-01-18,2024-01-22,Wholesale,WARE-ATL5509,South,South Carolina,Charleston,Bright Atlantic Corp,Corporate,Office Supplies,Ergonomic Mouse,59.99,24.0,17,866.83,408.0,458.83,15,Amanda Torres
SO-14278,2023-04-01,2023-04-05,Distributor,WARE-NBV1002,West,Arizona,Scottsdale,Pioneer Bright Commerce,Retail,Furniture,Lateral File Cabinet,399.99,192.0,10,3879.9,1920.0,1959.9,3,James Carter
SO-14279,2022-02-19,2022-02-24,Wholesale,WARE-MCD2201,Southwest,Wyoming,Laramie,Pioneer Summit Distributors,Government,Clothing,Casual Pants,69.99,28.0,5,321.95,140.0,181.95,8,Michael Brown
SO-14280,2023-03-16,2023-03-21,Online,WARE-NBV1002,West,Washington,Everett,National Atlantic Supply,Corporate,Electronics,Portable Projector,499.99,245.0,14,6299.86,3430.0,2869.86,10,Amanda Torres
SO-14281,2023-11-16,2023-11-19,In-Store,WARE-MCD2201,Southeast,West Virginia,Parkersburg,Global Global Retail,Enterprise,Clothing,Velvet Blazer,179.99,80.0,5,899.95,400.0,499.95,0,Robert Adams
SO-14282,2022-12-18,2022-12-22,In-Store,WARE-PJW3508,South,Oklahoma,Tulsa,Core Sterling LLC,Enterprise,Office Supplies,Whiteboard,159.99,72.0,23,3679.77,1656.0,2023.77,0,David Park
SO-14283,2023-01-05,2023-01-19,Online,WARE-UHY1004,South,Florida,Tampa,Bright Advanced LLC,Government,Electronics,AirPods Pro,249.99,135.0,9,2249.91,1215.0,1034.91,0,David Park
SO-14284,2023-12-13,2023-12-16,In-Store,WARE-MCD2201,Midwest,Wisconsin,Green Bay,Pioneer Central Supply,Enterprise,Office Supplies,Binding Machine,149.99,68.0,23,3173.77,1564.0,1609.77,8,Rachel Scott
SO-14285,2022-06-01,2022-06-11,Online,WARE-UHY1004,Midwest,Illinois,Naperville,Apex Horizon Corp,Corporate,Office Supplies,Stapler Heavy Duty,29.99,11.0,18,485.82,198.0,287.82,10,Michael Brown
SO-14286,2022-11-03,2022-11-10,Distributor,WARE-MCD2201,Southwest,Utah,Salt Lake City,Unity Apex Commerce,Corporate,Clothing,Summer Dress,79.99,30.0,18,1267.02,540.0,727.02,12,Rachel Scott
SO-14287,2023-08-03,2023-08-07,Distributor,WARE-ATL5509,Southwest,New Mexico,Santa Fe,Pacific Metro Co,Corporate,Electronics,Wi-Fi Mesh System,399.99,190.0,6,2159.94,1140.0,1019.94,10,Amanda Torres
SO-14288,2023-03-11,2023-03-21,Wholesale,WARE-ATL5509,Northeast,Massachusetts,Worcester,Coastal Swift Commerce,Enterprise,Clothing,Rain Jacket,99.99,42.0,18,1799.82,756.0,1043.82,0,Kevin Williams
SO-14289,2023-10-22,2023-10-28,In-Store,WARE-ATL5509,Northeast,Pennsylvania,Reading,Core Metro Solutions,Retail,Electronics,Wireless Headphones,249.99,99.0,15,3374.85,1485.0,1889.85,10,Lisa Chen
SO-14290,2024-01-18,2024-01-28,Wholesale,WARE-MCD2201,Northeast,New Hampshire,Dover,Digital Metro Group,Small Business,Furniture,Modular Sofa,1499.99,750.0,9,11474.91,6750.0,4724.91,15,Emily Johnson
SO-14291,2022-09-20,2022-09-24,Distributor,WARE-NBV1002,Southeast,North Carolina,Charlotte,Core Sterling Retail,Corporate,Furniture,Executive Desk,1199.99,620.0,7,7727.93,4340.0,3387.93,8,Michael Brown
SO-14292,2023-12-15,2023-12-20,Distributor,WARE-ATL5509,South,Tennessee,Memphis,Premier Elite Group,Retail,Electronics,MacBook Air,1499.99,950.0,27,37259.73,25650.0,11609.73,8,Kevin Williams
SO-14293,2022-03-07,2022-03-12,Wholesale,WARE-UHY1004,Northeast,Pennsylvania,Allentown,Coastal Digital Solutions,Small Business,Office Supplies,Paper Shredder,129.99,62.0,10,1234.9,620.0,614.9,5,Lisa Chen
SO-14294,2022-03-13,2022-03-23,In-Store,WARE-NBV1002,Northeast,New Jersey,Newark,Premier Advanced Group,Government,Furniture,Storage Cabinet,449.99,215.0,15,6749.85,3225.0,3524.85,0,Amanda Torres
SO-14295,2023-12-19,2024-01-02,Distributor,WARE-UHY1004,Southeast,Virginia,Chesapeake,Advanced Metro Group,Corporate,Clothing,Sun Hat,34.99,13.0,28,881.72,364.0,517.72,10,James Carter
SO-14296,2023-04-05,2023-04-10,Wholesale,WARE-PJW3508,Midwest,Missouri,Independence,Metro Coastal Distributors,Enterprise,Furniture,Corner Desk,699.99,345.0,5,3324.95,1725.0,1599.95,5,Sarah Mitchell
SO-14297,2023-12-28,2024-01-07,In-Store,WARE-UHY1004,South,Georgia,Columbus,Pioneer Metro Commerce,Government,Office Supplies,Wireless Keyboard,89.99,38.0,3,269.97,114.0,155.97,0,Kevin Williams
SO-14298,2024-02-23,2024-02-27,Distributor,WARE-NBV1002,South,Texas,San Antonio,Global Advanced Retail,Small Business,Office Supplies,Paper Shredder,129.99,62.0,8,935.92,496.0,439.92,10,Kevin Williams
SO-14299,2022-11-02,2022-11-04,Distributor,WARE-PJW3508,West,California,Bakersfield,Unity Digital Group,Corporate,Office Supplies,Copier Machine,1299.99,680.0,15,19499.85,10200.0,9299.85,0,Robert Adams
SO-14300,2023-12-02,2023-12-07,Wholesale,WARE-ATL5509,Southeast,Maryland,Baltimore,Pioneer Swift Trading,Small Business,Clothing,Swimwear,49.99,19.0,12,569.88,228.0,341.88,5,Sarah Mitchell
SO-14301,2023-06-10,2023-06-14,Distributor,WARE-MCD2201,West,California,Stockton,Swift Digital Trading,Corporate,Office Supplies,Desk Organizer,29.99,11.0,15,427.35,165.0,262.35,5,Robert Adams
SO-14302,2022-12-23,2022-12-29,Distributor,WARE-UHY1004,Southeast,Kentucky,Louisville,Atlantic Atlantic Inc,Corporate,Clothing,Country Boots,119.99,52.0,23,2759.77,1196.0,1563.77,0,David Park
SO-14303,2024-01-05,2024-01-11,Distributor,WARE-NBV1002,Northeast,Rhode Island,Pawtucket,Digital Atlantic Group,Corporate,Clothing,Athleisure Set,119.99,50.0,18,1835.82,900.0,935.82,15,Robert Adams
SO-14304,2022-10-04,2022-10-11,Wholesale,WARE-ATL5509,Southeast,Virginia,Newport News,Pioneer Premier Co,Retail,Electronics,Laptop Pro 15,1299.99,780.0,6,6863.94,4680.0,2183.94,12,Lisa Chen
SO-14305,2023-05-29,2023-06-02,Online,WARE-MCD2201,Southwest,Wyoming,Laramie,Unity Pioneer Distributors,Government,Furniture,Conference Table,999.99,520.0,11,9679.89,5720.0,3959.89,12,James Carter
SO-14306,2023-06-25,2023-07-05,Distributor,WARE-PJW3508,Midwest,Minnesota,Bloomington,Bright Sterling Distributors,Corporate,Clothing,Linen Shirt,54.99,21.0,19,888.06,399.0,489.06,15,David Park
SO-14307,2023-10-13,2023-10-18,Online,WARE-UHY1004,Northeast,Connecticut,Stamford,Apex Summit LLC,Corporate,Electronics,NAS Storage,899.99,450.0,12,10799.88,5400.0,5399.88,0,Amanda Torres
SO-14308,2023-05-31,2023-06-04,In-Store,WARE-UHY1004,West,New Mexico,Las Cruces,Premier Bright Group,Retail,Electronics,Wireless Router,199.99,85.0,3,599.97,255.0,344.97,0,Amanda Torres
SO-14309,2023-05-21,2023-05-26,In-Store,WARE-MCD2201,West,California,Fresno,Sterling Atlantic Supply,Government,Office Supplies,Label Maker,59.99,24.0,5,263.95,120.0,143.95,12,Sarah Mitchell
SO-14310,2022-05-24,2022-05-29,Online,WARE-PJW3508,South,Georgia,Augusta,Unity Advanced Retail,Corporate,Office Supplies,Whiteboard,159.99,72.0,12,1689.48,864.0,825.48,12,David Park
SO-14311,2022-04-10,2022-04-16,Distributor,WARE-PJW3508,South,Arkansas,Fayetteville,Pacific Pioneer Co,Government,Office Supplies,Document Scanner,299.99,145.0,5,1499.95,725.0,774.95,0,Lisa Chen
SO-14312,2022-03-16,2022-03-22,Online,WARE-MCD2201,Northeast,Connecticut,Bridgeport,Coastal Swift LLC,Corporate,Clothing,Sun Hat,34.99,13.0,1,34.99,13.0,21.99,0,Emily Johnson
SO-14313,2022-01-16,2022-01-26,In-Store,WARE-MCD2201,West,New Mexico,Roswell,Coastal Global Enterprises,Small Business,Clothing,Sports Jacket,109.99,46.0,11,1149.39,506.0,643.39,5,James Carter
SO-14314,2024-03-18,2024-03-20,Online,WARE-MCD2201,Midwest,Illinois,Springfield,Global Atlantic Corp,Government,Office Supplies,Ergonomic Mouse,59.99,24.0,10,569.9,240.0,329.9,5,Lisa Chen
SO-14315,2022-03-13,2022-03-17,Online,WARE-PJW3508,West,Colorado,Aurora,Pacific Premier Distributors,Small Business,Office Supplies,Electric Stapler,49.99,19.0,9,449.91,171.0,278.91,0,Sarah Mitchell
SO-14316,2023-04-14,2023-04-18,In-Store,WARE-MCD2201,South,Oklahoma,Broken Arrow,Coastal Core Commerce,Small Business,Clothing,Holiday Sweater,69.99,28.0,15,997.35,420.0,577.35,5,Emily Johnson
SO-14317,2023-06-04,2023-06-08,Wholesale,WARE-NBV1002,South,Texas,Fort Worth,Bright Core Inc,Corporate,Electronics,Smart Display,349.99,165.0,13,3867.37,2145.0,1722.37,15,Michael Brown
SO-14318,2024-03-13,2024-03-18,Wholesale,WARE-MCD2201,West,Washington,Everett,Core Summit Co,Government,Clothing,Formal Jacket,129.99,55.0,6,756.54,330.0,426.54,3,Emily Johnson
SO-14319,2022-12-08,2022-12-13,Distributor,WARE-UHY1004,Northeast,New Jersey,Elizabeth,Premier National Corp,Government,Furniture,Work Bench,549.99,270.0,4,1935.96,1080.0,855.96,12,David Park
SO-14320,2023-05-18,2023-05-28,In-Store,WARE-ATL5509,Southeast,West Virginia,Morgantown,Horizon Premier Co,Small Business,Clothing,Swimwear,49.99,19.0,7,339.43,133.0,206.43,3,Sarah Mitchell
SO-14321,2023-02-07,2023-02-12,Distributor,WARE-MCD2201,South,Tennessee,Memphis,Sterling Coastal Inc,Government,Furniture,Standing Desk,699.99,350.0,3,1784.97,1050.0,734.97,15,Robert Adams
SO-14322,2024-01-09,2024-01-15,Wholesale,WARE-ATL5509,West,Arizona,Mesa,Premier Coastal LLC,Corporate,Electronics,4K Camera,1199.99,600.0,14,14783.86,8400.0,6383.86,12,Emily Johnson
SO-14323,2024-02-23,2024-02-28,In-Store,WARE-NBV1002,Midwest,Minnesota,Bloomington,Premier Pioneer Trading,Government,Electronics,Wireless Headphones,249.99,99.0,11,2749.89,1089.0,1660.89,0,Amanda Torres
SO-14324,2024-01-21,2024-01-24,In-Store,WARE-MCD2201,Midwest,Iowa,Sioux City,Advanced Atlantic Co,Enterprise,Electronics,Smart TV 55,799.99,400.0,10,7999.9,4000.0,3999.9,0,David Park
SO-14325,2022-09-20,2022-09-24,Distributor,WARE-MCD2201,South,Mississippi,Jackson,Global Digital Corp,Retail,Clothing,Formal Jacket,129.99,55.0,13,1689.87,715.0,974.87,0,David Park
SO-14326,2022-08-12,2022-08-18,Wholesale,WARE-MCD2201,Southwest,New Mexico,Rio Rancho,Elite Digital Co,Retail,Office Supplies,Paper Shredder,129.99,62.0,21,2402.19,1302.0,1100.19,12,Rachel Scott
SO-14327,2022-11-09,2022-11-16,Online,WARE-UHY1004,South,Arkansas,Springdale,Horizon Unity Co,Government,Clothing,Chinos,74.99,30.0,14,1049.86,420.0,629.86,0,Amanda Torres
SO-14328,2023-06-01,2023-06-06,Wholesale,WARE-MCD2201,Southwest,Alaska,Anchorage,Premier Advanced Supply,Government,Office Supplies,Letter Opener,14.99,5.0,6,89.94,30.0,59.94,0,Rachel Scott
SO-14329,2022-11-16,2022-11-21,Distributor,WARE-MCD2201,Southeast,Kentucky,Bowling Green,Atlantic Premier Enterprises,Corporate,Electronics,External SSD,129.99,55.0,5,571.95,275.0,296.95,12,James Carter
SO-14330,2022-07-12,2022-07-16,Online,WARE-NBV1002,Midwest,Illinois,Naperville,Coastal Unity Co,Retail,Clothing,Athleisure Set,119.99,50.0,6,633.54,300.0,333.54,12,Robert Adams
SO-14331,2023-02-06,2023-02-12,In-Store,WARE-NBV1002,Midwest,Iowa,Des Moines,Central Pioneer LLC,Enterprise,Clothing,Turtleneck,59.99,24.0,7,369.53,168.0,201.53,12,Michael Brown
SO-14332,2023-05-11,2023-05-16,Online,WARE-MCD2201,Northeast,Rhode Island,Cranston,Digital Horizon Inc,Government,Electronics,Bloomberg Terminal,5999.99,3800.0,17,96899.83,64600.0,32299.83,5,David Park
SO-14333,2023-01-25,2023-01-30,Online,WARE-UHY1004,South,Texas,San Antonio,Coastal Apex Group,Retail,Office Supplies,Filing Cabinet,199.99,95.0,5,999.95,475.0,524.95,0,Kevin Williams
SO-14334,2022-12-02,2022-12-09,Online,WARE-PJW3508,Southeast,Maryland,Gaithersburg,Pacific Premier Distributors,Enterprise,Office Supplies,Filing Cabinet,199.99,95.0,21,3989.79,1995.0,1994.79,5,Kevin Williams
SO-14335,2023-07-19,2023-07-26,Distributor,WARE-NBV1002,Southeast,Kentucky,Owensboro,Summit Sterling Inc,Corporate,Office Supplies,Wireless Keyboard,89.99,38.0,13,1111.37,494.0,617.37,5,Michael Brown
SO-14336,2023-01-26,2023-01-28,Distributor,WARE-ATL5509,Midwest,Ohio,Columbus,Unity Metro Distributors,Small Business,Clothing,Board Shorts,54.99,21.0,14,677.46,294.0,383.46,12,Michael Brown
SO-14337,2023-06-24,2023-06-29,Online,WARE-UHY1004,South,South Carolina,Rock Hill,Summit Apex Enterprises,Corporate,Electronics,VR Headset,599.99,280.0,22,13199.78,6160.0,7039.78,0,Sarah Mitchell
SO-14338,2022-02-14,2022-02-21,Distributor,WARE-ATL5509,West,Idaho,Idaho Falls,Premier Unity LLC,Government,Clothing,Swimwear,49.99,19.0,6,254.94,114.0,140.94,15,Rachel Scott
SO-14339,2023-05-09,2023-05-12,In-Store,WARE-MCD2201,West,Nevada,North Las Vegas,Advanced Swift Supply,Corporate,Electronics,Digital Whiteboard,1999.99,1100.0,18,34199.82,19800.0,14399.82,5,Sarah Mitchell
SO-14340,2023-01-22,2023-01-28,Distributor,WARE-MCD2201,Midwest,Minnesota,Bloomington,Sterling Bright Group,Enterprise,Office Supplies,Whiteboard,159.99,72.0,13,1975.87,936.0,1039.87,5,Emily Johnson
SO-14341,2023-04-22,2023-04-28,Online,WARE-NBV1002,Northeast,Pennsylvania,Allentown,Pioneer Coastal Trading,Enterprise,Office Supplies,Stapler Heavy Duty,29.99,11.0,18,512.82,198.0,314.82,5,Lisa Chen
SO-14342,2023-09-03,2023-09-07,Wholesale,WARE-MCD2201,West,Idaho,Boise,Apex Digital Commerce,Retail,Clothing,Business Casual Shirt,59.99,22.0,13,779.87,286.0,493.87,0,James Carter
SO-14343,2023-09-30,2023-10-07,Wholesale,WARE-PJW3508,Southwest,Arizona,Chandler,Horizon National Inc,Government,Office Supplies,Ergonomic Mouse,59.99,24.0,13,740.87,312.0,428.87,5,James Carter
SO-14344,2023-12-31,2024-01-10,Wholesale,WARE-ATL5509,South,Arkansas,Jonesboro,Elite Global LLC,Government,Clothing,Suit Set,299.99,135.0,11,2969.89,1485.0,1484.89,10,Michael Brown
SO-14345,2022-10-27,2022-11-02,Distributor,WARE-UHY1004,West,Nevada,Henderson,Swift Bright Supply,Government,Electronics,Video Doorbell,179.99,80.0,12,2051.88,960.0,1091.88,5,David Park
SO-14346,2023-07-25,2023-07-31,Distributor,WARE-MCD2201,Southeast,Maryland,Rockville,Advanced Atlantic Co,Government,Office Supplies,Wireless Keyboard,89.99,38.0,2,158.38,76.0,82.38,12,Lisa Chen
SO-14347,2023-10-11,2023-10-17,In-Store,WARE-ATL5509,Midwest,Iowa,Cedar Rapids,Core Horizon Retail,Corporate,Electronics,VR Headset,599.99,280.0,14,7139.86,3920.0,3219.86,15,Lisa Chen
SO-14348,2024-03-19,2024-03-26,Online,WARE-MCD2201,West,Washington,Spokane,Coastal Elite Distributors,Government,Electronics,Smart Monitor 27,599.99,290.0,8,4319.92,2320.0,1999.92,10,Michael Brown
SO-14349,2023-06-20,2023-06-26,Distributor,WARE-MCD2201,Southeast,West Virginia,Huntington,Apex Bright Trading,Corporate,Clothing,Velvet Blazer,179.99,80.0,16,2649.44,1280.0,1369.44,8,Kevin Williams
SO-14350,2022-02-09,2022-02-12,Distributor,WARE-NBV1002,Northeast,Maine,Bangor,Core Digital Retail,Corporate,Office Supplies,Flip Chart,69.99,29.0,14,832.86,406.0,426.86,15,Amanda Torres
SO-14351,2022-03-01,2022-03-03,Wholesale,WARE-UHY1004,Midwest,Missouri,St. Louis,Metro Bright LLC,Retail,Furniture,Ergonomic Chair Pro,449.99,218.0,14,6299.86,3052.0,3247.86,0,Rachel Scott
SO-14352,2024-03-01,2024-03-07,In-Store,WARE-MCD2201,West,Montana,Bozeman,National Elite Corp,Small Business,Clothing,Chinos,74.99,30.0,15,989.85,450.0,539.85,12,Amanda Torres
SO-14353,2022-07-18,2022-07-23,Wholesale,WARE-MCD2201,South,Florida,Pensacola,Summit Metro Inc,Government,Office Supplies,Heavy Duty Punch,79.99,34.0,15,1199.85,510.0,689.85,0,Rachel Scott
SO-14354,2023-01-15,2023-01-20,In-Store,WARE-ATL5509,West,Oregon,Gresham,Digital Global LLC,Government,Clothing,Summer Dress,79.99,30.0,14,1063.86,420.0,643.86,5,Emily Johnson
SO-14355,2024-03-12,2024-03-16,Online,WARE-NBV1002,Southwest,Colorado,Aurora,Horizon Atlantic Solutions,Retail,Furniture,Executive Desk,1199.99,620.0,13,15599.87,8060.0,7539.87,0,David Park
SO-14356,2022-02-21,2022-02-25,Distributor,WARE-ATL5509,Midwest,Michigan,Ann Arbor,Horizon Unity Trading,Small Business,Furniture,Modular Sofa,1499.99,750.0,2,2849.98,1500.0,1349.98,5,Robert Adams
SO-14357,2024-02-27,2024-03-08,Wholesale,WARE-PJW3508,South,Georgia,Athens,Core Horizon Retail,Corporate,Electronics,Laptop Pro 13,1099.99,650.0,13,13584.87,8450.0,5134.87,5,Michael Brown
SO-14358,2023-11-06,2023-11-10,Wholesale,WARE-ATL5509,Midwest,Michigan,Detroit,Summit Global Supply,Retail,Electronics,Conference Camera,449.99,210.0,3,1282.47,630.0,652.47,5,Robert Adams
SO-14359,2023-03-16,2023-03-21,Wholesale,WARE-ATL5509,Northeast,Maine,Portland,Global Swift LLC,Retail,Furniture,Adjustable Monitor Stand,129.99,58.0,14,1637.86,812.0,825.86,10,Robert Adams
SO-14360,2022-05-31,2022-06-02,Wholesale,WARE-PJW3508,Northeast,Massachusetts,Cambridge,Pioneer Unity Group,Government,Clothing,Summer Dress,79.99,30.0,8,588.72,240.0,348.72,8,Rachel Scott
SO-14361,2023-03-02,2023-03-07,In-Store,WARE-UHY1004,Southeast,North Carolina,Charlotte,National Central Trading,Small Business,Clothing,Swimwear,49.99,19.0,12,599.88,228.0,371.88,0,James Carter
SO-14362,2022-04-13,2022-04-20,In-Store,WARE-ATL5509,Southeast,West Virginia,Charleston,Global Bright Trading,Government,Electronics,Smart Monitor 27,599.99,290.0,8,4559.92,2320.0,2239.92,5,Michael Brown
SO-14363,2023-07-15,2023-07-21,Distributor,WARE-MCD2201,West,Idaho,Nampa,Global Swift Corp,Enterprise,Furniture,Partition Wall,349.99,168.0,4,1287.96,672.0,615.96,8,James Carter
SO-14364,2022-11-15,2022-11-19,Wholesale,WARE-MCD2201,Southwest,Hawaii,Kaneohe,Digital Apex Trading,Corporate,Furniture,Modular Sofa,1499.99,750.0,22,32999.78,16500.0,16499.78,0,Rachel Scott
SO-14365,2022-08-30,2022-09-09,Wholesale,WARE-MCD2201,West,Oregon,Portland,Apex Global LLC,Corporate,Office Supplies,Projector,699.99,340.0,20,11899.8,6800.0,5099.8,15,James Carter
SO-14366,2023-05-30,2023-06-13,Wholesale,WARE-NBV1002,South,Georgia,Atlanta,Summit Coastal Retail,Enterprise,Clothing,Fleece Hoodie,74.99,30.0,1,67.49,30.0,37.49,10,Sarah Mitchell
SO-14367,2023-07-03,2023-07-13,Distributor,WARE-ATL5509,Southwest,Arizona,Scottsdale,Core Global Co,Corporate,Office Supplies,Card Reader,39.99,15.0,8,319.92,120.0,199.92,0,David Park
SO-14368,2022-09-06,2022-09-10,Online,WARE-PJW3508,Southwest,Hawaii,Hilo,Pacific Swift Solutions,Small Business,Electronics,USB-C Hub,79.99,32.0,1,79.99,32.0,47.99,0,Amanda Torres
SO-14369,2022-12-26,2022-12-31,In-Store,WARE-ATL5509,South,Florida,Orlando,Premier Advanced LLC,Retail,Clothing,Velvet Blazer,179.99,80.0,29,5219.71,2320.0,2899.71,0,Lisa Chen
SO-14370,2022-02-25,2022-03-07,In-Store,WARE-UHY1004,Southwest,New Mexico,Las Cruces,Apex Bright Distributors,Small Business,Furniture,Corner Desk,699.99,345.0,4,2379.96,1380.0,999.96,15,Michael Brown
SO-14371,2022-01-29,2022-02-03,In-Store,WARE-UHY1004,Southeast,Virginia,Chesapeake,Apex Bright Retail,Small Business,Furniture,Ergonomic Chair Pro,449.99,218.0,13,5849.87,2834.0,3015.87,0,James Carter
SO-14372,2023-01-31,2023-02-05,Online,WARE-PJW3508,Southeast,West Virginia,Parkersburg,Premier Apex Solutions,Small Business,Furniture,Laptop Cart,299.99,145.0,3,791.97,435.0,356.97,12,Robert Adams
SO-14373,2022-12-25,2022-12-31,Online,WARE-ATL5509,Northeast,Massachusetts,Cambridge,Pacific Unity Corp,Corporate,Office Supplies,Flip Chart,69.99,29.0,27,1795.23,783.0,1012.23,5,Kevin Williams
SO-14374,2023-05-22,2023-05-26,In-Store,WARE-UHY1004,West,Washington,Bellevue,Unity Sterling Enterprises,Enterprise,Electronics,USB Microphone,179.99,78.0,4,698.36,312.0,386.36,3,Robert Adams
SO-14375,2022-08-17,2022-08-22,Wholesale,WARE-NBV1002,Northeast,Rhode Island,Pawtucket,Bright Premier Solutions,Retail,Electronics,Webcam HD,99.99,42.0,15,1424.85,630.0,794.85,5,Robert Adams
SO-14376,2022-09-26,2022-10-02,Wholesale,WARE-UHY1004,West,Montana,Missoula,Swift Pacific LLC,Corporate,Electronics,Portable Projector,499.99,245.0,14,5949.86,3430.0,2519.86,15,Emily Johnson
SO-14377,2022-03-15,2022-03-20,Online,WARE-UHY1004,West,California,San Diego,Horizon Premier Enterprises,Small Business,Clothing,Suit Set,299.99,135.0,13,3587.87,1755.0,1832.87,8,Michael Brown
SO-14378,2022-04-10,2022-04-15,Online,WARE-ATL5509,Northeast,New York,Buffalo,Swift Elite Corp,Corporate,Clothing,Chinos,74.99,30.0,1,74.99,30.0,44.99,0,Michael Brown
SO-14379,2022-09-19,2022-09-25,In-Store,WARE-UHY1004,Southwest,Utah,Salt Lake City,Pacific Pacific Supply,Corporate,Office Supplies,Calligraphy Set,39.99,15.0,3,116.37,45.0,71.37,3,Amanda Torres
SO-14380,2023-08-05,2023-08-10,Online,WARE-UHY1004,South,Florida,Jacksonville,Unity Digital Enterprises,Corporate,Clothing,Casual Pants,69.99,28.0,19,1329.81,532.0,797.81,0,Michael Brown
SO-14381,2023-02-13,2023-02-20,Wholesale,WARE-MCD2201,South,Tennessee,Clarksville,Global Global Supply,Government,Clothing,Swimwear,49.99,19.0,17,722.33,323.0,399.33,15,David Park
SO-14382,2022-02-05,2022-02-10,Online,WARE-UHY1004,Midwest,Michigan,Sterling Heights,Summit Apex Group,Government,Clothing,Suit Set,299.99,135.0,15,4274.85,2025.0,2249.85,5,Lisa Chen
SO-14383,2023-04-17,2023-04-21,Distributor,WARE-PJW3508,Midwest,Ohio,Cleveland,Atlantic Bright Solutions,Small Business,Electronics,Digital Whiteboard,1999.99,1100.0,9,17099.91,9900.0,7199.91,5,Emily Johnson
SO-14384,2023-01-17,2023-01-23,In-Store,WARE-NBV1002,South,Louisiana,Shreveport,Pioneer Pacific Inc,Retail,Electronics,Bluetooth Speaker,149.99,58.0,18,2564.82,1044.0,1520.82,5,Sarah Mitchell
SO-14385,2022-11-29,2022-12-02,Wholesale,WARE-NBV1002,Northeast,New Hampshire,Derry,Core Central Co,Government,Furniture,Laptop Cart,299.99,145.0,18,4589.82,2610.0,1979.82,15,Amanda Torres
SO-14386,2023-05-23,2023-05-27,Wholesale,WARE-MCD2201,Southwest,Nevada,Reno,Swift Atlantic Supply,Government,Furniture,Credenza,649.99,320.0,16,9151.84,5120.0,4031.84,12,Emily Johnson
SO-14387,2023-06-21,2023-06-28,In-Store,WARE-NBV1002,Midwest,Minnesota,Saint Paul,Global Atlantic Trading,Government,Furniture,Credenza,649.99,320.0,4,2599.96,1280.0,1319.96,0,Kevin Williams
SO-14388,2023-03-08,2023-03-11,Online,WARE-MCD2201,Southeast,Kentucky,Owensboro,Pacific Apex Retail,Enterprise,Furniture,Mesh Chair,319.99,155.0,7,1971.13,1085.0,886.13,12,Rachel Scott
SO-14389,2022-10-05,2022-10-09,In-Store,WARE-UHY1004,Northeast,New York,Rochester,Coastal Sterling Distributors,Corporate,Electronics,Smartband,199.99,88.0,9,1529.91,792.0,737.91,15,David Park
SO-14390,2023-05-06,2023-05-12,Distributor,WARE-MCD2201,Southwest,Alaska,Anchorage,Premier Pioneer Corp,Retail,Electronics,iPhone 15,999.99,620.0,9,8549.91,5580.0,2969.91,5,Sarah Mitchell
SO-14391,2023-10-29,2023-11-05,Wholesale,WARE-PJW3508,Southeast,Virginia,Virginia Beach,Elite Bright Inc,Small Business,Clothing,Sun Hat,34.99,13.0,10,314.9,130.0,184.9,10,Lisa Chen
SO-14392,2022-10-07,2022-10-11,In-Store,WARE-UHY1004,Southeast,District of Columbia,Washington,Apex Atlantic Group,Corporate,Office Supplies,Letter Opener,14.99,5.0,7,89.18,35.0,54.18,15,David Park
SO-14393,2022-09-08,2022-09-12,Online,WARE-MCD2201,Southwest,Wyoming,Laramie,National Apex Solutions,Government,Office Supplies,Document Scanner,299.99,145.0,6,1529.94,870.0,659.94,15,Amanda Torres
SO-14394,2023-05-09,2023-05-15,Online,WARE-ATL5509,Southeast,Delaware,Dover,National Bright Enterprises,Government,Clothing,Athleisure Set,119.99,50.0,6,683.94,300.0,383.94,5,Kevin Williams
SO-14395,2024-01-26,2024-02-01,Distributor,WARE-PJW3508,Southwest,Colorado,Colorado Springs,Pioneer Central Co,Small Business,Clothing,Summer Dress,79.99,30.0,13,956.67,390.0,566.67,8,Rachel Scott
SO-14396,2022-09-30,2022-10-05,Distributor,WARE-PJW3508,South,Oklahoma,Norman,Coastal Sterling Supply,Enterprise,Electronics,Tablet Pro,899.99,450.0,16,12239.84,7200.0,5039.84,15,James Carter
SO-14397,2022-12-15,2022-12-19,Online,WARE-ATL5509,West,Utah,Orem,Coastal Bright Group,Corporate,Furniture,Glass Desk,799.99,400.0,16,12415.84,6400.0,6015.84,3,Sarah Mitchell
SO-14398,2023-10-29,2023-11-03,Online,WARE-PJW3508,Northeast,New Hampshire,Derry,Global Premier Inc,Retail,Office Supplies,Label Printer,179.99,82.0,7,1222.13,574.0,648.13,3,Lisa Chen
SO-14399,2022-05-07,2022-05-13,Online,WARE-UHY1004,West,Oregon,Salem,Swift Central LLC,Retail,Clothing,Swimwear,49.99,19.0,14,699.86,266.0,433.86,0,Michael Brown
SO-14400,2022-02-02,2022-02-08,Distributor,WARE-MCD2201,Northeast,Vermont,Montpelier,Unity Sterling Inc,Retail,Furniture,Laptop Cart,299.99,145.0,12,3599.88,1740.0,1859.88,0,Emily Johnson
SO-14401,2024-03-14,2024-03-18,In-Store,WARE-UHY1004,Midwest,Illinois,Springfield,Sterling Pacific Trading,Small Business,Electronics,Conference Camera,449.99,210.0,17,6884.83,3570.0,3314.83,10,Kevin Williams
SO-14402,2023-03-09,2023-03-16,In-Store,WARE-NBV1002,Midwest,Indiana,South Bend,Premier National Solutions,Retail,Office Supplies,Whiteboard,159.99,72.0,14,2239.86,1008.0,1231.86,0,Rachel Scott
SO-14403,2022-06-28,2022-07-03,Online,WARE-UHY1004,Southwest,Nevada,Las Vegas,Global Pioneer LLC,Retail,Electronics,Wi-Fi Mesh System,399.99,190.0,19,7371.81,3610.0,3761.81,3,Sarah Mitchell
SO-14404,2023-04-16,2023-04-22,In-Store,WARE-NBV1002,Southeast,North Carolina,Greensboro,Coastal Summit Group,Government,Electronics,GPU Card,999.99,620.0,14,13299.86,8680.0,4619.86,5,Michael Brown
SO-14405,2023-06-24,2023-06-30,Distributor,WARE-ATL5509,West,Montana,Bozeman,Advanced Coastal Co,Small Business,Clothing,Linen Shirt,54.99,21.0,12,640.08,252.0,388.08,3,Rachel Scott
SO-14406,2022-08-01,2022-08-05,Online,WARE-PJW3508,Midwest,Wisconsin,Kenosha,Metro National Supply,Retail,Office Supplies,Desk Organizer,29.99,11.0,9,269.91,99.0,170.91,0,Sarah Mitchell
SO-14407,2023-10-30,2023-11-04,Online,WARE-ATL5509,West,Utah,West Valley City,Atlantic Summit Retail,Enterprise,Office Supplies,Heavy Duty Punch,79.99,34.0,6,479.94,204.0,275.94,0,James Carter
SO-14408,2022-12-19,2022-12-22,Distributor,WARE-NBV1002,Northeast,Massachusetts,Boston,Atlantic Swift Enterprises,Enterprise,Office Supplies,Label Maker,59.99,24.0,11,580.69,264.0,316.69,12,David Park
SO-14409,2022-02-15,2022-02-17,Wholesale,WARE-PJW3508,Midwest,Missouri,Columbia,National Horizon Group,Corporate,Office Supplies,Tape Dispenser,24.99,9.0,16,379.84,144.0,235.84,5,Michael Brown
SO-14410,2024-01-30,2024-02-04,Distributor,WARE-MCD2201,South,Alabama,Huntsville,Summit Summit Retail,Retail,Furniture,Reception Desk,849.99,430.0,9,7649.91,3870.0,3779.91,0,David Park
SO-14411,2024-03-12,2024-03-17,In-Store,WARE-PJW3508,Northeast,New York,Syracuse,Summit Coastal LLC,Government,Clothing,Winter Coat,149.99,65.0,1,149.99,65.0,84.99,0,Sarah Mitchell
SO-14412,2024-03-16,2024-03-22,Wholesale,WARE-PJW3508,Midwest,Ohio,Cincinnati,Metro Metro Co,Retail,Electronics,Wireless Router,199.99,85.0,12,2279.88,1020.0,1259.88,5,James Carter
SO-14413,2023-11-18,2023-11-23,Wholesale,WARE-PJW3508,Southeast,Maryland,Gaithersburg,Coastal Bright Enterprises,Enterprise,Furniture,Ergonomic Chair Pro,449.99,218.0,20,8549.8,4360.0,4189.8,5,David Park
SO-14414,2022-02-16,2022-02-22,Online,WARE-PJW3508,Northeast,Connecticut,New Haven,Summit Premier Distributors,Corporate,Furniture,Standing Desk,699.99,350.0,3,1994.97,1050.0,944.97,5,Sarah Mitchell
SO-14415,2023-08-31,2023-09-04,In-Store,WARE-UHY1004,Midwest,Illinois,Joliet,Summit Atlantic Enterprises,Corporate,Clothing,Chinos,74.99,30.0,10,749.9,300.0,449.9,0,Rachel Scott
SO-14416,2022-01-26,2022-02-05,Distributor,WARE-MCD2201,Midwest,Minnesota,Rochester,Pacific Core Commerce,Retail,Office Supplies,Projector,699.99,340.0,17,11304.83,5780.0,5524.83,5,Kevin Williams
SO-14417,2024-01-03,2024-01-13,Wholesale,WARE-UHY1004,West,Colorado,Aurora,Elite Metro Supply,Enterprise,Electronics,Satellite Phone,799.99,420.0,8,6399.92,3360.0,3039.92,0,Amanda Torres
SO-14418,2023-04-01,2023-04-05,In-Store,WARE-PJW3508,Northeast,Pennsylvania,Erie,Unity Bright Solutions,Small Business,Electronics,Conference Camera,449.99,210.0,15,6074.85,3150.0,2924.85,10,Lisa Chen
SO-14419,2023-10-13,2023-10-16,Wholesale,WARE-NBV1002,Southeast,Maryland,Frederick,Atlantic Sterling Group,Enterprise,Furniture,Office Chair,299.99,145.0,11,3134.89,1595.0,1539.89,5,Emily Johnson
SO-14420,2022-01-03,2022-01-08,Distributor,WARE-NBV1002,Southeast,West Virginia,Huntington,Coastal Metro Trading,Enterprise,Furniture,Lounge Chair,399.99,195.0,18,6335.82,3510.0,2825.82,12,Michael Brown
SO-14421,2023-11-25,2023-11-30,Wholesale,WARE-ATL5509,Southwest,Nevada,Reno,Horizon Pioneer Supply,Corporate,Electronics,NAS Storage,899.99,450.0,27,23570.73,12150.0,11420.73,3,Sarah Mitchell
SO-14422,2022-07-26,2022-07-30,Online,WARE-PJW3508,Midwest,Indiana,Indianapolis,Pioneer Advanced Solutions,Small Business,Electronics,Smart Home Hub,299.99,140.0,20,5699.8,2800.0,2899.8,5,Rachel Scott
SO-14423,2022-09-18,2022-09-23,Distributor,WARE-MCD2201,West,Nevada,Henderson,Metro Core Commerce,Government,Clothing,Formal Jacket,129.99,55.0,16,1830.24,880.0,950.24,12,Emily Johnson
SO-14424,2022-08-31,2022-09-04,Distributor,WARE-PJW3508,Midwest,Illinois,Rockford,Premier Digital Solutions,Retail,Electronics,USB Microphone,179.99,78.0,10,1799.9,780.0,1019.9,0,James Carter
SO-14425,2022-09-04,2022-09-09,Distributor,WARE-NBV1002,Northeast,New Jersey,Jersey City,Coastal Swift Group,Small Business,Furniture,Standing Desk,699.99,350.0,7,4752.93,2450.0,2302.93,3,Sarah Mitchell
SO-14426,2024-02-10,2024-02-12,Distributor,WARE-UHY1004,Northeast,New York,Albany,Coastal Global Trading,Enterprise,Furniture,Mesh Chair,319.99,155.0,17,5167.83,2635.0,2532.83,5,Rachel Scott
SO-14427,2022-07-22,2022-07-28,Distributor,WARE-MCD2201,South,Texas,Lubbock,Coastal Metro Solutions,Retail,Clothing,Holiday Sweater,69.99,28.0,11,708.29,308.0,400.29,8,Emily Johnson
SO-14428,2023-10-15,2023-10-19,In-Store,WARE-NBV1002,Southwest,New Mexico,Rio Rancho,National Elite LLC,Small Business,Furniture,Office Chair,299.99,145.0,10,2999.9,1450.0,1549.9,0,Sarah Mitchell
SO-14429,2023-11-30,2023-12-04,Online,WARE-NBV1002,Southwest,New Mexico,Roswell,Horizon Elite Supply,Retail,Electronics,iPhone 15,999.99,620.0,5,4499.95,3100.0,1399.95,10,Amanda Torres
SO-14430,2023-12-09,2023-12-14,Wholesale,WARE-ATL5509,Southeast,Delaware,Smyrna,Global Central Trading,Government,Electronics,NAS Storage,899.99,450.0,28,22679.72,12600.0,10079.72,10,Michael Brown
SO-14431,2022-02-03,2022-02-07,In-Store,WARE-PJW3508,South,Tennessee,Nashville,Pacific Premier Enterprises,Government,Clothing,Fleece Hoodie,74.99,30.0,18,1187.82,540.0,647.82,12,James Carter
SO-14432,2022-07-24,2022-07-28,Distributor,WARE-MCD2201,Northeast,New Jersey,Newark,Core Unity Distributors,Small Business,Furniture,Mesh Chair,319.99,155.0,21,6182.19,3255.0,2927.19,8,Kevin Williams
SO-14433,2023-05-14,2023-05-28,In-Store,WARE-PJW3508,Midwest,Minnesota,Bloomington,Global Pacific Solutions,Government,Furniture,Modular Sofa,1499.99,750.0,6,7919.94,4500.0,3419.94,12,Michael Brown
SO-14434,2022-07-29,2022-08-05,In-Store,WARE-MCD2201,Southeast,West Virginia,Huntington,Premier Global LLC,Government,Electronics,MacBook Air,1499.99,950.0,7,10499.93,6650.0,3849.93,0,David Park
SO-14435,2022-12-30,2023-01-05,Online,WARE-ATL5509,Northeast,Massachusetts,Cambridge,Apex Metro Solutions,Corporate,Office Supplies,Card Reader,39.99,15.0,23,873.77,345.0,528.77,5,Amanda Torres
SO-14436,2023-01-31,2023-02-03,Wholesale,WARE-NBV1002,Southwest,Alaska,Anchorage,National Central Enterprises,Enterprise,Furniture,Work Bench,549.99,270.0,14,7314.86,3780.0,3534.86,5,Sarah Mitchell
SO-14437,2023-10-09,2023-10-15,In-Store,WARE-PJW3508,Northeast,New York,Syracuse,Advanced Core LLC,Government,Electronics,MacBook Pro 16,2499.99,1650.0,6,13799.94,9900.0,3899.94,8,Amanda Torres
SO-14438,2022-09-30,2022-10-05,Wholesale,WARE-MCD2201,Midwest,Kansas,Topeka,Pioneer Elite LLC,Government,Furniture,Bookshelf,249.99,110.0,5,1124.95,550.0,574.95,10,Sarah Mitchell
SO-14439,2023-01-02,2023-01-06,Distributor,WARE-UHY1004,Northeast,Rhode Island,Cranston,Elite Horizon Group,Enterprise,Clothing,Chinos,74.99,30.0,14,1018.36,420.0,598.36,3,Kevin Williams
SO-14440,2024-02-18,2024-02-28,Online,WARE-UHY1004,Southeast,Delaware,Wilmington,Advanced Premier Inc,Retail,Electronics,Laptop Pro 13,1099.99,650.0,1,1099.99,650.0,449.99,0,Amanda Torres
SO-14441,2023-01-18,2023-02-01,Distributor,WARE-NBV1002,West,California,Long Beach,Swift Horizon Co,Corporate,Clothing,Casual Pants,69.99,28.0,12,755.88,336.0,419.88,10,Robert Adams
SO-14442,2022-04-06,2022-04-20,In-Store,WARE-NBV1002,Southwest,Colorado,Lakewood,Horizon Advanced Retail,Government,Furniture,Work Bench,549.99,270.0,16,8799.84,4320.0,4479.84,0,Michael Brown
SO-14443,2023-03-19,2023-03-22,Online,WARE-UHY1004,Northeast,New Jersey,Elizabeth,Central Unity Co,Retail,Electronics,Smart Watch,399.99,180.0,16,6399.84,2880.0,3519.84,0,Emily Johnson
SO-14444,2022-11-10,2022-11-16,In-Store,WARE-UHY1004,Southwest,Nevada,North Las Vegas,Global Bright Enterprises,Small Business,Furniture,Executive Desk,1199.99,620.0,25,28499.75,15500.0,12999.75,5,James Carter
SO-14445,2023-06-11,2023-06-17,In-Store,WARE-MCD2201,Southeast,Delaware,Middletown,Bright Swift Solutions,Corporate,Electronics,Gaming Console,499.99,250.0,7,3499.93,1750.0,1749.93,0,Michael Brown
SO-14446,2022-11-10,2022-11-17,Distributor,WARE-ATL5509,Southeast,West Virginia,Huntington,Coastal Advanced Enterprises,Retail,Furniture,Mesh Chair,319.99,155.0,27,8207.73,4185.0,4022.73,5,Lisa Chen
SO-14447,2022-01-15,2022-01-25,Online,WARE-ATL5509,Southeast,North Carolina,Raleigh,Summit Premier Supply,Corporate,Electronics,iPad Pro,1099.99,680.0,3,3134.97,2040.0,1094.97,5,Lisa Chen
SO-14448,2022-07-20,2022-07-26,Online,WARE-ATL5509,Southeast,Maryland,Bowie,Unity Central Trading,Government,Electronics,AirPods Pro,249.99,135.0,15,3299.85,2025.0,1274.85,12,Robert Adams
SO-14449,2022-03-15,2022-03-21,Distributor,WARE-ATL5509,South,Georgia,Savannah,Premier Premier Solutions,Enterprise,Furniture,Corner Desk,699.99,345.0,8,5319.92,2760.0,2559.92,5,Lisa Chen
SO-14450,2023-02-16,2023-02-22,Distributor,WARE-MCD2201,West,California,Sacramento,Pacific Elite Corp,Corporate,Electronics,Video Doorbell,179.99,80.0,18,3239.82,1440.0,1799.82,0,Amanda Torres
SO-14451,2022-10-12,2022-10-22,Distributor,WARE-PJW3508,South,Texas,Dallas,Apex Digital Co,Enterprise,Furniture,Executive Desk,1199.99,620.0,6,6479.94,3720.0,2759.94,10,Sarah Mitchell
SO-14452,2023-02-21,2023-02-27,Distributor,WARE-MCD2201,West,Colorado,Colorado Springs,Unity Digital Trading,Government,Electronics,Surface Laptop,1399.99,870.0,11,14629.89,9570.0,5059.89,5,Sarah Mitchell
SO-14453,2024-03-11,2024-03-15,Wholesale,WARE-PJW3508,Midwest,Nebraska,Omaha,Digital Summit Commerce,Small Business,Clothing,Velvet Blazer,179.99,80.0,12,2159.88,960.0,1199.88,0,Sarah Mitchell
SO-14454,2022-04-06,2022-04-16,Distributor,WARE-PJW3508,South,Mississippi,Jackson,Premier Summit Distributors,Small Business,Electronics,Video Doorbell,179.99,80.0,10,1799.9,800.0,999.9,0,Sarah Mitchell
SO-14455,2022-10-16,2022-10-23,Distributor,WARE-NBV1002,Southeast,West Virginia,Morgantown,Swift Global Solutions,Corporate,Electronics,Action Camera,349.99,170.0,10,3499.9,1700.0,1799.9,0,Kevin Williams
SO-14456,2023-11-11,2023-11-17,Online,WARE-ATL5509,Midwest,Minnesota,Bloomington,Digital Core Trading,Government,Electronics,Satellite Phone,799.99,420.0,20,15999.8,8400.0,7599.8,0,James Carter
SO-14457,2024-01-27,2024-01-31,Wholesale,WARE-ATL5509,Southwest,Hawaii,Kaneohe,Swift Horizon Inc,Corporate,Clothing,Fleece Hoodie,74.99,30.0,3,224.97,90.0,134.97,0,Lisa Chen
SO-14458,2023-05-13,2023-05-18,Wholesale,WARE-MCD2201,West,Arizona,Scottsdale,Central Horizon Inc,Retail,Electronics,Smart Home Hub,299.99,140.0,3,854.97,420.0,434.97,5,Kevin Williams
SO-14459,2022-07-02,2022-07-06,Distributor,WARE-MCD2201,Southeast,Maryland,Baltimore,Apex Summit Retail,Government,Clothing,Linen Pants,64.99,26.0,2,114.38,52.0,62.38,12,Michael Brown
SO-14460,2022-03-27,2022-04-06,Distributor,WARE-NBV1002,Northeast,Massachusetts,Springfield,Unity Bright Commerce,Corporate,Furniture,Floor Lamp,159.99,72.0,12,1766.28,864.0,902.28,8,Kevin Williams
SO-14461,2023-11-26,2023-12-10,Online,WARE-ATL5509,Southeast,District of Columbia,Washington,Horizon Elite Co,Enterprise,Electronics,Action Camera,349.99,170.0,34,10471.66,5780.0,4691.66,12,Sarah Mitchell
SO-14462,2023-04-09,2023-04-14,Distributor,WARE-NBV1002,Southwest,Colorado,Lakewood,Coastal Bright Solutions,Small Business,Clothing,Holiday Sweater,69.99,28.0,12,839.88,336.0,503.88,0,Emily Johnson
SO-14463,2023-01-30,2023-02-03,Wholesale,WARE-NBV1002,Northeast,Pennsylvania,Allentown,Bright Core Solutions,Small Business,Office Supplies,Ergonomic Mouse,59.99,24.0,18,993.42,432.0,561.42,8,Rachel Scott
SO-14464,2023-03-09,2023-03-23,Distributor,WARE-NBV1002,Midwest,Iowa,Des Moines,Pacific Summit Corp,Small Business,Electronics,iPhone 15 Pro,1199.99,780.0,18,20519.82,14040.0,6479.82,5,Emily Johnson
SO-14465,2022-07-27,2022-07-30,Distributor,WARE-NBV1002,Southeast,Kentucky,Owensboro,Digital Coastal Inc,Government,Office Supplies,Printer Cartridges,89.99,32.0,19,1624.31,608.0,1016.31,5,David Park
SO-14466,2022-06-14,2022-06-18,Wholesale,WARE-UHY1004,Southwest,Nevada,North Las Vegas,Apex Elite Enterprises,Corporate,Office Supplies,Label Maker,59.99,24.0,6,305.94,144.0,161.94,15,James Carter
SO-14467,2023-04-01,2023-04-06,Wholesale,WARE-PJW3508,Southwest,Wyoming,Casper,Metro Central Trading,Enterprise,Office Supplies,Wireless Keyboard,89.99,38.0,5,449.95,190.0,259.95,0,Rachel Scott
SO-14468,2022-01-17,2022-01-22,Online,WARE-ATL5509,Southwest,New Mexico,Rio Rancho,Horizon Advanced Solutions,Government,Clothing,Denim Jacket,89.99,38.0,8,698.32,304.0,394.32,3,Emily Johnson
SO-14469,2022-09-24,2022-09-27,Wholesale,WARE-MCD2201,Northeast,Vermont,Montpelier,Metro Advanced Distributors,Small Business,Office Supplies,Label Maker,59.99,24.0,17,917.83,408.0,509.83,10,Rachel Scott
SO-14470,2022-03-13,2022-03-23,Online,WARE-NBV1002,Midwest,Michigan,Sterling Heights,Digital Core Commerce,Enterprise,Electronics,External SSD,129.99,55.0,14,1765.26,770.0,995.26,3,Amanda Torres
SO-14471,2023-08-16,2023-08-21,Wholesale,WARE-NBV1002,South,Texas,San Antonio,Global Swift Enterprises,Corporate,Office Supplies,Filing Cabinet,199.99,95.0,16,2879.84,1520.0,1359.84,10,Lisa Chen
SO-14472,2022-10-18,2022-10-21,In-Store,WARE-NBV1002,Southwest,Nevada,Reno,Core Bright Group,Corporate,Office Supplies,Flip Chart,69.99,29.0,8,559.92,232.0,327.92,0,Emily Johnson
SO-14473,2023-08-26,2023-09-09,Online,WARE-ATL5509,West,New Mexico,Rio Rancho,Advanced Summit Enterprises,Government,Electronics,MacBook Air,1499.99,950.0,7,9974.93,6650.0,3324.93,5,Emily Johnson
SO-14474,2024-03-06,2024-03-10,In-Store,WARE-NBV1002,Northeast,New Hampshire,Manchester,Atlantic Sterling Commerce,Enterprise,Electronics,Gaming PC,2499.99,1450.0,9,20249.91,13050.0,7199.91,10,Michael Brown
SO-14475,2023-10-15,2023-10-21,Distributor,WARE-ATL5509,Midwest,Illinois,Naperville,Swift Coastal Commerce,Corporate,Office Supplies,Desk Organizer,29.99,11.0,12,305.88,132.0,173.88,15,Rachel Scott
SO-14476,2023-11-03,2023-11-07,Wholesale,WARE-PJW3508,West,Arizona,Scottsdale,Premier Elite Corp,Small Business,Furniture,Storage Cabinet,449.99,215.0,31,13949.69,6665.0,7284.69,0,Lisa Chen
SO-14477,2022-04-06,2022-04-10,Distributor,WARE-NBV1002,Northeast,New Jersey,Elizabeth,Apex Swift Commerce,Retail,Furniture,Lateral File Cabinet,399.99,192.0,16,5887.84,3072.0,2815.84,8,David Park
SO-14478,2022-03-27,2022-04-01,Distributor,WARE-NBV1002,Northeast,Connecticut,Bridgeport,Atlantic Premier Retail,Government,Furniture,Standing Desk,699.99,350.0,3,2099.97,1050.0,1049.97,0,Sarah Mitchell
SO-14479,2022-07-02,2022-07-04,In-Store,WARE-NBV1002,Northeast,Vermont,Burlington,Core Premier Trading,Retail,Clothing,Velvet Blazer,179.99,80.0,5,827.95,400.0,427.95,8,Kevin Williams
SO-14480,2022-02-18,2022-02-22,In-Store,WARE-PJW3508,Midwest,Iowa,Cedar Rapids,Pacific Metro Distributors,Enterprise,Electronics,AirPods Pro,249.99,135.0,13,3087.37,1755.0,1332.37,5,Emily Johnson
SO-14481,2023-11-12,2023-11-18,Wholesale,WARE-NBV1002,South,South Carolina,Greenville,Coastal Sterling Corp,Retail,Furniture,Standing Desk,699.99,350.0,25,15399.75,8750.0,6649.75,12,Robert Adams
SO-14482,2022-08-02,2022-08-07,Wholesale,WARE-NBV1002,Midwest,Iowa,Cedar Rapids,Bright Horizon Inc,Enterprise,Clothing,Swimwear,49.99,19.0,4,175.96,76.0,99.96,12,Michael Brown
SO-14483,2022-10-16,2022-10-22,Online,WARE-MCD2201,West,Oregon,Portland,Pacific Bright Distributors,Retail,Office Supplies,Tape Dispenser,24.99,9.0,10,224.9,90.0,134.9,10,Emily Johnson
SO-14484,2022-04-04,2022-04-08,Wholesale,WARE-MCD2201,Midwest,Michigan,Detroit,Swift Pacific Group,Enterprise,Furniture,Glass Desk,799.99,400.0,4,2879.96,1600.0,1279.96,10,Rachel Scott
SO-14485,2022-07-16,2022-07-23,Online,WARE-UHY1004,South,South Carolina,Columbia,Sterling Premier Enterprises,Enterprise,Clothing,Formal Jacket,129.99,55.0,18,1988.82,990.0,998.82,15,Robert Adams
SO-14486,2022-11-01,2022-11-04,Wholesale,WARE-PJW3508,Midwest,Iowa,Des Moines,Pioneer Digital LLC,Corporate,Clothing,Swimwear,49.99,19.0,11,549.89,209.0,340.89,0,James Carter
SO-14487,2022-09-27,2022-10-01,Wholesale,WARE-MCD2201,Midwest,Kansas,Topeka,Apex Central Co,Small Business,Furniture,Work Bench,549.99,270.0,4,2089.96,1080.0,1009.96,5,Rachel Scott
SO-14488,2022-05-23,2022-05-28,Wholesale,WARE-ATL5509,West,Washington,Everett,Apex Horizon Solutions,Enterprise,Electronics,iPad Pro,1099.99,680.0,2,2133.98,1360.0,773.98,3,Rachel Scott
SO-14489,2023-03-05,2023-03-10,Wholesale,WARE-PJW3508,West,Nevada,North Las Vegas,Horizon Coastal Trading,Government,Clothing,Turtleneck,59.99,24.0,9,496.71,216.0,280.71,8,Sarah Mitchell
SO-14490,2023-08-22,2023-09-01,In-Store,WARE-NBV1002,South,Louisiana,Lake Charles,Premier Sterling Corp,Retail,Electronics,Smart Speaker,199.99,90.0,10,1939.9,900.0,1039.9,3,Michael Brown
SO-14491,2022-10-18,2022-10-24,Online,WARE-NBV1002,Southwest,Wyoming,Casper,Atlantic Sterling Trading,Corporate,Office Supplies,Ergonomic Mouse,59.99,24.0,10,599.9,240.0,359.9,0,Michael Brown
SO-14492,2022-02-13,2022-02-17,In-Store,WARE-MCD2201,Southeast,Delaware,Dover,Atlantic Core Commerce,Enterprise,Furniture,Bar Cart,299.99,140.0,2,527.98,280.0,247.98,12,Sarah Mitchell
SO-14493,2023-09-02,2023-09-07,In-Store,WARE-ATL5509,Midwest,Missouri,Independence,Horizon Central Solutions,Retail,Electronics,Home Theater System,1499.99,820.0,3,4364.97,2460.0,1904.97,3,Rachel Scott
SO-14494,2022-08-10,2022-08-13,Online,WARE-ATL5509,Northeast,New York,Albany,Metro Horizon Solutions,Enterprise,Clothing,Linen Pants,64.99,26.0,10,571.9,260.0,311.9,12,James Carter
SO-14495,2022-04-25,2022-05-05,Distributor,WARE-UHY1004,Southwest,Utah,Provo,Metro Summit Supply,Small Business,Furniture,Reception Desk,849.99,430.0,7,5652.43,3010.0,2642.43,5,James Carter
SO-14496,2022-07-15,2022-07-18,Distributor,WARE-ATL5509,Southwest,Wyoming,Rock Springs,Apex Pioneer Distributors,Government,Furniture,Standing Desk,699.99,350.0,5,3499.95,1750.0,1749.95,0,Lisa Chen
SO-14497,2023-09-15,2023-09-18,Wholesale,WARE-NBV1002,Southeast,Kentucky,Lexington,Pioneer Pioneer Group,Corporate,Furniture,Executive Desk,1199.99,620.0,15,16559.85,9300.0,7259.85,8,Kevin Williams
SO-14498,2022-05-13,2022-05-15,In-Store,WARE-MCD2201,Northeast,Massachusetts,Cambridge,Summit Apex Group,Corporate,Electronics,Tablet Pro,899.99,450.0,18,15713.82,8100.0,7613.82,3,Michael Brown
SO-14499,2022-06-09,2022-06-15,Online,WARE-NBV1002,Midwest,Nebraska,Omaha,Pacific Sterling Commerce,Corporate,Clothing,Running Shoes,89.99,38.0,4,341.96,152.0,189.96,5,Michael Brown
SO-14500,2022-04-29,2022-05-04,Distributor,WARE-UHY1004,West,Idaho,Idaho Falls,Global Premier LLC,Government,Office Supplies,Electric Stapler,49.99,19.0,4,179.96,76.0,103.96,10,Michael Brown
SO-14501,2023-10-05,2023-10-15,Online,WARE-UHY1004,Midwest,Illinois,Springfield,Pacific Elite Retail,Corporate,Furniture,Office Chair,299.99,145.0,13,3782.87,1885.0,1897.87,3,Emily Johnson
SO-14502,2023-12-27,2024-01-01,In-Store,WARE-MCD2201,Northeast,Connecticut,Bridgeport,Summit Core LLC,Small Business,Office Supplies,Flip Chart,69.99,29.0,27,1738.53,783.0,955.53,8,Sarah Mitchell
SO-14503,2022-01-15,2022-01-17,In-Store,WARE-NBV1002,Midwest,Minnesota,Bloomington,Central Atlantic Supply,Enterprise,Furniture,Ergonomic Chair Pro,449.99,218.0,13,5557.37,2834.0,2723.37,5,Kevin Williams
SO-14504,2023-04-08,2023-04-12,Wholesale,WARE-PJW3508,Midwest,Nebraska,Kearney,Central Metro Inc,Government,Furniture,Ergonomic Chair Pro,449.99,218.0,12,5237.88,2616.0,2621.88,3,Sarah Mitchell
SO-14505,2023-12-12,2023-12-22,Distributor,WARE-NBV1002,South,Tennessee,Knoxville,Advanced Pacific Enterprises,Government,Office Supplies,Filing Cabinet,199.99,95.0,18,3059.82,1710.0,1349.82,15,James Carter
SO-14506,2023-01-12,2023-01-15,In-Store,WARE-ATL5509,Southwest,New Mexico,Santa Fe,Advanced Unity Supply,Retail,Furniture,Bookshelf,249.99,110.0,18,4274.82,1980.0,2294.82,5,Kevin Williams
SO-14507,2023-11-28,2023-12-04,Online,WARE-MCD2201,Southwest,Alaska,Anchorage,Core Global Solutions,Small Business,Office Supplies,Filing Cabinet,199.99,95.0,24,4319.76,2280.0,2039.76,10,James Carter
SO-14508,2022-09-14,2022-09-18,Wholesale,WARE-UHY1004,Southwest,New Mexico,Santa Fe,Coastal Central Trading,Corporate,Office Supplies,Label Maker,59.99,24.0,17,989.23,408.0,581.23,3,Emily Johnson
SO-14509,2023-06-16,2023-06-20,Distributor,WARE-MCD2201,Southeast,District of Columbia,Washington,Bright Digital Solutions,Corporate,Office Supplies,Wireless Keyboard,89.99,38.0,14,1108.66,532.0,576.66,12,Sarah Mitchell
SO-14510,2022-07-21,2022-07-27,Distributor,WARE-UHY1004,Southwest,Arizona,Tucson,Core National Distributors,Retail,Electronics,Server Unit,4999.99,2800.0,13,63049.87,36400.0,26649.87,3,Robert Adams
SO-14511,2023-03-03,2023-03-09,In-Store,WARE-ATL5509,Southeast,Kentucky,Lexington,Global Sterling Inc,Retail,Electronics,Drone Camera,799.99,400.0,12,8831.88,4800.0,4031.88,8,Michael Brown
SO-14512,2022-10-15,2022-10-18,In-Store,WARE-ATL5509,Midwest,Iowa,Sioux City,Pioneer Horizon Commerce,Government,Electronics,Action Camera,349.99,170.0,18,6110.82,3060.0,3050.82,3,Robert Adams
SO-14513,2024-03-04,2024-03-09,In-Store,WARE-ATL5509,Midwest,Wisconsin,Madison,Sterling Elite Distributors,Small Business,Office Supplies,Binding Machine,149.99,68.0,2,263.98,136.0,127.98,12,Rachel Scott
SO-14514,2022-07-21,2022-07-27,In-Store,WARE-ATL5509,West,California,Long Beach,Core Atlantic Distributors,Enterprise,Office Supplies,Stapler Heavy Duty,29.99,11.0,19,552.71,209.0,343.71,3,Amanda Torres
SO-14515,2023-01-04,2023-01-10,Wholesale,WARE-ATL5509,Southwest,Hawaii,Kailua,Elite Atlantic Retail,Retail,Furniture,Ergonomic Chair Pro,449.99,218.0,14,6299.86,3052.0,3247.86,0,Lisa Chen
SO-14516,2022-04-27,2022-05-03,In-Store,WARE-MCD2201,Southeast,Virginia,Richmond,Sterling Pioneer Co,Retail,Furniture,Partition Wall,349.99,168.0,6,1931.94,1008.0,923.94,8,Sarah Mitchell
SO-14517,2022-05-05,2022-05-08,Wholesale,WARE-MCD2201,Southeast,District of Columbia,Washington,Coastal Sterling Co,Small Business,Electronics,Smartband,199.99,88.0,9,1745.91,792.0,953.91,3,Rachel Scott
SO-14518,2022-02-14,2022-02-20,In-Store,WARE-NBV1002,Northeast,Massachusetts,Lowell,Global Swift Corp,Government,Furniture,Mesh Chair,319.99,155.0,4,1151.96,620.0,531.96,10,David Park
SO-14519,2023-07-14,2023-07-20,In-Store,WARE-MCD2201,Northeast,Maine,Lewiston,Advanced Advanced Supply,Corporate,Furniture,Partition Wall,349.99,168.0,6,1847.94,1008.0,839.94,12,Kevin Williams
SO-14520,2022-04-04,2022-04-14,In-Store,WARE-NBV1002,Northeast,New Jersey,Paterson,Bright Apex LLC,Retail,Furniture,Bar Cart,299.99,140.0,6,1529.94,840.0,689.94,15,Michael Brown
SO-14521,2024-02-08,2024-02-13,Online,WARE-PJW3508,Southwest,Colorado,Fort Collins,Unity Elite Enterprises,Retail,Furniture,Storage Cabinet,449.99,215.0,8,3599.92,1720.0,1879.92,0,James Carter
SO-14522,2023-11-03,2023-11-08,In-Store,WARE-NBV1002,Southwest,Nevada,Henderson,Unity Premier LLC,Small Business,Clothing,Summer Dress,79.99,30.0,13,956.67,390.0,566.67,8,Lisa Chen
SO-14523,2023-11-08,2023-11-11,In-Store,WARE-PJW3508,Southeast,North Carolina,Raleigh,Premier Advanced Solutions,Corporate,Clothing,Country Boots,119.99,52.0,24,2649.36,1248.0,1401.36,8,Lisa Chen
SO-14524,2022-08-27,2022-09-01,Distributor,WARE-PJW3508,Midwest,Kansas,Topeka,Core Unity Commerce,Small Business,Clothing,Chinos,74.99,30.0,13,828.62,390.0,438.62,15,Robert Adams
SO-14525,2024-03-16,2024-03-20,Distributor,WARE-PJW3508,Southeast,Virginia,Newport News,Swift Sterling Solutions,Enterprise,Clothing,Athleisure Set,119.99,50.0,2,203.98,100.0,103.98,15,Robert Adams
SO-14526,2023-05-30,2023-06-09,Wholesale,WARE-MCD2201,South,Texas,El Paso,Atlantic Premier Distributors,Small Business,Furniture,Adjustable Monitor Stand,129.99,58.0,15,1657.35,870.0,787.35,15,Emily Johnson
SO-14527,2023-10-10,2023-10-16,Online,WARE-MCD2201,Southwest,Wyoming,Casper,Elite Metro Inc,Corporate,Clothing,Business Casual Shirt,59.99,22.0,14,839.86,308.0,531.86,0,Rachel Scott
SO-14528,2022-07-13,2022-07-18,In-Store,WARE-NBV1002,Southwest,Wyoming,Laramie,Atlantic Coastal Trading,Enterprise,Clothing,Holiday Sweater,69.99,28.0,6,398.94,168.0,230.94,5,David Park
SO-14529,2023-05-24,2023-05-31,Wholesale,WARE-MCD2201,Southwest,Hawaii,Kailua,National Global Group,Small Business,Clothing,Denim Jacket,89.99,38.0,10,899.9,380.0,519.9,0,Kevin Williams
SO-14530,2023-06-08,2023-06-15,Online,WARE-PJW3508,West,California,San Diego,Pioneer Unity Co,Small Business,Clothing,Board Shorts,54.99,21.0,16,791.84,336.0,455.84,10,Sarah Mitchell
SO-14531,2022-11-30,2022-12-04,Online,WARE-MCD2201,Southeast,District of Columbia,Washington,Horizon Coastal Supply,Small Business,Furniture,Laptop Cart,299.99,145.0,14,3695.86,2030.0,1665.86,12,Amanda Torres
SO-14532,2022-10-29,2022-10-31,Wholesale,WARE-NBV1002,Midwest,Missouri,Kansas City,Swift Swift Corp,Small Business,Electronics,Gaming PC,2499.99,1450.0,3,7124.97,4350.0,2774.97,5,Lisa Chen
SO-14533,2024-02-07,2024-02-11,Online,WARE-MCD2201,Northeast,Maine,Portland,Global Core Enterprises,Enterprise,Furniture,Hallway Table,279.99,132.0,15,4199.85,1980.0,2219.85,0,Michael Brown
SO-14534,2022-11-25,2022-12-01,Distributor,WARE-PJW3508,Northeast,Maine,Portland,Atlantic Atlantic Solutions,Small Business,Office Supplies,Ergonomic Mouse,59.99,24.0,17,938.23,408.0,530.23,8,Michael Brown
SO-14535,2023-11-27,2023-11-30,In-Store,WARE-NBV1002,Southwest,New Mexico,Las Cruces,Swift Pacific LLC,Government,Clothing,Linen Pants,64.99,26.0,14,864.36,364.0,500.36,5,Emily Johnson
SO-14536,2024-02-26,2024-03-03,In-Store,WARE-UHY1004,Southeast,Maryland,Frederick,Atlantic Apex Corp,Enterprise,Electronics,Surface Laptop,1399.99,870.0,14,18619.86,12180.0,6439.86,5,Lisa Chen
SO-14537,2023-12-05,2023-12-11,Wholesale,WARE-NBV1002,Northeast,New Hampshire,Dover,Horizon Coastal Trading,Government,Clothing,Business Casual Shirt,59.99,22.0,33,1920.27,726.0,1194.27,3,James Carter
SO-14538,2024-01-05,2024-01-11,Online,WARE-ATL5509,West,California,Long Beach,Global Apex LLC,Small Business,Electronics,VR Headset,599.99,280.0,2,1139.98,560.0,579.98,5,Robert Adams
SO-14539,2024-02-03,2024-02-09,Online,WARE-PJW3508,Southeast,District of Columbia,Washington,Metro Digital Distributors,Small Business,Electronics,Portable Projector,499.99,245.0,4,1899.96,980.0,919.96,5,Kevin Williams
SO-14540,2022-04-14,2022-04-18,Distributor,WARE-PJW3508,Southeast,Kentucky,Lexington,Sterling Central LLC,Small Business,Furniture,Lounge Chair,399.99,195.0,15,5999.85,2925.0,3074.85,0,Robert Adams
SO-14541,2022-03-22,2022-03-29,In-Store,WARE-MCD2201,Midwest,Ohio,Columbus,Summit Central Supply,Enterprise,Office Supplies,Flip Chart,69.99,29.0,10,699.9,290.0,409.9,0,Kevin Williams
SO-14542,2022-09-03,2022-09-07,Distributor,WARE-MCD2201,Southwest,Utah,Provo,Central Unity Commerce,Corporate,Office Supplies,Desk Organizer,29.99,11.0,18,458.82,198.0,260.82,15,David Park
SO-14543,2023-10-07,2023-10-12,Distributor,WARE-MCD2201,Southeast,Maryland,Rockville,Elite Pacific Distributors,Government,Clothing,Linen Shirt,54.99,21.0,9,420.66,189.0,231.66,15,Rachel Scott
SO-14544,2023-10-10,2023-10-15,In-Store,WARE-NBV1002,West,Nevada,Sparks,Advanced Core Co,Retail,Electronics,Bluetooth Speaker,149.99,58.0,8,1139.92,464.0,675.92,5,Kevin Williams
SO-14545,2023-09-03,2023-09-09,Wholesale,WARE-NBV1002,Midwest,Indiana,South Bend,National Metro Enterprises,Enterprise,Furniture,Ergonomic Chair Pro,449.99,218.0,2,899.98,436.0,463.98,0,David Park
SO-14546,2023-03-09,2023-03-16,Wholesale,WARE-ATL5509,Midwest,Illinois,Peoria,Unity National Enterprises,Corporate,Office Supplies,Calligraphy Set,39.99,15.0,1,39.99,15.0,24.99,0,James Carter
SO-14547,2023-10-26,2023-10-31,Distributor,WARE-MCD2201,Southeast,North Carolina,Winston-Salem,Atlantic Atlantic Inc,Corporate,Electronics,Portable Projector,499.99,245.0,8,3999.92,1960.0,2039.92,0,Kevin Williams
SO-14548,2022-11-20,2022-11-26,In-Store,WARE-NBV1002,Southwest,Colorado,Aurora,Apex Coastal Enterprises,Corporate,Furniture,Ergonomic Chair Pro,449.99,218.0,17,7649.83,3706.0,3943.83,0,Rachel Scott
SO-14549,2023-08-05,2023-08-10,In-Store,WARE-NBV1002,Southwest,Wyoming,Cheyenne,Coastal Apex Commerce,Retail,Electronics,Laptop Pro 15,1299.99,780.0,10,12999.9,7800.0,5199.9,0,Lisa Chen
SO-14550,2023-11-28,2023-12-05,Wholesale,WARE-MCD2201,Midwest,Ohio,Cincinnati,Swift Unity Commerce,Enterprise,Clothing,Chinos,74.99,30.0,3,224.97,90.0,134.97,0,Sarah Mitchell
SO-14551,2022-06-13,2022-06-18,In-Store,WARE-NBV1002,Midwest,Minnesota,Duluth,Central Bright Supply,Enterprise,Clothing,Chinos,74.99,30.0,7,498.68,210.0,288.68,5,Rachel Scott
SO-14552,2022-02-15,2022-02-19,Online,WARE-UHY1004,South,Alabama,Montgomery,Central Pacific Distributors,Retail,Electronics,Bloomberg Terminal,5999.99,3800.0,16,86399.84,60800.0,25599.84,10,Amanda Torres
SO-14553,2024-03-23,2024-03-30,Distributor,WARE-ATL5509,West,Colorado,Denver,Elite Digital Retail,Small Business,Electronics,Laptop Pro 15,1299.99,780.0,6,7409.94,4680.0,2729.94,5,Emily Johnson
SO-14554,2022-12-22,2022-12-28,Online,WARE-MCD2201,Midwest,Kansas,Kansas City,Advanced Metro Retail,Enterprise,Electronics,Portable Projector,499.99,245.0,7,2974.93,1715.0,1259.93,15,David Park
SO-14555,2023-06-19,2023-07-03,Online,WARE-NBV1002,West,Oregon,Salem,Unity Unity Corp,Retail,Clothing,Country Boots,119.99,52.0,19,2279.81,988.0,1291.81,0,David Park
SO-14556,2023-07-03,2023-07-09,Distributor,WARE-UHY1004,Southwest,New Mexico,Rio Rancho,Metro Advanced Corp,Retail,Furniture,Office Chair,299.99,145.0,22,5939.78,3190.0,2749.78,10,Amanda Torres
SO-14557,2022-09-13,2022-09-20,Online,WARE-MCD2201,West,Montana,Bozeman,Bright Coastal Trading,Corporate,Clothing,Sun Hat,34.99,13.0,5,166.2,65.0,101.2,5,Robert Adams
SO-14558,2022-05-11,2022-05-16,Online,WARE-MCD2201,Southeast,District of Columbia,Washington,Digital Atlantic Corp,Retail,Office Supplies,Desk Organizer,29.99,11.0,7,199.43,77.0,122.43,5,Robert Adams
SO-14559,2022-08-23,2022-08-27,Wholesale,WARE-ATL5509,Southeast,West Virginia,Parkersburg,Metro Advanced Corp,Enterprise,Office Supplies,Desk Organizer,29.99,11.0,10,254.9,110.0,144.9,15,Michael Brown
SO-14560,2023-06-24,2023-06-28,In-Store,WARE-NBV1002,Midwest,Missouri,Kansas City,Core Core Group,Government,Clothing,Linen Shirt,54.99,21.0,20,967.8,420.0,547.8,12,Sarah Mitchell
SO-14561,2022-11-01,2022-11-04,Distributor,WARE-MCD2201,Southwest,Utah,West Valley City,Pioneer Elite Co,Enterprise,Electronics,Desktop Computer,1499.99,890.0,11,14024.89,9790.0,4234.89,15,Lisa Chen
SO-14562,2022-06-22,2022-06-24,In-Store,WARE-NBV1002,Southwest,New Mexico,Rio Rancho,Sterling Atlantic Trading,Retail,Furniture,Storage Cabinet,449.99,215.0,10,4274.9,2150.0,2124.9,5,David Park
SO-14563,2022-03-05,2022-03-09,Distributor,WARE-UHY1004,Midwest,Ohio,Toledo,Global Advanced Enterprises,Corporate,Electronics,MacBook Pro 16,2499.99,1650.0,8,16999.92,13200.0,3799.92,15,Robert Adams
SO-14564,2023-01-19,2023-01-21,Online,WARE-UHY1004,Southwest,New Mexico,Santa Fe,Pioneer Central Distributors,Government,Clothing,Business Casual Shirt,59.99,22.0,17,897.43,374.0,523.43,12,Rachel Scott
SO-14565,2022-05-25,2022-05-29,Online,WARE-ATL5509,Northeast,Maine,Portland,Horizon Pioneer Group,Retail,Electronics,Smart Thermostat,249.99,115.0,9,2249.91,1035.0,1214.91,0,Amanda Torres
SO-14566,2023-04-01,2023-04-05,Online,WARE-PJW3508,South,Georgia,Columbus,Unity Central Inc,Corporate,Clothing,Velvet Blazer,179.99,80.0,8,1367.92,640.0,727.92,5,James Carter
SO-14567,2023-08-13,2023-08-19,Wholesale,WARE-ATL5509,Southeast,Maryland,Bowie,Apex Pacific Trading,Small Business,Furniture,Ergonomic Chair Pro,449.99,218.0,4,1655.96,872.0,783.96,8,Sarah Mitchell
SO-14568,2023-02-20,2023-02-25,Wholesale,WARE-ATL5509,South,Arkansas,Little Rock,Central Horizon Inc,Small Business,Furniture,Glass Desk,799.99,400.0,3,2111.97,1200.0,911.97,12,Amanda Torres
SO-14569,2023-07-09,2023-07-16,In-Store,WARE-UHY1004,South,Texas,Dallas,Digital Pacific Group,Enterprise,Clothing,Rain Jacket,99.99,42.0,22,2089.78,924.0,1165.78,5,Kevin Williams
SO-14570,2022-04-03,2022-04-05,In-Store,WARE-PJW3508,Northeast,Vermont,South Burlington,Sterling National Trading,Retail,Furniture,Laptop Cart,299.99,145.0,8,2399.92,1160.0,1239.92,0,Rachel Scott
SO-14571,2022-12-18,2022-12-28,Online,WARE-PJW3508,Northeast,Rhode Island,Cranston,Coastal Premier Co,Retail,Office Supplies,Ergonomic Chair,349.99,175.0,8,2519.92,1400.0,1119.92,10,David Park
SO-14572,2023-12-04,2023-12-09,In-Store,WARE-UHY1004,Northeast,New York,New York City,Pacific Coastal LLC,Government,Electronics,Smart Home Hub,299.99,140.0,7,1847.93,980.0,867.93,12,Kevin Williams
SO-14573,2024-03-03,2024-03-07,Wholesale,WARE-ATL5509,West,Nevada,Henderson,Pacific Swift LLC,Enterprise,Clothing,Velvet Blazer,179.99,80.0,4,719.96,320.0,399.96,0,James Carter
SO-14574,2023-10-24,2023-10-28,Wholesale,WARE-NBV1002,South,Arkansas,Fayetteville,Sterling Premier Retail,Government,Office Supplies,Electric Stapler,49.99,19.0,3,149.97,57.0,92.97,0,Rachel Scott
SO-14575,2022-12-02,2022-12-05,Wholesale,WARE-UHY1004,Southwest,Arizona,Tucson,Core National Group,Corporate,Furniture,Executive Desk,1199.99,620.0,13,15599.87,8060.0,7539.87,0,James Carter
SO-14576,2022-06-13,2022-06-18,Wholesale,WARE-MCD2201,Southwest,Alaska,Anchorage,Apex Digital Group,Enterprise,Office Supplies,Ink Tank Printer,399.99,195.0,18,6119.82,3510.0,2609.82,15,David Park
SO-14577,2023-08-28,2023-09-02,Distributor,WARE-NBV1002,Southwest,Colorado,Denver,Horizon Summit Solutions,Small Business,Electronics,Wi-Fi Mesh System,399.99,190.0,11,4399.89,2090.0,2309.89,0,Amanda Torres
SO-14578,2022-03-23,2022-04-06,Distributor,WARE-PJW3508,West,Arizona,Scottsdale,Bright Unity Co,Small Business,Furniture,Floor Lamp,159.99,72.0,7,1119.93,504.0,615.93,0,Robert Adams
SO-14579,2022-06-23,2022-06-27,Wholesale,WARE-UHY1004,Midwest,Indiana,Evansville,Advanced Pacific Group,Small Business,Furniture,Glass Desk,799.99,400.0,18,14399.82,7200.0,7199.82,0,Lisa Chen
SO-14580,2022-08-05,2022-08-15,Online,WARE-UHY1004,Midwest,Kansas,Olathe,Global Apex Trading,Corporate,Electronics,Gaming PC,2499.99,1450.0,8,19399.92,11600.0,7799.92,3,Sarah Mitchell
SO-14581,2023-12-15,2023-12-20,Online,WARE-UHY1004,Northeast,Pennsylvania,Erie,Metro Unity Corp,Enterprise,Office Supplies,Filing Cabinet,199.99,95.0,29,4929.71,2755.0,2174.71,15,Robert Adams
SO-14582,2022-04-17,2022-04-22,Online,WARE-ATL5509,Southwest,Nevada,Las Vegas,Swift Elite Retail,Retail,Electronics,Surface Laptop,1399.99,870.0,17,20229.83,14790.0,5439.83,15,Rachel Scott
SO-14583,2023-09-08,2023-09-12,Wholesale,WARE-NBV1002,Southeast,Virginia,Norfolk,Pacific Core Commerce,Small Business,Office Supplies,Printer Cartridges,89.99,32.0,3,229.47,96.0,133.47,15,James Carter
SO-14584,2023-11-11,2023-11-17,In-Store,WARE-PJW3508,Southeast,Virginia,Newport News,Atlantic Advanced Group,Government,Clothing,Swimwear,49.99,19.0,35,1539.65,665.0,874.65,12,David Park
SO-14585,2024-01-06,2024-01-08,Wholesale,WARE-ATL5509,South,Oklahoma,Tulsa,Unity Digital Enterprises,Corporate,Furniture,Partition Wall,349.99,168.0,18,5543.82,3024.0,2519.82,12,Amanda Torres
SO-14586,2022-10-14,2022-10-19,Distributor,WARE-ATL5509,West,Idaho,Idaho Falls,Premier Elite Retail,Government,Electronics,Bluetooth Speaker,149.99,58.0,10,1424.9,580.0,844.9,5,David Park
SO-14587,2024-01-13,2024-01-19,Online,WARE-MCD2201,Midwest,Kansas,Kansas City,Global Summit Distributors,Enterprise,Electronics,Portable Projector,499.99,245.0,6,2699.94,1470.0,1229.94,10,Michael Brown
SO-14588,2023-08-20,2023-08-22,In-Store,WARE-MCD2201,South,Georgia,Athens,Digital Coastal Commerce,Small Business,Furniture,Laptop Cart,299.99,145.0,19,5414.81,2755.0,2659.81,5,Rachel Scott
SO-14589,2024-02-22,2024-02-27,In-Store,WARE-PJW3508,Northeast,Rhode Island,East Providence,Atlantic Advanced Inc,Government,Clothing,Turtleneck,59.99,24.0,17,897.43,408.0,489.43,12,Michael Brown
SO-14590,2023-04-11,2023-04-17,Distributor,WARE-PJW3508,Midwest,Wisconsin,Green Bay,Central Elite Group,Retail,Office Supplies,Stapler Heavy Duty,29.99,11.0,7,209.93,77.0,132.93,0,James Carter
SO-14591,2023-01-03,2023-01-08,Wholesale,WARE-MCD2201,Southeast,District of Columbia,Washington,Sterling Sterling Retail,Enterprise,Electronics,Video Doorbell,179.99,80.0,13,2339.87,1040.0,1299.87,0,Kevin Williams
SO-14592,2023-12-12,2023-12-17,Online,WARE-NBV1002,Southwest,Colorado,Lakewood,Horizon Metro Trading,Enterprise,Electronics,USB Microphone,179.99,78.0,25,4499.75,1950.0,2549.75,0,James Carter
SO-14593,2022-12-14,2022-12-16,In-Store,WARE-UHY1004,South,Georgia,Athens,Unity Pioneer Solutions,Government,Office Supplies,Ink Tank Printer,399.99,195.0,29,11019.71,5655.0,5364.71,5,Lisa Chen
SO-14594,2022-01-20,2022-01-25,Online,WARE-ATL5509,Northeast,New Jersey,Paterson,Swift Coastal Supply,Corporate,Office Supplies,Stapler Heavy Duty,29.99,11.0,9,256.41,99.0,157.41,5,Amanda Torres
SO-14595,2023-02-17,2023-02-27,Online,WARE-NBV1002,Midwest,Indiana,South Bend,Elite Central Distributors,Government,Furniture,Lateral File Cabinet,399.99,192.0,17,6255.83,3264.0,2991.83,8,Rachel Scott
SO-14596,2023-03-11,2023-03-21,Wholesale,WARE-MCD2201,Southwest,Hawaii,Hilo,Digital Digital Co,Enterprise,Electronics,Gaming Console,499.99,250.0,12,5999.88,3000.0,2999.88,0,Emily Johnson
SO-14597,2022-11-25,2022-11-29,In-Store,WARE-PJW3508,South,Louisiana,New Orleans,Atlantic Elite Group,Small Business,Clothing,Formal Jacket,129.99,55.0,24,3119.76,1320.0,1799.76,0,Sarah Mitchell
SO-14598,2023-03-09,2023-03-12,Distributor,WARE-NBV1002,West,Oregon,Gresham,Apex National Supply,Small Business,Furniture,Bar Cart,299.99,140.0,8,2111.92,1120.0,991.92,12,David Park
SO-14599,2023-06-18,2023-06-28,In-Store,WARE-NBV1002,Northeast,New York,New York City,Coastal Elite Corp,Corporate,Furniture,Adjustable Monitor Stand,129.99,58.0,12,1559.88,696.0,863.88,0,Amanda Torres
SO-14600,2023-12-06,2023-12-11,Online,WARE-NBV1002,Southwest,Wyoming,Gillette,Apex Sterling Corp,Corporate,Clothing,Linen Shirt,54.99,21.0,21,1154.79,441.0,713.79,0,Kevin Williams
SO-14601,2022-06-18,2022-06-22,Online,WARE-PJW3508,West,Utah,Orem,Metro Pacific Commerce,Government,Office Supplies,Desk Organizer,29.99,11.0,14,398.86,154.0,244.86,5,Amanda Torres
SO-14602,2022-03-18,2022-03-24,Distributor,WARE-NBV1002,Southwest,Hawaii,Kailua,Digital Pacific Retail,Small Business,Electronics,Wi-Fi Mesh System,399.99,190.0,17,6799.83,3230.0,3569.83,0,Sarah Mitchell
SO-14603,2023-07-06,2023-07-12,In-Store,WARE-ATL5509,Southeast,Maryland,Bowie,Central National Co,Enterprise,Office Supplies,Letter Opener,14.99,5.0,19,256.31,95.0,161.31,10,David Park
SO-14604,2024-03-28,2024-04-02,Wholesale,WARE-UHY1004,South,Alabama,Mobile,Elite Pioneer Co,Retail,Electronics,Wireless Router,199.99,85.0,17,2991.83,1445.0,1546.83,12,Michael Brown
SO-14605,2024-03-22,2024-03-26,Online,WARE-ATL5509,Midwest,Iowa,Des Moines,Digital Core Group,Government,Furniture,Floor Lamp,159.99,72.0,15,2279.85,1080.0,1199.85,5,James Carter
SO-14606,2023-03-11,2023-03-16,Distributor,WARE-UHY1004,West,Washington,Spokane,Atlantic Pioneer Solutions,Small Business,Office Supplies,Filing Cabinet,199.99,95.0,15,2999.85,1425.0,1574.85,0,Amanda Torres
SO-14607,2023-11-11,2023-11-15,Wholesale,WARE-NBV1002,South,South Carolina,Rock Hill,Advanced Pioneer Commerce,Small Business,Clothing,Golf Polo,64.99,26.0,4,259.96,104.0,155.96,0,David Park
SO-14608,2023-08-01,2023-08-06,Distributor,WARE-PJW3508,Midwest,Minnesota,Saint Paul,Unity Digital Enterprises,Enterprise,Office Supplies,Laminator,89.99,40.0,3,269.97,120.0,149.97,0,Kevin Williams
SO-14609,2022-03-11,2022-03-25,Distributor,WARE-MCD2201,Midwest,Illinois,Chicago,Bright Horizon Distributors,Retail,Furniture,Glass Desk,799.99,400.0,1,679.99,400.0,279.99,15,James Carter
SO-14610,2023-03-29,2023-04-05,In-Store,WARE-MCD2201,Northeast,Vermont,Barre,Premier Horizon Commerce,Corporate,Clothing,Swimwear,49.99,19.0,7,297.43,133.0,164.43,15,Amanda Torres
SO-14611,2023-08-04,2023-08-10,Wholesale,WARE-ATL5509,Southeast,Delaware,Smyrna,Core Premier Inc,Government,Electronics,Digital Whiteboard,1999.99,1100.0,17,29919.83,18700.0,11219.83,12,Emily Johnson
SO-14612,2022-04-21,2022-04-26,In-Store,WARE-NBV1002,Southwest,Utah,Orem,Advanced Global Commerce,Government,Electronics,Laptop Pro 15,1299.99,780.0,7,9099.93,5460.0,3639.93,0,Lisa Chen
SO-14613,2023-05-09,2023-05-16,In-Store,WARE-UHY1004,Southwest,Nevada,North Las Vegas,Central Elite Supply,Enterprise,Furniture,Bookshelf,249.99,110.0,10,2374.9,1100.0,1274.9,5,James Carter
SO-14614,2023-06-19,2023-06-26,Distributor,WARE-ATL5509,Midwest,Wisconsin,Kenosha,Unity Swift Inc,Enterprise,Clothing,Suit Set,299.99,135.0,18,5129.82,2430.0,2699.82,5,Michael Brown
SO-14615,2022-05-11,2022-05-25,Wholesale,WARE-NBV1002,West,Arizona,Tucson,National Sterling Group,Enterprise,Electronics,Laptop Pro 13,1099.99,650.0,18,19799.82,11700.0,8099.82,0,Robert Adams
SO-14616,2022-09-09,2022-09-16,Distributor,WARE-NBV1002,Southwest,Colorado,Colorado Springs,Advanced Core Corp,Government,Electronics,iPhone 15,999.99,620.0,15,14999.85,9300.0,5699.85,0,David Park
SO-14617,2022-08-17,2022-08-23,Online,WARE-UHY1004,Southeast,Kentucky,Owensboro,National Digital Solutions,Small Business,Furniture,Credenza,649.99,320.0,18,11114.82,5760.0,5354.82,5,James Carter
SO-14618,2023-11-27,2023-12-01,Distributor,WARE-MCD2201,West,Oregon,Portland,Premier Premier Corp,Corporate,Furniture,TV Stand,249.99,118.0,6,1499.94,708.0,791.94,0,Emily Johnson
SO-14619,2023-07-02,2023-07-05,Wholesale,WARE-PJW3508,South,Florida,Jacksonville,Sterling Global Distributors,Small Business,Office Supplies,Tape Dispenser,24.99,9.0,2,43.98,18.0,25.98,12,Rachel Scott
SO-14620,2022-02-10,2022-02-16,In-Store,WARE-UHY1004,South,Oklahoma,Norman,Premier Global Inc,Enterprise,Furniture,Reception Desk,849.99,430.0,15,12367.35,6450.0,5917.35,3,Michael Brown
SO-14621,2023-01-28,2023-01-30,Distributor,WARE-NBV1002,Southwest,Arizona,Tucson,Pioneer Horizon Inc,Government,Electronics,Smartband,199.99,88.0,4,759.96,352.0,407.96,5,Emily Johnson
SO-14622,2022-04-11,2022-04-18,In-Store,WARE-PJW3508,West,Arizona,Phoenix,Unity Summit Corp,Corporate,Clothing,Rain Jacket,99.99,42.0,12,1199.88,504.0,695.88,0,Emily Johnson
SO-14623,2022-03-21,2022-03-24,Online,WARE-UHY1004,Southwest,Nevada,Sparks,Elite Premier Supply,Government,Furniture,Conference Table,999.99,520.0,1,999.99,520.0,479.99,0,Rachel Scott
SO-14624,2022-05-04,2022-05-18,In-Store,WARE-UHY1004,Southwest,Nevada,Sparks,National Pioneer Inc,Corporate,Furniture,Partition Wall,349.99,168.0,10,3149.9,1680.0,1469.9,10,Michael Brown
SO-14625,2023-12-08,2023-12-13,In-Store,WARE-NBV1002,Southeast,North Carolina,Durham,Pioneer National Retail,Corporate,Electronics,MacBook Pro 16,2499.99,1650.0,8,16999.92,13200.0,3799.92,15,Lisa Chen
SO-14626,2024-03-20,2024-03-27,In-Store,WARE-PJW3508,Southeast,West Virginia,Wheeling,Pacific Sterling Retail,Corporate,Furniture,Hallway Table,279.99,132.0,6,1478.34,792.0,686.34,12,Rachel Scott
SO-14627,2024-03-18,2024-03-25,Online,WARE-ATL5509,Southwest,Colorado,Denver,Central National Inc,Corporate,Clothing,Country Boots,119.99,52.0,18,1943.82,936.0,1007.82,10,Sarah Mitchell
SO-14628,2023-12-09,2023-12-23,Distributor,WARE-ATL5509,Midwest,Wisconsin,Madison,Sterling Atlantic Inc,Government,Electronics,Smart Home Hub,299.99,140.0,31,9299.69,4340.0,4959.69,0,Robert Adams
SO-14629,2022-05-30,2022-06-05,In-Store,WARE-MCD2201,Northeast,Vermont,Rutland,Swift Elite Retail,Small Business,Furniture,Bookshelf,249.99,110.0,1,212.49,110.0,102.49,15,David Park
SO-14630,2023-04-12,2023-04-17,Distributor,WARE-MCD2201,Midwest,Michigan,Ann Arbor,Metro Pioneer Trading,Retail,Office Supplies,Copier Machine,1299.99,680.0,5,6499.95,3400.0,3099.95,0,Rachel Scott
SO-14631,2022-05-26,2022-06-02,Online,WARE-NBV1002,Southwest,Arizona,Chandler,Sterling Advanced Supply,Small Business,Clothing,Polo Shirt,44.99,18.0,15,573.6,270.0,303.6,15,James Carter
SO-14632,2024-03-27,2024-03-31,Online,WARE-MCD2201,Midwest,Nebraska,Grand Island,Sterling Bright Enterprises,Small Business,Office Supplies,Binding Machine,149.99,68.0,7,1049.93,476.0,573.93,0,James Carter
SO-14633,2023-03-24,2023-03-29,Distributor,WARE-PJW3508,West,Idaho,Idaho Falls,Summit Summit Commerce,Corporate,Clothing,Linen Pants,64.99,26.0,4,259.96,104.0,155.96,0,Michael Brown
SO-14634,2023-02-04,2023-02-10,Wholesale,WARE-UHY1004,Northeast,Connecticut,Stamford,Metro Atlantic Solutions,Small Business,Electronics,Smart Home Hub,299.99,140.0,17,4844.83,2380.0,2464.83,5,Lisa Chen
SO-14635,2024-02-14,2024-02-19,In-Store,WARE-MCD2201,Southeast,Maryland,Bowie,Pioneer Core Commerce,Government,Electronics,Portable Charger,79.99,34.0,1,75.99,34.0,41.99,5,Sarah Mitchell
SO-14636,2024-01-31,2024-02-04,Online,WARE-UHY1004,Midwest,Iowa,Des Moines,Atlantic Horizon Corp,Retail,Furniture,Hallway Table,279.99,132.0,14,3527.86,1848.0,1679.86,10,Rachel Scott
SO-14637,2022-10-05,2022-10-09,In-Store,WARE-MCD2201,Southeast,North Carolina,Greensboro,Sterling Elite Inc,Government,Office Supplies,Whiteboard,159.99,72.0,12,1689.48,864.0,825.48,12,Amanda Torres
SO-14638,2022-02-21,2022-03-03,In-Store,WARE-NBV1002,Southeast,Delaware,Dover,Unity Pioneer Supply,Enterprise,Office Supplies,Label Printer,179.99,82.0,6,1079.94,492.0,587.94,0,David Park
SO-14639,2022-09-22,2022-09-25,Distributor,WARE-NBV1002,Midwest,Indiana,Carmel,Apex Central Solutions,Government,Electronics,Smart Watch,399.99,180.0,9,3167.91,1620.0,1547.91,12,Amanda Torres
SO-14640,2022-09-15,2022-09-21,Online,WARE-ATL5509,Southwest,Colorado,Colorado Springs,Bright Summit Retail,Enterprise,Furniture,Conference Table,999.99,520.0,10,9499.9,5200.0,4299.9,5,Michael Brown
SO-14641,2024-02-12,2024-02-16,Distributor,WARE-PJW3508,Midwest,Indiana,Evansville,Digital Bright Co,Small Business,Electronics,Bluetooth Speaker,149.99,58.0,17,2549.83,986.0,1563.83,0,Robert Adams
SO-14642,2023-05-28,2023-06-11,Wholesale,WARE-UHY1004,Southeast,Virginia,Norfolk,Summit Digital Distributors,Corporate,Furniture,Hallway Table,279.99,132.0,15,3989.85,1980.0,2009.85,5,Michael Brown
SO-14643,2023-08-05,2023-08-19,Wholesale,WARE-UHY1004,Southeast,Kentucky,Bowling Green,Coastal Sterling LLC,Government,Furniture,Standing Desk,699.99,350.0,11,6775.89,3850.0,2925.89,12,Kevin Williams
SO-14644,2022-12-11,2022-12-15,Distributor,WARE-MCD2201,South,Oklahoma,Oklahoma City,Atlantic Atlantic Commerce,Small Business,Electronics,Bloomberg Terminal,5999.99,3800.0,13,77999.87,49400.0,28599.87,0,Emily Johnson
SO-14645,2023-01-13,2023-01-17,Distributor,WARE-UHY1004,Northeast,Massachusetts,Cambridge,National Global Inc,Small Business,Clothing,Turtleneck,59.99,24.0,13,717.47,312.0,405.47,8,Lisa Chen
SO-14646,2023-02-10,2023-02-12,Distributor,WARE-NBV1002,Southeast,Kentucky,Louisville,Pioneer Coastal Distributors,Enterprise,Electronics,Drone Camera,799.99,400.0,10,7599.9,4000.0,3599.9,5,David Park
SO-14647,2022-05-30,2022-06-03,Wholesale,WARE-MCD2201,Southwest,Hawaii,Hilo,Coastal Summit Solutions,Enterprise,Furniture,Bar Cart,299.99,140.0,17,4334.83,2380.0,1954.83,15,Sarah Mitchell
SO-14648,2023-03-03,2023-03-09,Wholesale,WARE-UHY1004,Southwest,Alaska,Anchorage,Coastal Sterling Inc,Small Business,Clothing,Turtleneck,59.99,24.0,13,701.87,312.0,389.87,10,David Park
SO-14649,2023-04-04,2023-04-07,Wholesale,WARE-ATL5509,Midwest,Indiana,Carmel,Bright Central Enterprises,Small Business,Clothing,Summer Dress,79.99,30.0,4,294.36,120.0,174.36,8,Rachel Scott
SO-14650,2022-08-21,2022-08-25,Distributor,WARE-NBV1002,South,Louisiana,Lake Charles,Core Premier Commerce,Enterprise,Clothing,Casual Pants,69.99,28.0,11,708.29,308.0,400.29,8,David Park
SO-14651,2024-02-28,2024-03-04,In-Store,WARE-UHY1004,South,Oklahoma,Tulsa,Pacific Horizon Supply,Small Business,Clothing,Country Boots,119.99,52.0,10,1139.9,520.0,619.9,5,David Park
SO-14652,2023-07-05,2023-07-10,Distributor,WARE-NBV1002,Southwest,New Mexico,Albuquerque,Apex Elite Co,Small Business,Electronics,Video Doorbell,179.99,80.0,15,2699.85,1200.0,1499.85,0,Lisa Chen
SO-14653,2024-01-28,2024-02-07,Wholesale,WARE-NBV1002,Southeast,Kentucky,Louisville,Swift Metro Retail,Government,Clothing,Swimwear,49.99,19.0,12,509.88,228.0,281.88,15,Michael Brown
SO-14654,2022-01-07,2022-01-13,Wholesale,WARE-NBV1002,West,Arizona,Scottsdale,Digital Coastal Co,Small Business,Clothing,Velvet Blazer,179.99,80.0,17,2906.83,1360.0,1546.83,5,David Park
SO-14655,2024-03-09,2024-03-14,In-Store,WARE-NBV1002,South,Georgia,Augusta,Horizon Atlantic Distributors,Retail,Office Supplies,Calligraphy Set,39.99,15.0,14,559.86,210.0,349.86,0,Emily Johnson
SO-14656,2023-04-14,2023-04-28,In-Store,WARE-MCD2201,West,Utah,Provo,Coastal Metro Enterprises,Retail,Clothing,Holiday Sweater,69.99,28.0,8,559.92,224.0,335.92,0,Robert Adams
SO-14657,2023-04-02,2023-04-05,Distributor,WARE-MCD2201,Southwest,Utah,West Jordan,Digital Central Trading,Corporate,Furniture,Floor Lamp,159.99,72.0,14,2127.86,1008.0,1119.86,5,David Park
SO-14658,2022-04-23,2022-04-30,Wholesale,WARE-UHY1004,Midwest,Illinois,Springfield,Bright Advanced Solutions,Enterprise,Office Supplies,Electric Stapler,49.99,19.0,5,237.45,95.0,142.45,5,Michael Brown
SO-14659,2023-07-05,2023-07-10,Distributor,WARE-MCD2201,Southeast,North Carolina,Durham,Unity Pacific Inc,Government,Clothing,Rain Jacket,99.99,42.0,7,664.93,294.0,370.93,5,Sarah Mitchell
SO-14660,2022-01-13,2022-01-19,Wholesale,WARE-NBV1002,Southeast,Virginia,Norfolk,Apex Coastal Trading,Enterprise,Electronics,Ring Light,89.99,36.0,8,719.92,288.0,431.92,0,Emily Johnson
SO-14661,2023-07-03,2023-07-08,Wholesale,WARE-UHY1004,South,Texas,El Paso,Metro Coastal Distributors,Enterprise,Electronics,USB-C Hub,79.99,32.0,8,588.72,256.0,332.72,8,Rachel Scott
SO-14662,2023-08-09,2023-08-12,Wholesale,WARE-PJW3508,Southeast,Delaware,Newark,Global Swift Distributors,Government,Clothing,Suit Set,299.99,135.0,4,1163.96,540.0,623.96,3,David Park
SO-14663,2022-10-31,2022-11-03,Online,WARE-UHY1004,South,Oklahoma,Oklahoma City,Pacific Coastal Trading,Corporate,Furniture,Conference Table,999.99,520.0,9,8279.91,4680.0,3599.91,8,David Park
SO-14664,2023-08-11,2023-08-14,Online,WARE-PJW3508,South,Alabama,Montgomery,Sterling Unity Inc,Retail,Furniture,Modular Sofa,1499.99,750.0,15,22499.85,11250.0,11249.85,0,Michael Brown
SO-14665,2022-02-24,2022-02-28,Online,WARE-UHY1004,Southwest,Hawaii,Kailua,National Unity Enterprises,Government,Furniture,Adjustable Monitor Stand,129.99,58.0,6,662.94,348.0,314.94,15,Rachel Scott
SO-14666,2023-12-06,2023-12-10,Online,WARE-PJW3508,Southeast,Kentucky,Lexington,Advanced Advanced Solutions,Retail,Clothing,Running Shoes,89.99,38.0,17,1453.33,646.0,807.33,5,Emily Johnson
SO-14667,2023-02-10,2023-02-16,Distributor,WARE-PJW3508,Southwest,New Mexico,Albuquerque,Digital Unity Corp,Retail,Furniture,Glass Desk,799.99,400.0,3,2279.97,1200.0,1079.97,5,David Park
SO-14668,2022-04-24,2022-04-29,Wholesale,WARE-UHY1004,South,Mississippi,Gulfport,Central Elite Enterprises,Corporate,Electronics,Drone Camera,799.99,400.0,5,3999.95,2000.0,1999.95,0,Amanda Torres
SO-14669,2023-07-19,2023-07-23,Online,WARE-NBV1002,South,Tennessee,Memphis,Pioneer Digital Inc,Enterprise,Furniture,Bookshelf,249.99,110.0,22,4674.78,2420.0,2254.78,15,James Carter
SO-14670,2023-03-15,2023-03-21,Online,WARE-UHY1004,Southwest,Utah,Provo,Pioneer Coastal Corp,Enterprise,Office Supplies,Label Printer,179.99,82.0,5,872.95,410.0,462.95,3,Emily Johnson
SO-14671,2022-01-17,2022-01-22,Wholesale,WARE-NBV1002,South,Alabama,Mobile,Summit Pacific Group,Retail,Electronics,Bluetooth Speaker,149.99,58.0,11,1402.39,638.0,764.39,15,Kevin Williams
SO-14672,2024-03-17,2024-03-22,Distributor,WARE-PJW3508,South,Oklahoma,Lawton,Advanced Apex Trading,Small Business,Clothing,Casual Pants,69.99,28.0,17,1189.83,476.0,713.83,0,Sarah Mitchell
SO-14673,2023-08-22,2023-08-27,Wholesale,WARE-MCD2201,Southwest,New Mexico,Santa Fe,Bright Coastal Inc,Enterprise,Clothing,Board Shorts,54.99,21.0,3,164.97,63.0,101.97,0,Michael Brown
SO-14674,2023-01-08,2023-01-18,Wholesale,WARE-UHY1004,South,Alabama,Tuscaloosa,Atlantic Apex Retail,Small Business,Office Supplies,Flip Chart,69.99,29.0,16,1030.24,464.0,566.24,8,David Park
SO-14675,2023-11-20,2023-11-27,In-Store,WARE-NBV1002,Northeast,Vermont,Burlington,Elite Pacific Corp,Small Business,Electronics,Portable Projector,499.99,245.0,8,3999.92,1960.0,2039.92,0,David Park
SO-14676,2022-08-23,2022-08-28,Distributor,WARE-NBV1002,West,Oregon,Gresham,Core Metro Group,Small Business,Furniture,Lateral File Cabinet,399.99,192.0,3,1103.97,576.0,527.97,8,Michael Brown
SO-14677,2024-01-07,2024-01-13,Distributor,WARE-NBV1002,South,Texas,Lubbock,Advanced Summit Co,Corporate,Office Supplies,Card Reader,39.99,15.0,11,439.89,165.0,274.89,0,David Park
SO-14678,2022-03-08,2022-03-14,Wholesale,WARE-UHY1004,Southeast,District of Columbia,Washington,Horizon Swift Solutions,Small Business,Office Supplies,Paper Shredder,129.99,62.0,10,1195.9,620.0,575.9,8,Michael Brown
SO-14679,2023-02-13,2023-02-16,Wholesale,WARE-UHY1004,West,Utah,West Jordan,Metro Global Supply,Retail,Clothing,Suit Set,299.99,135.0,17,4946.83,2295.0,2651.83,3,James Carter
SO-14680,2023-03-19,2023-03-23,In-Store,WARE-PJW3508,South,Oklahoma,Broken Arrow,Global Unity Commerce,Retail,Clothing,Winter Coat,149.99,65.0,9,1282.41,585.0,697.41,5,James Carter
SO-14681,2022-06-17,2022-06-21,Distributor,WARE-UHY1004,Midwest,Wisconsin,Green Bay,Swift Horizon Retail,Corporate,Furniture,Ergonomic Chair Pro,449.99,218.0,19,7523.81,4142.0,3381.81,12,James Carter
SO-14682,2024-03-05,2024-03-11,In-Store,WARE-NBV1002,Southeast,Maryland,Frederick,Bright Advanced Supply,Corporate,Electronics,Drone Camera,799.99,400.0,10,7199.9,4000.0,3199.9,10,Kevin Williams
SO-14683,2023-04-25,2023-05-01,Distributor,WARE-MCD2201,West,California,Anaheim,Bright National Retail,Retail,Electronics,Digital Whiteboard,1999.99,1100.0,12,23279.88,13200.0,10079.88,3,David Park
SO-14684,2022-02-10,2022-02-14,Distributor,WARE-UHY1004,Northeast,New York,Albany,Pioneer Sterling Supply,Small Business,Office Supplies,Desk Organizer,29.99,11.0,17,469.03,187.0,282.03,8,Kevin Williams
SO-14685,2022-08-25,2022-08-30,Online,WARE-PJW3508,Southwest,New Mexico,Rio Rancho,Coastal Horizon Commerce,Retail,Office Supplies,Stapler Heavy Duty,29.99,11.0,10,299.9,110.0,189.9,0,Kevin Williams
SO-14686,2024-03-17,2024-03-22,Online,WARE-PJW3508,Northeast,Rhode Island,Warwick,Unity Premier Co,Government,Furniture,Reception Desk,849.99,430.0,5,4037.45,2150.0,1887.45,5,James Carter
SO-14687,2022-06-27,2022-07-03,Online,WARE-PJW3508,Southeast,West Virginia,Morgantown,Elite Atlantic Supply,Government,Furniture,TV Stand,249.99,118.0,5,1062.45,590.0,472.45,15,Amanda Torres
SO-14688,2022-03-09,2022-03-19,Wholesale,WARE-NBV1002,West,Idaho,Idaho Falls,Coastal Pioneer Supply,Enterprise,Furniture,Bookshelf,249.99,110.0,18,4499.82,1980.0,2519.82,0,Sarah Mitchell
SO-14689,2024-02-29,2024-03-02,Wholesale,WARE-UHY1004,Southwest,Hawaii,Kaneohe,Central Elite Corp,Enterprise,Clothing,Winter Coat,149.99,65.0,4,551.96,260.0,291.96,8,David Park
SO-14690,2023-12-01,2023-12-06,Wholesale,WARE-ATL5509,South,Texas,San Antonio,Pioneer National Solutions,Retail,Furniture,Adjustable Monitor Stand,129.99,58.0,34,4066.06,1972.0,2094.06,8,David Park
SO-14691,2022-08-13,2022-08-20,Wholesale,WARE-NBV1002,West,New Mexico,Las Cruces,Premier Advanced Solutions,Enterprise,Clothing,Business Casual Shirt,59.99,22.0,6,359.94,132.0,227.94,0,Michael Brown
SO-14692,2023-12-07,2023-12-12,Wholesale,WARE-ATL5509,West,Montana,Helena,Pacific Core Distributors,Small Business,Furniture,Ergonomic Chair Pro,449.99,218.0,9,3847.41,1962.0,1885.41,5,Robert Adams
SO-14693,2022-05-28,2022-06-02,Online,WARE-UHY1004,West,Utah,West Valley City,Apex Bright Trading,Small Business,Electronics,Conference Camera,449.99,210.0,8,3599.92,1680.0,1919.92,0,Emily Johnson
SO-14694,2022-09-09,2022-09-19,Wholesale,WARE-PJW3508,Southwest,New Mexico,Rio Rancho,Summit Advanced Group,Government,Clothing,Sun Hat,34.99,13.0,5,174.95,65.0,109.95,0,Sarah Mitchell
SO-14695,2023-02-04,2023-02-14,Distributor,WARE-MCD2201,Northeast,Vermont,South Burlington,Apex Pacific LLC,Retail,Furniture,TV Stand,249.99,118.0,15,3299.85,1770.0,1529.85,12,Amanda Torres
SO-14696,2022-11-20,2022-11-25,Wholesale,WARE-ATL5509,Northeast,Vermont,South Burlington,Coastal Summit Retail,Retail,Electronics,Portable Projector,499.99,245.0,15,6374.85,3675.0,2699.85,15,Sarah Mitchell
SO-14697,2022-06-18,2022-06-22,Wholesale,WARE-NBV1002,Northeast,New Hampshire,Dover,Advanced Metro Corp,Government,Electronics,NAS Storage,899.99,450.0,19,16244.81,8550.0,7694.81,5,Emily Johnson
SO-14698,2023-10-12,2023-10-17,Distributor,WARE-UHY1004,Midwest,Kansas,Topeka,Metro Unity Solutions,Corporate,Clothing,Winter Coat,149.99,65.0,7,997.43,455.0,542.43,5,Michael Brown
SO-14699,2022-07-03,2022-07-08,Distributor,WARE-UHY1004,Southeast,Kentucky,Bowling Green,Pioneer Central Enterprises,Government,Furniture,Bar Cart,299.99,140.0,18,4859.82,2520.0,2339.82,10,David Park
SO-14700,2022-12-17,2022-12-23,In-Store,WARE-MCD2201,West,Idaho,Pocatello,Sterling Pacific Group,Small Business,Electronics,Smart TV 55,799.99,400.0,16,12799.84,6400.0,6399.84,0,Emily Johnson
SO-14701,2022-04-09,2022-04-13,Online,WARE-ATL5509,South,Mississippi,Biloxi,Bright Metro Corp,Enterprise,Electronics,USB Microphone,179.99,78.0,10,1583.9,780.0,803.9,12,Robert Adams
SO-14702,2022-05-11,2022-05-15,Distributor,WARE-ATL5509,West,Colorado,Aurora,Central Advanced Supply,Small Business,Electronics,NAS Storage,899.99,450.0,3,2375.97,1350.0,1025.97,12,Rachel Scott
SO-14703,2022-06-01,2022-06-06,Wholesale,WARE-UHY1004,West,Washington,Spokane,Atlantic Bright Inc,Enterprise,Electronics,Home Theater System,1499.99,820.0,18,26999.82,14760.0,12239.82,0,David Park
SO-14704,2022-12-28,2023-01-01,In-Store,WARE-ATL5509,Midwest,Michigan,Detroit,National Digital Trading,Small Business,Office Supplies,Document Scanner,299.99,145.0,28,7979.72,4060.0,3919.72,5,James Carter
SO-14705,2023-03-01,2023-03-07,Wholesale,WARE-NBV1002,West,Utah,Provo,Elite Digital Inc,Corporate,Furniture,Reception Desk,849.99,430.0,14,11899.86,6020.0,5879.86,0,James Carter
SO-14706,2022-08-28,2022-09-04,Distributor,WARE-UHY1004,Southeast,Maryland,Rockville,Pioneer Digital Commerce,Retail,Clothing,Turtleneck,59.99,24.0,18,1079.82,432.0,647.82,0,Sarah Mitchell
SO-14707,2023-10-20,2023-10-26,Wholesale,WARE-PJW3508,Northeast,Maine,Portland,Horizon Swift LLC,Government,Furniture,Floor Lamp,159.99,72.0,13,2079.87,936.0,1143.87,0,Sarah Mitchell
SO-14708,2023-10-08,2023-10-11,Distributor,WARE-NBV1002,Midwest,Kansas,Topeka,Elite Digital Commerce,Government,Electronics,USB Microphone,179.99,78.0,14,2141.86,1092.0,1049.86,15,Amanda Torres
SO-14709,2023-02-16,2023-02-22,Wholesale,WARE-NBV1002,Northeast,Rhode Island,Pawtucket,Metro Global Co,Government,Electronics,Drone Camera,799.99,400.0,6,4799.94,2400.0,2399.94,0,Michael Brown
SO-14710,2022-12-14,2022-12-21,Wholesale,WARE-NBV1002,Northeast,Vermont,Rutland,Digital Global Commerce,Enterprise,Clothing,Linen Shirt,54.99,21.0,5,266.7,105.0,161.7,3,David Park
SO-14711,2024-03-20,2024-03-26,In-Store,WARE-MCD2201,South,South Carolina,Columbia,Elite Horizon Commerce,Retail,Electronics,Wireless Headphones,249.99,99.0,15,3749.85,1485.0,2264.85,0,Robert Adams
SO-14712,2022-04-06,2022-04-11,In-Store,WARE-ATL5509,South,Florida,Fort Lauderdale,Apex Central Supply,Small Business,Clothing,Business Casual Shirt,59.99,22.0,5,299.95,110.0,189.95,0,David Park
SO-14713,2022-05-18,2022-06-01,Distributor,WARE-ATL5509,West,Montana,Missoula,Sterling Summit LLC,Retail,Office Supplies,Electric Stapler,49.99,19.0,2,96.98,38.0,58.98,3,David Park
SO-14714,2023-05-30,2023-06-02,Wholesale,WARE-ATL5509,South,Texas,San Antonio,Elite Atlantic Distributors,Government,Clothing,Casual Pants,69.99,28.0,4,279.96,112.0,167.96,0,Lisa Chen
SO-14715,2024-01-28,2024-02-07,Distributor,WARE-MCD2201,South,Alabama,Tuscaloosa,Central National Enterprises,Government,Electronics,Smart Watch,399.99,180.0,12,4799.88,2160.0,2639.88,0,Kevin Williams
SO-14716,2023-09-27,2023-10-03,In-Store,WARE-UHY1004,Southwest,Nevada,Reno,Swift Atlantic Supply,Government,Furniture,Hallway Table,279.99,132.0,4,1007.96,528.0,479.96,10,Sarah Mitchell
SO-14717,2023-06-16,2023-06-22,Wholesale,WARE-PJW3508,West,Oregon,Salem,Core Premier Supply,Enterprise,Office Supplies,Calligraphy Set,39.99,15.0,7,271.53,105.0,166.53,3,Sarah Mitchell
SO-14718,2022-11-23,2022-11-30,Distributor,WARE-PJW3508,South,Oklahoma,Broken Arrow,Pioneer Sterling Enterprises,Small Business,Electronics,4K Camera,1199.99,600.0,21,25199.79,12600.0,12599.79,0,Robert Adams
SO-14719,2022-02-11,2022-02-13,Online,WARE-PJW3508,Midwest,Ohio,Cleveland,Sterling Bright Distributors,Corporate,Clothing,Country Boots,119.99,52.0,16,1919.84,832.0,1087.84,0,James Carter
SO-14720,2023-04-16,2023-04-21,Wholesale,WARE-NBV1002,Southwest,Hawaii,Honolulu,Apex Elite Supply,Corporate,Clothing,Linen Pants,64.99,26.0,17,994.33,442.0,552.33,10,Michael Brown
SO-14721,2022-10-16,2022-10-21,Wholesale,WARE-UHY1004,Midwest,Wisconsin,Green Bay,National Digital Group,Small Business,Clothing,Country Boots,119.99,52.0,5,569.95,260.0,309.95,5,David Park
SO-14722,2022-09-19,2022-09-23,Wholesale,WARE-ATL5509,Southwest,Wyoming,Casper,Atlantic Premier Corp,Enterprise,Clothing,Casual Pants,69.99,28.0,10,629.9,280.0,349.9,10,Sarah Mitchell
SO-14723,2022-03-03,2022-03-09,Distributor,WARE-NBV1002,Midwest,Minnesota,Duluth,Unity Apex Group,Small Business,Office Supplies,Printer Cartridges,89.99,32.0,4,341.96,128.0,213.96,5,Rachel Scott
SO-14724,2023-06-04,2023-06-09,In-Store,WARE-MCD2201,West,California,Anaheim,Advanced Metro LLC,Enterprise,Furniture,Lounge Chair,399.99,195.0,21,7727.79,4095.0,3632.79,8,Kevin Williams
SO-14725,2022-08-16,2022-08-21,Online,WARE-PJW3508,Southeast,West Virginia,Parkersburg,Advanced Coastal LLC,Government,Office Supplies,Stapler Heavy Duty,29.99,11.0,17,509.83,187.0,322.83,0,Rachel Scott
SO-14726,2023-11-15,2023-11-21,Online,WARE-PJW3508,Southwest,Utah,Salt Lake City,Sterling Global Solutions,Corporate,Electronics,Server Unit,4999.99,2800.0,22,93499.78,61600.0,31899.78,15,Lisa Chen
SO-14727,2024-02-19,2024-02-23,Online,WARE-MCD2201,Southeast,Maryland,Bowie,Central Premier Enterprises,Corporate,Electronics,Smart Display,349.99,165.0,2,664.98,330.0,334.98,5,James Carter
SO-14728,2022-04-12,2022-04-19,In-Store,WARE-ATL5509,Southwest,Wyoming,Cheyenne,Apex National Enterprises,Corporate,Electronics,USB-C Hub,79.99,32.0,16,1087.84,512.0,575.84,15,Amanda Torres
SO-14729,2023-08-15,2023-08-20,Distributor,WARE-PJW3508,West,Arizona,Phoenix,Pacific Atlantic Solutions,Corporate,Furniture,Credenza,649.99,320.0,16,10087.84,5120.0,4967.84,3,David Park
SO-14730,2023-07-02,2023-07-07,Wholesale,WARE-PJW3508,Midwest,Minnesota,Saint Paul,Global Metro Distributors,Corporate,Office Supplies,Card Reader,39.99,15.0,9,323.91,135.0,188.91,10,Kevin Williams
SO-14731,2023-12-05,2023-12-11,Wholesale,WARE-UHY1004,Southeast,West Virginia,Wheeling,Atlantic Bright Retail,Small Business,Office Supplies,Calligraphy Set,39.99,15.0,34,1223.66,510.0,713.66,10,James Carter
SO-14732,2023-07-17,2023-07-24,Distributor,WARE-NBV1002,Southwest,Hawaii,Kailua,Coastal Pioneer Commerce,Small Business,Furniture,Credenza,649.99,320.0,15,9749.85,4800.0,4949.85,0,James Carter
SO-14733,2023-02-22,2023-02-27,In-Store,WARE-ATL5509,Northeast,Pennsylvania,Pittsburgh,Central Central Enterprises,Government,Office Supplies,Ergonomic Chair,349.99,175.0,10,3499.9,1750.0,1749.9,0,Emily Johnson
SO-14734,2022-03-26,2022-03-30,In-Store,WARE-ATL5509,West,Washington,Everett,Premier Core Trading,Corporate,Furniture,Floor Lamp,159.99,72.0,1,140.79,72.0,68.79,12,Robert Adams
SO-14735,2022-02-25,2022-02-28,Wholesale,WARE-PJW3508,West,Arizona,Scottsdale,Premier Premier Supply,Government,Office Supplies,Calligraphy Set,39.99,15.0,8,319.92,120.0,199.92,0,Sarah Mitchell
SO-14736,2023-10-23,2023-10-27,Wholesale,WARE-ATL5509,Southwest,Hawaii,Kapolei,Elite Central Group,Corporate,Office Supplies,Label Maker,59.99,24.0,6,316.74,144.0,172.74,12,Robert Adams
SO-14737,2022-12-02,2022-12-07,Online,WARE-UHY1004,South,Texas,El Paso,Pacific Pacific Commerce,Small Business,Office Supplies,Document Scanner,299.99,145.0,11,3299.89,1595.0,1704.89,0,James Carter
SO-14738,2023-10-07,2023-10-11,Wholesale,WARE-PJW3508,West,Colorado,Lakewood,Advanced Elite Supply,Small Business,Electronics,Surface Laptop,1399.99,870.0,5,6999.95,4350.0,2649.95,0,Sarah Mitchell
SO-14739,2022-10-07,2022-10-11,Online,WARE-NBV1002,Northeast,Massachusetts,Boston,Apex Metro Inc,Government,Clothing,Board Shorts,54.99,21.0,11,604.89,231.0,373.89,0,Amanda Torres
SO-14740,2023-01-16,2023-01-19,Distributor,WARE-NBV1002,Northeast,Rhode Island,East Providence,Pioneer Global Retail,Small Business,Electronics,Conference Camera,449.99,210.0,4,1799.96,840.0,959.96,0,Robert Adams
SO-14741,2022-06-20,2022-06-25,Wholesale,WARE-MCD2201,Southwest,Wyoming,Cheyenne,Metro Unity Corp,Corporate,Electronics,iPhone 15,999.99,620.0,18,17099.82,11160.0,5939.82,5,Emily Johnson
SO-14742,2023-07-26,2023-07-31,In-Store,WARE-MCD2201,Southeast,North Carolina,Winston-Salem,Atlantic Sterling Distributors,Corporate,Clothing,Sports Jacket,109.99,46.0,2,186.98,92.0,94.98,15,Rachel Scott
SO-14743,2022-11-07,2022-11-11,Distributor,WARE-MCD2201,Northeast,New York,Albany,Unity Atlantic Enterprises,Corporate,Furniture,Corner Desk,699.99,345.0,10,6159.9,3450.0,2709.9,12,James Carter
SO-14744,2023-07-07,2023-07-11,Distributor,WARE-UHY1004,Southeast,Maryland,Bowie,Pacific Premier Enterprises,Retail,Office Supplies,Heavy Duty Punch,79.99,34.0,9,611.91,306.0,305.91,15,Robert Adams
SO-14745,2022-07-07,2022-07-13,Online,WARE-MCD2201,Midwest,Iowa,Iowa City,Horizon Pioneer Inc,Government,Electronics,Drone Camera,799.99,400.0,9,6839.91,3600.0,3239.91,5,Emily Johnson
SO-14746,2022-02-05,2022-02-10,Online,WARE-ATL5509,Midwest,Missouri,St. Louis,Unity Swift LLC,Enterprise,Clothing,Rain Jacket,99.99,42.0,12,1139.88,504.0,635.88,5,Lisa Chen
SO-14747,2023-03-30,2023-04-04,Online,WARE-NBV1002,West,New Mexico,Albuquerque,Central Summit Enterprises,Retail,Clothing,Business Casual Shirt,59.99,22.0,15,827.85,330.0,497.85,8,Sarah Mitchell
SO-14748,2022-01-22,2022-01-26,In-Store,WARE-ATL5509,Northeast,New Jersey,Jersey City,National Swift Trading,Corporate,Electronics,Gaming PC,2499.99,1450.0,16,37999.84,23200.0,14799.84,5,Lisa Chen
SO-14749,2024-01-09,2024-01-19,Online,WARE-NBV1002,Southeast,Kentucky,Owensboro,Coastal Atlantic Trading,Government,Electronics,Laptop Pro 15,1299.99,780.0,15,17159.85,11700.0,5459.85,12,Lisa Chen
SO-14750,2022-03-04,2022-03-08,Distributor,WARE-UHY1004,South,Louisiana,Lafayette,Atlantic Advanced Co,Government,Furniture,Office Chair,299.99,145.0,15,3959.85,2175.0,1784.85,12,Michael Brown
SO-14751,2023-02-13,2023-02-18,Online,WARE-UHY1004,Midwest,Missouri,Independence,Core Apex LLC,Government,Office Supplies,Electric Stapler,49.99,19.0,6,290.94,114.0,176.94,3,Emily Johnson
SO-14752,2022-11-23,2022-12-03,Wholesale,WARE-MCD2201,South,Louisiana,Lake Charles,Core Premier Enterprises,Retail,Furniture,Executive Desk,1199.99,620.0,24,24479.76,14880.0,9599.76,15,Sarah Mitchell
SO-14753,2023-02-06,2023-02-09,Wholesale,WARE-ATL5509,South,Alabama,Tuscaloosa,Atlantic Atlantic Group,Retail,Clothing,Summer Dress,79.99,30.0,1,77.59,30.0,47.59,3,Sarah Mitchell
SO-14754,2023-12-27,2024-01-01,Wholesale,WARE-MCD2201,Southeast,West Virginia,Wheeling,Metro Bright Inc,Small Business,Clothing,Swimwear,49.99,19.0,13,630.37,247.0,383.37,3,Lisa Chen
SO-14755,2023-10-19,2023-10-26,Distributor,WARE-MCD2201,Southeast,Maryland,Baltimore,Pioneer Global Distributors,Retail,Electronics,USB-C Hub,79.99,32.0,1,79.99,32.0,47.99,0,David Park
SO-14756,2023-08-04,2023-08-14,In-Store,WARE-ATL5509,Northeast,Rhode Island,Providence,Apex Apex Supply,Government,Clothing,Linen Shirt,54.99,21.0,2,109.98,42.0,67.98,0,Rachel Scott
SO-14757,2023-03-29,2023-04-02,Distributor,WARE-NBV1002,West,Colorado,Fort Collins,Bright Global Corp,Retail,Furniture,Standing Desk,699.99,350.0,1,699.99,350.0,349.99,0,Sarah Mitchell
SO-14758,2023-08-07,2023-08-12,Distributor,WARE-UHY1004,West,New Mexico,Las Cruces,Metro Bright Inc,Small Business,Office Supplies,Desk Organizer,29.99,11.0,22,639.98,242.0,397.98,3,James Carter
SO-14759,2023-03-14,2023-03-19,Distributor,WARE-NBV1002,Northeast,Connecticut,Bridgeport,Unity Apex Supply,Small Business,Electronics,USB Microphone,179.99,78.0,10,1709.9,780.0,929.9,5,Emily Johnson
SO-14760,2022-10-05,2022-10-08,In-Store,WARE-MCD2201,Northeast,Pennsylvania,Erie,Coastal Apex Inc,Corporate,Furniture,Floor Lamp,159.99,72.0,16,2431.84,1152.0,1279.84,5,Lisa Chen
SO-14761,2023-07-23,2023-07-27,In-Store,WARE-NBV1002,Southwest,New Mexico,Albuquerque,Summit Central Commerce,Corporate,Clothing,Rain Jacket,99.99,42.0,18,1583.82,756.0,827.82,12,Robert Adams
SO-14762,2023-02-19,2023-02-21,Wholesale,WARE-PJW3508,Northeast,Connecticut,Hartford,Horizon Bright Solutions,Retail,Furniture,Glass Desk,799.99,400.0,6,4415.94,2400.0,2015.94,8,Sarah Mitchell
SO-14763,2023-01-12,2023-01-19,Wholesale,WARE-PJW3508,Southwest,Alaska,Ketchikan,Core Digital Group,Government,Clothing,Casual Pants,69.99,28.0,1,64.39,28.0,36.39,8,Amanda Torres
SO-14764,2022-08-04,2022-08-10,Online,WARE-MCD2201,Southwest,Colorado,Lakewood,Atlantic Global Retail,Government,Office Supplies,Ergonomic Mouse,59.99,24.0,5,299.95,120.0,179.95,0,Emily Johnson
SO-14765,2023-09-26,2023-10-01,Online,WARE-MCD2201,Northeast,Pennsylvania,Allentown,Central Central Supply,Retail,Clothing,Polo Shirt,44.99,18.0,2,87.28,36.0,51.28,3,Lisa Chen
SO-14766,2023-01-22,2023-01-27,Distributor,WARE-NBV1002,Southeast,Delaware,Wilmington,Pacific Summit Solutions,Retail,Office Supplies,Tape Dispenser,24.99,9.0,1,22.49,9.0,13.49,10,Lisa Chen
SO-14767,2022-04-30,2022-05-10,In-Store,WARE-PJW3508,Southeast,Maryland,Bowie,Central Advanced Inc,Enterprise,Office Supplies,Copier Machine,1299.99,680.0,16,20799.84,10880.0,9919.84,0,Michael Brown
SO-14768,2023-06-19,2023-06-25,Online,WARE-ATL5509,South,Louisiana,New Orleans,Bright Core LLC,Retail,Office Supplies,Card Reader,39.99,15.0,12,455.88,180.0,275.88,5,Amanda Torres
SO-14769,2024-01-16,2024-01-20,Online,WARE-ATL5509,Northeast,Maine,Bangor,Global Elite Supply,Retail,Clothing,Velvet Blazer,179.99,80.0,8,1223.92,640.0,583.92,15,Kevin Williams
SO-14770,2024-01-19,2024-01-24,Wholesale,WARE-NBV1002,South,Georgia,Atlanta,Pioneer Sterling Group,Corporate,Electronics,Smart Lock,249.99,115.0,7,1609.93,805.0,804.93,8,Sarah Mitchell
SO-14771,2023-09-16,2023-09-22,Wholesale,WARE-NBV1002,South,Mississippi,Meridian,Advanced Bright Enterprises,Government,Office Supplies,Card Reader,39.99,15.0,15,599.85,225.0,374.85,0,Emily Johnson
SO-14772,2023-11-29,2023-12-01,Wholesale,WARE-UHY1004,Midwest,Kansas,Olathe,Atlantic Global Supply,Enterprise,Clothing,Board Shorts,54.99,21.0,27,1440.18,567.0,873.18,3,Lisa Chen
SO-14773,2022-04-19,2022-04-29,Wholesale,WARE-NBV1002,South,Florida,Orlando,Pioneer Summit Corp,Corporate,Furniture,Credenza,649.99,320.0,18,10763.82,5760.0,5003.82,8,David Park
SO-14774,2023-01-01,2023-01-06,Online,WARE-NBV1002,Southeast,Maryland,Gaithersburg,Metro Sterling Corp,Small Business,Clothing,Holiday Sweater,69.99,28.0,14,930.86,392.0,538.86,5,Amanda Torres
SO-14775,2022-11-03,2022-11-08,In-Store,WARE-PJW3508,Midwest,Nebraska,Grand Island,Premier Pacific Supply,Government,Office Supplies,Stapler Heavy Duty,29.99,11.0,26,779.74,286.0,493.74,0,Kevin Williams
SO-14776,2022-11-26,2022-12-01,Online,WARE-UHY1004,Southwest,Hawaii,Kapolei,Atlantic National LLC,Government,Furniture,Executive Desk,1199.99,620.0,25,29999.75,15500.0,14499.75,0,David Park
SO-14777,2024-03-17,2024-03-21,In-Store,WARE-UHY1004,Southeast,Virginia,Newport News,Central Horizon Supply,Corporate,Electronics,AirPods Pro,249.99,135.0,17,3824.83,2295.0,1529.83,10,Amanda Torres
SO-14778,2023-10-20,2023-10-24,Distributor,WARE-ATL5509,Northeast,Massachusetts,Worcester,Unity Bright Co,Small Business,Furniture,Standing Desk,699.99,350.0,8,5151.92,2800.0,2351.92,8,Amanda Torres
SO-14779,2022-10-13,2022-10-18,Online,WARE-ATL5509,Southeast,Virginia,Richmond,Sterling Pioneer Enterprises,Enterprise,Clothing,Athleisure Set,119.99,50.0,10,1199.9,500.0,699.9,0,Lisa Chen
SO-14780,2022-06-11,2022-06-17,In-Store,WARE-ATL5509,Midwest,Nebraska,Grand Island,Advanced Pacific Supply,Corporate,Furniture,Credenza,649.99,320.0,16,10399.84,5120.0,5279.84,0,Amanda Torres
SO-14781,2023-08-23,2023-09-06,In-Store,WARE-ATL5509,West,Washington,Bellevue,Advanced Sterling Corp,Retail,Electronics,Action Camera,349.99,170.0,20,6649.8,3400.0,3249.8,5,Emily Johnson
SO-14782,2022-11-14,2022-11-19,Online,WARE-UHY1004,South,Louisiana,Lafayette,Pioneer Advanced Enterprises,Corporate,Electronics,Laptop Pro 15,1299.99,780.0,13,16054.87,10140.0,5914.87,5,James Carter
SO-14783,2022-02-13,2022-02-15,In-Store,WARE-ATL5509,West,Colorado,Denver,Premier Advanced Corp,Government,Clothing,Linen Pants,64.99,26.0,18,1029.42,468.0,561.42,12,Amanda Torres
SO-14784,2022-07-22,2022-08-01,Online,WARE-ATL5509,Southwest,Hawaii,Kapolei,Bright Swift Group,Retail,Clothing,Fleece Hoodie,74.99,30.0,6,382.44,180.0,202.44,15,Lisa Chen
SO-14785,2023-06-27,2023-07-07,Distributor,WARE-MCD2201,Southeast,Delaware,Wilmington,Sterling Unity Corp,Enterprise,Furniture,Partition Wall,349.99,168.0,11,3272.39,1848.0,1424.39,15,Sarah Mitchell
SO-14786,2024-01-13,2024-01-18,Wholesale,WARE-ATL5509,Northeast,New Hampshire,Dover,Global Central LLC,Small Business,Electronics,Gaming Console,499.99,250.0,9,4499.91,2250.0,2249.91,0,Kevin Williams
SO-14787,2024-02-18,2024-02-22,Distributor,WARE-NBV1002,Midwest,Iowa,Cedar Rapids,Digital Premier LLC,Government,Electronics,Laptop Pro 13,1099.99,650.0,13,14299.87,8450.0,5849.87,0,Robert Adams
SO-14788,2022-11-11,2022-11-15,Distributor,WARE-ATL5509,South,Mississippi,Jackson,Sterling Core Commerce,Corporate,Clothing,Sports Jacket,109.99,46.0,5,505.95,230.0,275.95,8,Sarah Mitchell
SO-14789,2023-12-17,2023-12-20,In-Store,WARE-PJW3508,West,Nevada,Henderson,Apex Global Co,Retail,Furniture,Conference Table,999.99,520.0,3,2849.97,1560.0,1289.97,5,Kevin Williams
SO-14790,2023-05-13,2023-05-16,Wholesale,WARE-ATL5509,Northeast,New Jersey,Newark,National Elite Commerce,Small Business,Office Supplies,Desk Organizer,29.99,11.0,1,28.49,11.0,17.49,5,Kevin Williams
SO-14791,2022-09-04,2022-09-10,Online,WARE-NBV1002,South,South Carolina,Charleston,Swift Horizon Co,Retail,Electronics,Wireless Headphones,249.99,99.0,17,4249.83,1683.0,2566.83,0,Michael Brown
SO-14792,2024-01-15,2024-01-19,In-Store,WARE-PJW3508,South,Georgia,Columbus,Horizon Coastal Inc,Retail,Office Supplies,Calligraphy Set,39.99,15.0,9,349.11,135.0,214.11,3,Amanda Torres
SO-14793,2022-10-20,2022-10-24,Wholesale,WARE-UHY1004,South,South Carolina,Greenville,Premier Central Co,Government,Furniture,Glass Desk,799.99,400.0,16,12799.84,6400.0,6399.84,0,Emily Johnson
SO-14794,2022-08-30,2022-09-05,In-Store,WARE-MCD2201,Southwest,Utah,West Valley City,Elite Premier Corp,Enterprise,Furniture,Adjustable Monitor Stand,129.99,58.0,7,909.93,406.0,503.93,0,David Park
SO-14795,2023-11-30,2023-12-06,Online,WARE-ATL5509,Northeast,Maine,Bangor,Digital National Inc,Corporate,Office Supplies,Heavy Duty Punch,79.99,34.0,20,1599.8,680.0,919.8,0,Rachel Scott
SO-14796,2022-04-23,2022-04-28,Distributor,WARE-UHY1004,Southwest,Nevada,Reno,Apex Core Enterprises,Small Business,Office Supplies,Flip Chart,69.99,29.0,6,407.34,174.0,233.34,3,Kevin Williams
SO-14797,2022-08-14,2022-08-19,Online,WARE-ATL5509,Southwest,Utah,West Valley City,Core Swift Inc,Small Business,Electronics,Portable Charger,79.99,34.0,20,1519.8,680.0,839.8,5,Rachel Scott
SO-14798,2023-01-12,2023-01-16,Distributor,WARE-PJW3508,South,Mississippi,Hattiesburg,Pioneer Advanced Supply,Enterprise,Clothing,Linen Pants,64.99,26.0,3,185.22,78.0,107.22,5,Michael Brown
SO-14799,2022-05-31,2022-06-05,In-Store,WARE-UHY1004,South,South Carolina,Spartanburg,National Elite Co,Retail,Office Supplies,Desk Organizer,29.99,11.0,14,419.86,154.0,265.86,0,Lisa Chen
SO-14800,2022-12-15,2022-12-19,Wholesale,WARE-PJW3508,Midwest,Iowa,Cedar Rapids,Elite Pacific LLC,Small Business,Clothing,Linen Pants,64.99,26.0,8,441.92,208.0,233.92,15,Sarah Mitchell
SO-14801,2023-12-13,2023-12-18,Wholesale,WARE-NBV1002,South,Mississippi,Biloxi,Digital Metro Solutions,Retail,Furniture,Bookshelf,249.99,110.0,27,6412.23,2970.0,3442.23,5,Sarah Mitchell
SO-14802,2024-03-19,2024-03-23,Online,WARE-NBV1002,Midwest,Nebraska,Omaha,Premier Apex Solutions,Small Business,Office Supplies,Whiteboard,159.99,72.0,8,1177.52,576.0,601.52,8,Lisa Chen
SO-14803,2024-01-18,2024-01-24,In-Store,WARE-UHY1004,Southeast,Maryland,Baltimore,Pacific National Enterprises,Corporate,Electronics,Digital Whiteboard,1999.99,1100.0,8,15999.92,8800.0,7199.92,0,Robert Adams
SO-14804,2023-07-08,2023-07-15,Wholesale,WARE-ATL5509,South,Texas,Dallas,Metro Coastal Commerce,Retail,Clothing,Sports Jacket,109.99,46.0,7,708.33,322.0,386.33,8,David Park
SO-14805,2023-09-30,2023-10-07,Wholesale,WARE-PJW3508,South,Texas,Corpus Christi,Swift Central Group,Retail,Electronics,Portable Charger,79.99,34.0,14,985.46,476.0,509.46,12,Kevin Williams
SO-14806,2024-03-11,2024-03-14,Distributor,WARE-ATL5509,Northeast,Connecticut,Waterbury,Summit Core Commerce,Small Business,Furniture,TV Stand,249.99,118.0,3,749.97,354.0,395.97,0,Kevin Williams
SO-14807,2023-03-30,2023-04-03,Wholesale,WARE-UHY1004,South,Alabama,Birmingham,Coastal Core Co,Small Business,Office Supplies,Document Scanner,299.99,145.0,12,3059.88,1740.0,1319.88,15,James Carter
SO-14808,2022-11-27,2022-12-01,Online,WARE-NBV1002,Southwest,Arizona,Tucson,Core Coastal Distributors,Government,Electronics,Smart Speaker,199.99,90.0,15,2909.85,1350.0,1559.85,3,David Park
SO-14809,2022-04-06,2022-04-10,In-Store,WARE-UHY1004,West,Arizona,Phoenix,Central Pioneer Distributors,Government,Electronics,VR Headset,599.99,280.0,13,7409.87,3640.0,3769.87,5,David Park
SO-14810,2023-08-22,2023-08-25,Online,WARE-UHY1004,Midwest,Nebraska,Grand Island,Global Sterling Enterprises,Small Business,Office Supplies,Stapler Heavy Duty,29.99,11.0,2,59.98,22.0,37.98,0,Robert Adams
SO-14811,2022-07-14,2022-07-17,Online,WARE-NBV1002,West,California,Los Angeles,Core Digital Group,Enterprise,Furniture,Hallway Table,279.99,132.0,20,5319.8,2640.0,2679.8,5,Emily Johnson
SO-14812,2024-02-20,2024-02-26,In-Store,WARE-UHY1004,Southeast,Delaware,Smyrna,Sterling Advanced Corp,Retail,Office Supplies,Label Printer,179.99,82.0,6,1079.94,492.0,587.94,0,Sarah Mitchell
SO-14813,2023-09-29,2023-10-02,In-Store,WARE-NBV1002,West,California,San Francisco,Core Elite Supply,Small Business,Electronics,Satellite Phone,799.99,420.0,16,11263.84,6720.0,4543.84,12,Sarah Mitchell
SO-14814,2023-03-01,2023-03-08,Wholesale,WARE-NBV1002,Northeast,Massachusetts,Springfield,Horizon Unity Co,Enterprise,Electronics,Laptop Pro 15,1299.99,780.0,2,2209.98,1560.0,649.98,15,Robert Adams
SO-14815,2023-04-14,2023-04-21,Online,WARE-ATL5509,Southwest,New Mexico,Roswell,National Atlantic Inc,Enterprise,Clothing,Swimwear,49.99,19.0,13,597.87,247.0,350.87,8,Lisa Chen
SO-14816,2022-08-08,2022-08-12,Distributor,WARE-MCD2201,South,Florida,Fort Lauderdale,Premier Horizon LLC,Small Business,Office Supplies,Document Scanner,299.99,145.0,14,4073.86,2030.0,2043.86,3,Lisa Chen
SO-14817,2022-08-22,2022-09-05,Distributor,WARE-PJW3508,Northeast,Maine,South Portland,Apex Metro Distributors,Enterprise,Office Supplies,Filing Cabinet,199.99,95.0,6,1079.94,570.0,509.94,10,Kevin Williams
SO-14818,2023-08-19,2023-09-02,Wholesale,WARE-ATL5509,South,Florida,Boca Raton,Pacific Coastal LLC,Retail,Furniture,Adjustable Monitor Stand,129.99,58.0,8,1039.92,464.0,575.92,0,David Park
SO-14819,2022-06-16,2022-06-23,Distributor,WARE-ATL5509,South,Texas,Corpus Christi,Horizon Apex Commerce,Small Business,Office Supplies,Tape Dispenser,24.99,9.0,6,142.44,54.0,88.44,5,David Park
SO-14820,2022-04-15,2022-04-21,Online,WARE-UHY1004,South,South Carolina,Columbia,Swift Swift LLC,Government,Clothing,Formal Jacket,129.99,55.0,7,773.43,385.0,388.43,15,Lisa Chen
SO-14821,2023-11-20,2023-11-30,In-Store,WARE-UHY1004,West,Idaho,Pocatello,Pioneer Unity Trading,Enterprise,Office Supplies,Projector,699.99,340.0,16,10863.84,5440.0,5423.84,3,Robert Adams
SO-14822,2022-05-28,2022-06-01,Distributor,WARE-UHY1004,Southwest,Nevada,Henderson,Atlantic Advanced Retail,Small Business,Furniture,Glass Desk,799.99,400.0,14,11199.86,5600.0,5599.86,0,James Carter
SO-14823,2023-04-08,2023-04-10,Online,WARE-MCD2201,Midwest,Missouri,Columbia,Atlantic Summit Solutions,Enterprise,Furniture,Lateral File Cabinet,399.99,192.0,14,5151.86,2688.0,2463.86,8,Emily Johnson
SO-14824,2022-11-15,2022-11-29,Online,WARE-UHY1004,Midwest,Michigan,Detroit,Unity Bright Group,Corporate,Electronics,Wireless Router,199.99,85.0,18,3167.82,1530.0,1637.82,12,David Park
SO-14825,2023-06-14,2023-06-20,Distributor,WARE-ATL5509,Southeast,West Virginia,Morgantown,Coastal Swift Enterprises,Enterprise,Clothing,Holiday Sweater,69.99,28.0,2,139.98,56.0,83.98,0,Sarah Mitchell
SO-14826,2024-01-01,2024-01-04,Distributor,WARE-ATL5509,Southwest,Arizona,Chandler,Horizon Coastal Retail,Retail,Clothing,Swimwear,49.99,19.0,14,664.86,266.0,398.86,5,David Park
SO-14827,2023-01-12,2023-01-16,Distributor,WARE-MCD2201,West,Arizona,Chandler,Horizon Digital Supply,Government,Office Supplies,Stapler Heavy Duty,29.99,11.0,2,59.98,22.0,37.98,0,Michael Brown
SO-14828,2023-04-25,2023-04-29,Online,WARE-NBV1002,Southwest,Nevada,Reno,Digital Swift Corp,Corporate,Furniture,Office Chair,299.99,145.0,13,3704.87,1885.0,1819.87,5,Emily Johnson
SO-14829,2022-06-13,2022-06-16,Online,WARE-PJW3508,West,Utah,Orem,Summit Advanced Corp,Retail,Office Supplies,Laminator,89.99,40.0,18,1457.82,720.0,737.82,10,Lisa Chen
SO-14830,2023-05-20,2023-06-03,Wholesale,WARE-ATL5509,South,Alabama,Huntsville,Summit Coastal Enterprises,Government,Electronics,Kindle Paperwhite,139.99,62.0,2,251.98,124.0,127.98,10,Emily Johnson
SO-14831,2022-02-09,2022-02-13,Online,WARE-NBV1002,Northeast,New York,Buffalo,Horizon Digital Distributors,Corporate,Electronics,Smart Watch,399.99,180.0,9,3599.91,1620.0,1979.91,0,Robert Adams
SO-14832,2023-05-30,2023-06-03,Distributor,WARE-NBV1002,Northeast,Rhode Island,Cranston,Core Pioneer Solutions,Retail,Office Supplies,Whiteboard,159.99,72.0,18,2447.82,1296.0,1151.82,15,Robert Adams
SO-14833,2023-01-29,2023-02-01,Online,WARE-MCD2201,West,Washington,Everett,Apex Sterling Co,Retail,Electronics,MacBook Pro 16,2499.99,1650.0,7,15399.93,11550.0,3849.93,12,Amanda Torres
SO-14834,2023-10-14,2023-10-20,Distributor,WARE-NBV1002,Southwest,Alaska,Juneau,Pioneer Pacific Trading,Small Business,Clothing,Casual Pants,69.99,28.0,2,128.78,56.0,72.78,8,David Park
SO-14835,2022-02-08,2022-02-12,In-Store,WARE-UHY1004,Midwest,Wisconsin,Kenosha,Sterling Atlantic Solutions,Government,Office Supplies,Desk Organizer,29.99,11.0,9,269.91,99.0,170.91,0,Amanda Torres
SO-14836,2022-01-07,2022-01-11,In-Store,WARE-PJW3508,West,Idaho,Idaho Falls,Metro Central Retail,Retail,Electronics,Laptop Pro 13,1099.99,650.0,17,17764.83,11050.0,6714.83,5,David Park
SO-14837,2022-07-18,2022-07-25,Wholesale,WARE-UHY1004,South,Tennessee,Clarksville,Elite Central Inc,Corporate,Electronics,Bluetooth Speaker,149.99,58.0,12,1745.88,696.0,1049.88,3,Emily Johnson
SO-14838,2022-02-09,2022-02-11,Wholesale,WARE-ATL5509,West,Utah,Salt Lake City,Horizon National Trading,Corporate,Office Supplies,Ink Tank Printer,399.99,195.0,16,6207.84,3120.0,3087.84,3,Emily Johnson
SO-14839,2022-01-17,2022-01-23,Wholesale,WARE-NBV1002,Northeast,Vermont,Montpelier,Advanced Coastal Retail,Corporate,Clothing,Holiday Sweater,69.99,28.0,15,1049.85,420.0,629.85,0,Lisa Chen
SO-14840,2023-08-17,2023-08-22,Online,WARE-MCD2201,Midwest,Nebraska,Lincoln,Advanced Advanced Distributors,Corporate,Electronics,External SSD,129.99,55.0,10,1260.9,550.0,710.9,3,Lisa Chen
SO-14841,2023-12-17,2023-12-22,Distributor,WARE-MCD2201,Southeast,North Carolina,Raleigh,Summit Pioneer Solutions,Enterprise,Clothing,Country Boots,119.99,52.0,12,1439.88,624.0,815.88,0,Sarah Mitchell
SO-14842,2023-10-11,2023-10-16,Distributor,WARE-NBV1002,Southeast,Maryland,Rockville,National Central Group,Government,Electronics,USB Microphone,179.99,78.0,2,359.98,156.0,203.98,0,Sarah Mitchell
SO-14843,2022-08-12,2022-08-16,Distributor,WARE-PJW3508,Southwest,Alaska,Anchorage,National Coastal Group,Small Business,Clothing,Running Shoes,89.99,38.0,5,436.45,190.0,246.45,3,Kevin Williams
SO-14844,2024-01-29,2024-02-02,Wholesale,WARE-PJW3508,Northeast,New Jersey,Jersey City,Apex Unity LLC,Government,Office Supplies,Projector,699.99,340.0,13,8644.87,4420.0,4224.87,5,Michael Brown
SO-14845,2023-06-01,2023-06-06,Wholesale,WARE-MCD2201,West,Washington,Tacoma,Core Atlantic Solutions,Enterprise,Office Supplies,Ink Tank Printer,399.99,195.0,15,5699.85,2925.0,2774.85,5,James Carter
SO-14846,2022-04-08,2022-04-14,Online,WARE-UHY1004,Southwest,Hawaii,Kaneohe,Global Central Inc,Enterprise,Furniture,TV Stand,249.99,118.0,15,3187.35,1770.0,1417.35,15,Amanda Torres
SO-14847,2023-09-24,2023-09-30,Wholesale,WARE-NBV1002,Northeast,Vermont,Burlington,Advanced Swift Distributors,Enterprise,Office Supplies,Wireless Keyboard,89.99,38.0,17,1529.83,646.0,883.83,0,Amanda Torres
SO-14848,2023-02-06,2023-02-08,Wholesale,WARE-ATL5509,Northeast,Vermont,Barre,Global Premier LLC,Retail,Furniture,Bar Cart,299.99,140.0,11,3299.89,1540.0,1759.89,0,David Park
SO-14849,2023-07-25,2023-07-31,Online,WARE-UHY1004,Midwest,Iowa,Des Moines,Coastal Pioneer Trading,Enterprise,Furniture,Floor Lamp,159.99,72.0,15,2399.85,1080.0,1319.85,0,David Park
SO-14850,2022-12-22,2022-12-25,Online,WARE-UHY1004,West,Oregon,Eugene,Pacific Central Corp,Retail,Clothing,Running Shoes,89.99,38.0,7,598.43,266.0,332.43,5,Sarah Mitchell
SO-14851,2022-10-21,2022-10-26,Wholesale,WARE-ATL5509,Midwest,Michigan,Grand Rapids,Apex Atlantic Group,Corporate,Furniture,Credenza,649.99,320.0,13,7435.87,4160.0,3275.87,12,Rachel Scott
SO-14852,2024-01-22,2024-01-26,In-Store,WARE-MCD2201,Midwest,Kansas,Wichita,Swift Metro Inc,Small Business,Furniture,Ergonomic Chair Pro,449.99,218.0,13,5557.37,2834.0,2723.37,5,Rachel Scott
SO-14853,2022-04-19,2022-04-22,Distributor,WARE-NBV1002,Northeast,Maine,Portland,Core Metro Solutions,Government,Furniture,Corner Desk,699.99,345.0,5,3499.95,1725.0,1774.95,0,Emily Johnson
SO-14854,2024-03-03,2024-03-17,Online,WARE-MCD2201,West,Oregon,Gresham,Bright Advanced Trading,Government,Office Supplies,Paper Shredder,129.99,62.0,8,987.92,496.0,491.92,5,Sarah Mitchell
SO-14855,2022-04-22,2022-04-27,In-Store,WARE-NBV1002,Southwest,Nevada,Sparks,Premier Summit Corp,Corporate,Furniture,Glass Desk,799.99,400.0,8,6079.92,3200.0,2879.92,5,Michael Brown
SO-14856,2022-11-15,2022-11-22,In-Store,WARE-NBV1002,South,Tennessee,Nashville,Digital Global Co,Small Business,Electronics,4K Camera,1199.99,600.0,33,33659.67,19800.0,13859.67,15,James Carter
SO-14857,2022-12-17,2022-12-21,Online,WARE-UHY1004,West,California,Fresno,Unity Advanced Solutions,Government,Office Supplies,Label Maker,59.99,24.0,22,1319.78,528.0,791.78,0,Rachel Scott
SO-14858,2022-03-20,2022-03-25,Wholesale,WARE-MCD2201,South,Oklahoma,Broken Arrow,Pacific Advanced Commerce,Enterprise,Furniture,Modular Sofa,1499.99,750.0,1,1274.99,750.0,524.99,15,Robert Adams
SO-14859,2022-06-20,2022-06-27,Online,WARE-MCD2201,West,Colorado,Denver,Swift Swift Enterprises,Government,Electronics,External SSD,129.99,55.0,3,389.97,165.0,224.97,0,Kevin Williams
SO-14860,2022-02-27,2022-03-02,Wholesale,WARE-ATL5509,South,Georgia,Macon,Unity Global LLC,Corporate,Office Supplies,Flip Chart,69.99,29.0,3,209.97,87.0,122.97,0,Amanda Torres
SO-14861,2023-04-20,2023-04-26,Online,WARE-ATL5509,South,Georgia,Macon,Digital Horizon Corp,Government,Electronics,NAS Storage,899.99,450.0,12,10799.88,5400.0,5399.88,0,Rachel Scott
SO-14862,2022-02-27,2022-03-04,Online,WARE-UHY1004,Northeast,Vermont,Barre,National Advanced Inc,Retail,Furniture,Accent Table,199.99,92.0,11,2089.89,1012.0,1077.89,5,Amanda Torres
SO-14863,2024-03-31,2024-04-05,Distributor,WARE-UHY1004,Northeast,Vermont,Burlington,Core Bright Solutions,Corporate,Clothing,Casual Pants,69.99,28.0,15,1018.35,420.0,598.35,3,David Park
SO-14864,2023-06-14,2023-06-21,In-Store,WARE-ATL5509,Northeast,Massachusetts,Lowell,Atlantic Unity Solutions,Small Business,Clothing,Running Shoes,89.99,38.0,5,449.95,190.0,259.95,0,James Carter
SO-14865,2023-08-19,2023-08-24,Online,WARE-MCD2201,Northeast,New Jersey,Paterson,Core Digital Trading,Retail,Office Supplies,Projector,699.99,340.0,10,6159.9,3400.0,2759.9,12,Sarah Mitchell
SO-14866,2024-02-03,2024-02-06,Wholesale,WARE-UHY1004,Northeast,New Hampshire,Concord,Bright Premier Inc,Retail,Clothing,Formal Jacket,129.99,55.0,2,259.98,110.0,149.98,0,Kevin Williams
SO-14867,2023-11-16,2023-11-23,In-Store,WARE-ATL5509,Southwest,Alaska,Sitka,Pioneer Pioneer Enterprises,Corporate,Furniture,Reception Desk,849.99,430.0,33,23842.17,14190.0,9652.17,15,Emily Johnson
SO-14868,2022-03-15,2022-03-20,Wholesale,WARE-UHY1004,Midwest,Ohio,Cleveland,National Horizon Corp,Enterprise,Clothing,Fleece Hoodie,74.99,30.0,15,1012.35,450.0,562.35,10,Rachel Scott
SO-14869,2023-09-20,2023-09-23,Online,WARE-NBV1002,Southwest,New Mexico,Santa Fe,Apex Pacific Retail,Government,Office Supplies,Laminator,89.99,40.0,8,719.92,320.0,399.92,0,Rachel Scott
SO-14870,2022-10-07,2022-10-17,Online,WARE-NBV1002,Southeast,North Carolina,Raleigh,Atlantic Elite Retail,Corporate,Office Supplies,Letter Opener,14.99,5.0,17,234.43,85.0,149.43,8,Emily Johnson
SO-14871,2023-12-06,2023-12-09,Distributor,WARE-PJW3508,Midwest,Kansas,Wichita,Pacific Premier Inc,Government,Clothing,Golf Polo,64.99,26.0,8,441.92,208.0,233.92,15,Emily Johnson
SO-14872,2023-01-21,2023-01-26,Distributor,WARE-MCD2201,Southeast,West Virginia,Wheeling,Pioneer National Solutions,Government,Furniture,Bar Cart,299.99,140.0,8,2279.92,1120.0,1159.92,5,Sarah Mitchell
SO-14873,2024-01-10,2024-01-12,Wholesale,WARE-PJW3508,Southeast,West Virginia,Parkersburg,National Coastal Group,Retail,Office Supplies,Filing Cabinet,199.99,95.0,2,359.98,190.0,169.98,10,James Carter
SO-14874,2023-07-06,2023-07-16,In-Store,WARE-MCD2201,Southeast,North Carolina,Greensboro,Horizon Swift Group,Government,Electronics,Portable Projector,499.99,245.0,2,899.98,490.0,409.98,10,Robert Adams
SO-14875,2022-09-28,2022-10-08,Online,WARE-NBV1002,West,Washington,Tacoma,Apex National LLC,Small Business,Furniture,Bookshelf,249.99,110.0,12,2699.88,1320.0,1379.88,10,David Park
SO-14876,2022-07-07,2022-07-11,Online,WARE-UHY1004,West,Idaho,Pocatello,Advanced Unity Distributors,Enterprise,Clothing,Winter Coat,149.99,65.0,17,2549.83,1105.0,1444.83,0,Lisa Chen
SO-14877,2022-07-27,2022-08-03,Distributor,WARE-NBV1002,South,South Carolina,Columbia,Advanced Advanced Enterprises,Corporate,Clothing,Turtleneck,59.99,24.0,21,1070.79,504.0,566.79,15,Lisa Chen
SO-14878,2022-10-17,2022-10-22,In-Store,WARE-ATL5509,Southeast,District of Columbia,Washington,Apex Advanced Solutions,Small Business,Clothing,Linen Shirt,54.99,21.0,6,329.94,126.0,203.94,0,Robert Adams
SO-14879,2023-06-18,2023-06-28,Distributor,WARE-UHY1004,Midwest,Illinois,Springfield,Summit Premier Supply,Government,Office Supplies,Printer Cartridges,89.99,32.0,20,1799.8,640.0,1159.8,0,Amanda Torres
SO-14880,2022-06-02,2022-06-07,Online,WARE-NBV1002,Northeast,Rhode Island,Providence,Sterling Summit Retail,Government,Electronics,MacBook Pro 16,2499.99,1650.0,9,22499.91,14850.0,7649.91,0,Michael Brown
SO-14881,2022-09-24,2022-09-29,Distributor,WARE-NBV1002,Northeast,Massachusetts,Cambridge,Elite Summit Co,Corporate,Clothing,Suit Set,299.99,135.0,4,1055.96,540.0,515.96,12,James Carter
SO-14882,2023-12-01,2023-12-08,In-Store,WARE-PJW3508,Southeast,District of Columbia,Washington,Pacific Pacific Trading,Retail,Clothing,Business Casual Shirt,59.99,22.0,14,713.86,308.0,405.86,15,Kevin Williams
SO-14883,2023-04-29,2023-05-05,Online,WARE-MCD2201,West,New Mexico,Santa Fe,Digital Core Group,Small Business,Office Supplies,Copier Machine,1299.99,680.0,9,10763.91,6120.0,4643.91,8,Sarah Mitchell
SO-14884,2023-10-26,2023-10-31,Distributor,WARE-MCD2201,Southwest,Hawaii,Kaneohe,Metro Coastal Supply,Enterprise,Office Supplies,Paper Shredder,129.99,62.0,5,649.95,310.0,339.95,0,Robert Adams
SO-14885,2023-11-09,2023-11-19,Wholesale,WARE-UHY1004,Southeast,West Virginia,Huntington,Apex Unity Supply,Corporate,Furniture,Reception Desk,849.99,430.0,31,25559.19,13330.0,12229.19,3,Sarah Mitchell
SO-14886,2023-09-19,2023-09-23,Wholesale,WARE-PJW3508,Northeast,Pennsylvania,Allentown,Horizon Advanced Solutions,Enterprise,Furniture,Adjustable Monitor Stand,129.99,58.0,6,717.54,348.0,369.54,8,Emily Johnson
SO-14887,2023-01-18,2023-01-21,In-Store,WARE-UHY1004,Northeast,Pennsylvania,Pittsburgh,Unity Premier Group,Government,Electronics,Webcam HD,99.99,42.0,13,1195.87,546.0,649.87,8,James Carter
SO-14888,2022-10-27,2022-11-02,In-Store,WARE-PJW3508,Southwest,Colorado,Fort Collins,Sterling Metro Enterprises,Government,Electronics,USB Microphone,179.99,78.0,13,2105.87,1014.0,1091.87,10,James Carter
SO-14889,2023-09-29,2023-10-02,Distributor,WARE-ATL5509,Southwest,Arizona,Scottsdale,Core Global Commerce,Corporate,Clothing,Country Boots,119.99,52.0,16,1727.84,832.0,895.84,10,Lisa Chen
SO-14890,2022-04-19,2022-04-24,Online,WARE-MCD2201,Southwest,Nevada,North Las Vegas,Horizon Pioneer Supply,Small Business,Clothing,Sun Hat,34.99,13.0,3,104.97,39.0,65.97,0,David Park
SO-14891,2022-02-28,2022-03-07,In-Store,WARE-ATL5509,Northeast,Pennsylvania,Pittsburgh,Premier Elite Trading,Corporate,Electronics,Smart TV 55,799.99,400.0,13,10399.87,5200.0,5199.87,0,Rachel Scott
SO-14892,2024-03-19,2024-03-23,Online,WARE-ATL5509,West,Montana,Helena,National Central Trading,Retail,Electronics,iPhone 15 Pro,1199.99,780.0,3,3239.97,2340.0,899.97,10,Amanda Torres
SO-14893,2023-03-25,2023-03-28,Online,WARE-PJW3508,Northeast,Maine,Auburn,Coastal Coastal Enterprises,Corporate,Clothing,Country Boots,119.99,52.0,17,2039.83,884.0,1155.83,0,David Park
SO-14894,2023-05-20,2023-05-23,Wholesale,WARE-NBV1002,Southeast,Virginia,Richmond,Premier Atlantic Corp,Small Business,Furniture,TV Stand,249.99,118.0,2,484.98,236.0,248.98,3,Sarah Mitchell
SO-14895,2022-01-20,2022-01-26,Wholesale,WARE-UHY1004,Midwest,Ohio,Akron,National Atlantic Trading,Enterprise,Clothing,Board Shorts,54.99,21.0,13,643.37,273.0,370.37,10,Rachel Scott
SO-14896,2023-03-18,2023-03-23,Online,WARE-PJW3508,Southeast,Virginia,Newport News,Digital Unity Co,Enterprise,Furniture,Glass Desk,799.99,400.0,16,12799.84,6400.0,6399.84,0,Kevin Williams
SO-14897,2022-04-19,2022-04-25,Online,WARE-NBV1002,Midwest,Ohio,Cleveland,Horizon National Enterprises,Enterprise,Electronics,Smart Display,349.99,165.0,5,1539.95,825.0,714.95,12,Michael Brown
SO-14898,2023-12-19,2023-12-24,Online,WARE-UHY1004,Southeast,District of Columbia,Washington,Summit Horizon Commerce,Enterprise,Clothing,Summer Dress,79.99,30.0,26,1767.74,780.0,987.74,15,Rachel Scott
SO-14899,2023-05-19,2023-05-24,Distributor,WARE-NBV1002,Southeast,Virginia,Norfolk,Advanced Premier LLC,Corporate,Electronics,External SSD,129.99,55.0,7,837.13,385.0,452.13,8,Robert Adams
SO-14900,2024-01-20,2024-01-26,Distributor,WARE-MCD2201,Southwest,Alaska,Anchorage,Summit Horizon Enterprises,Enterprise,Electronics,External SSD,129.99,55.0,3,343.17,165.0,178.17,12,Emily Johnson
SO-14901,2023-03-15,2023-03-19,Wholesale,WARE-MCD2201,Southeast,Delaware,Smyrna,Central Sterling Corp,Retail,Office Supplies,Desk Organizer,29.99,11.0,15,449.85,165.0,284.85,0,Amanda Torres
SO-14902,2022-07-26,2022-08-01,Distributor,WARE-NBV1002,South,Texas,Dallas,Core Advanced Group,Retail,Furniture,Glass Desk,799.99,400.0,12,8639.88,4800.0,3839.88,10,Sarah Mitchell
SO-14903,2023-03-23,2023-03-28,Distributor,WARE-MCD2201,Southwest,Alaska,Fairbanks,Unity Central Inc,Enterprise,Clothing,Velvet Blazer,179.99,80.0,9,1538.91,720.0,818.91,5,Sarah Mitchell
SO-14904,2023-02-07,2023-02-13,Distributor,WARE-PJW3508,South,Florida,Miami,Horizon Summit Distributors,Corporate,Clothing,Velvet Blazer,179.99,80.0,2,305.98,160.0,145.98,15,Emily Johnson
SO-14905,2023-08-30,2023-09-02,Online,WARE-NBV1002,Southwest,Wyoming,Gillette,Unity Global Trading,Retail,Electronics,USB-C Hub,79.99,32.0,3,227.97,96.0,131.97,5,Lisa Chen
SO-14906,2023-10-19,2023-10-26,Wholesale,WARE-PJW3508,Southeast,Kentucky,Bowling Green,Central Premier Group,Corporate,Electronics,Tablet Pro,899.99,450.0,13,11699.87,5850.0,5849.87,0,Lisa Chen
SO-14907,2024-01-08,2024-01-10,Wholesale,WARE-UHY1004,Southwest,Colorado,Colorado Springs,Horizon Swift Co,Enterprise,Office Supplies,Projector,699.99,340.0,14,9799.86,4760.0,5039.86,0,James Carter
SO-14908,2023-09-02,2023-09-08,In-Store,WARE-NBV1002,West,Idaho,Nampa,Horizon Metro Corp,Retail,Clothing,Fleece Hoodie,74.99,30.0,9,593.91,270.0,323.91,12,Sarah Mitchell
SO-14909,2024-01-29,2024-02-03,Wholesale,WARE-MCD2201,Northeast,Rhode Island,Pawtucket,Atlantic Apex Commerce,Government,Furniture,Conference Table,999.99,520.0,1,949.99,520.0,429.99,5,Lisa Chen
SO-14910,2023-07-04,2023-07-10,Wholesale,WARE-PJW3508,Southwest,Nevada,Reno,Pioneer Apex Inc,Retail,Electronics,Smartband,199.99,88.0,17,3399.83,1496.0,1903.83,0,David Park
SO-14911,2022-09-11,2022-09-14,Distributor,WARE-UHY1004,Midwest,Wisconsin,Racine,Atlantic Bright Trading,Enterprise,Clothing,Board Shorts,54.99,21.0,6,290.34,126.0,164.34,12,James Carter
SO-14912,2024-02-02,2024-02-05,In-Store,WARE-UHY1004,Midwest,Minnesota,Duluth,Central Metro Inc,Small Business,Furniture,Mesh Chair,319.99,155.0,11,3519.89,1705.0,1814.89,0,David Park
SO-14913,2023-09-26,2023-10-01,Online,WARE-MCD2201,Southwest,Wyoming,Gillette,Sterling National Co,Government,Clothing,Country Boots,119.99,52.0,6,719.94,312.0,407.94,0,Sarah Mitchell
SO-14914,2024-01-17,2024-01-22,Online,WARE-NBV1002,Midwest,Kansas,Wichita,Central Core Corp,Government,Clothing,Turtleneck,59.99,24.0,18,1025.82,432.0,593.82,5,Emily Johnson
SO-14915,2023-05-06,2023-05-20,Wholesale,WARE-MCD2201,Southwest,Alaska,Ketchikan,Premier Unity Enterprises,Corporate,Clothing,Turtleneck,59.99,24.0,9,539.91,216.0,323.91,0,Michael Brown
SO-14916,2023-02-01,2023-02-07,Online,WARE-ATL5509,Midwest,Wisconsin,Kenosha,Core Metro Co,Corporate,Electronics,Wireless Router,199.99,85.0,10,1939.9,850.0,1089.9,3,Kevin Williams
SO-14917,2024-01-16,2024-01-22,Online,WARE-ATL5509,West,Oregon,Hillsboro,Sterling Premier Enterprises,Small Business,Office Supplies,Binding Machine,149.99,68.0,11,1649.89,748.0,901.89,0,Sarah Mitchell
SO-14918,2022-12-10,2022-12-14,Distributor,WARE-NBV1002,Southeast,North Carolina,Raleigh,Elite Summit Supply,Small Business,Electronics,Wireless Headphones,249.99,99.0,24,5699.76,2376.0,3323.76,5,David Park
SO-14919,2023-07-30,2023-08-04,In-Store,WARE-ATL5509,West,Utah,West Valley City,Core Global Supply,Government,Electronics,Smart Home Hub,299.99,140.0,12,3599.88,1680.0,1919.88,0,Lisa Chen
SO-14920,2022-05-02,2022-05-04,Online,WARE-PJW3508,Midwest,Ohio,Columbus,Metro Summit Trading,Enterprise,Electronics,Digital Whiteboard,1999.99,1100.0,5,9499.95,5500.0,3999.95,5,Michael Brown
SO-14921,2022-04-04,2022-04-07,Wholesale,WARE-MCD2201,Southwest,Nevada,North Las Vegas,Sterling Apex Corp,Enterprise,Clothing,Swimwear,49.99,19.0,9,449.91,171.0,278.91,0,David Park
SO-14922,2023-11-30,2023-12-10,Distributor,WARE-NBV1002,Southeast,Delaware,Wilmington,Summit Coastal Inc,Government,Electronics,Digital Whiteboard,1999.99,1100.0,19,36099.81,20900.0,15199.81,5,Lisa Chen
SO-14923,2023-05-13,2023-05-20,In-Store,WARE-UHY1004,Midwest,Missouri,Springfield,Atlantic Atlantic Corp,Corporate,Electronics,Smart Watch,399.99,180.0,5,1759.95,900.0,859.95,12,Michael Brown
SO-14924,2023-03-02,2023-03-07,Distributor,WARE-ATL5509,Midwest,Kansas,Topeka,Core Pioneer Solutions,Enterprise,Clothing,Sports Jacket,109.99,46.0,14,1539.86,644.0,895.86,0,Rachel Scott
SO-14925,2022-12-21,2022-12-23,Distributor,WARE-PJW3508,Southwest,Hawaii,Kailua,Apex Central Corp,Small Business,Office Supplies,Stapler Heavy Duty,29.99,11.0,34,1019.66,374.0,645.66,0,Robert Adams
SO-14926,2022-04-06,2022-04-08,In-Store,WARE-ATL5509,Southeast,District of Columbia,Washington,Central Premier Distributors,Enterprise,Electronics,Digital Whiteboard,1999.99,1100.0,14,23799.86,15400.0,8399.86,15,David Park
SO-14927,2024-03-22,2024-03-24,In-Store,WARE-NBV1002,Northeast,Pennsylvania,Erie,Elite Horizon Co,Small Business,Electronics,Home Theater System,1499.99,820.0,4,5999.96,3280.0,2719.96,0,James Carter
SO-14928,2022-02-20,2022-02-25,Distributor,WARE-PJW3508,Southeast,West Virginia,Wheeling,Digital Pacific Solutions,Retail,Clothing,Formal Jacket,129.99,55.0,16,1975.84,880.0,1095.84,5,Robert Adams
SO-14929,2023-03-03,2023-03-10,Wholesale,WARE-ATL5509,Southwest,Utah,Orem,Pacific Sterling Solutions,Enterprise,Furniture,Credenza,649.99,320.0,10,5524.9,3200.0,2324.9,15,Rachel Scott
SO-14930,2023-09-09,2023-09-19,Online,WARE-PJW3508,Southwest,New Mexico,Roswell,Bright Pioneer Distributors,Retail,Furniture,Corner Desk,699.99,345.0,18,12599.82,6210.0,6389.82,0,James Carter
SO-14931,2024-01-16,2024-01-22,In-Store,WARE-NBV1002,South,Georgia,Columbus,National Atlantic Solutions,Government,Clothing,Casual Pants,69.99,28.0,11,769.89,308.0,461.89,0,Amanda Torres
SO-14932,2022-10-10,2022-10-15,Wholesale,WARE-ATL5509,Northeast,Pennsylvania,Pittsburgh,Central Core Supply,Government,Electronics,AirPods Pro,249.99,135.0,14,3149.86,1890.0,1259.86,10,Amanda Torres
SO-14933,2022-02-27,2022-03-02,In-Store,WARE-ATL5509,Southwest,New Mexico,Santa Fe,Pacific Global Enterprises,Government,Furniture,Executive Desk,1199.99,620.0,17,17339.83,10540.0,6799.83,15,David Park
SO-14934,2022-12-13,2022-12-16,In-Store,WARE-PJW3508,West,Oregon,Salem,Metro Elite Co,Government,Furniture,Partition Wall,349.99,168.0,25,7874.75,4200.0,3674.75,10,Sarah Mitchell
SO-14935,2023-10-31,2023-11-07,In-Store,WARE-PJW3508,West,Washington,Seattle,Pioneer Swift Group,Government,Electronics,Gaming Console,499.99,250.0,11,5499.89,2750.0,2749.89,0,Michael Brown
SO-14936,2022-03-02,2022-03-06,In-Store,WARE-ATL5509,South,Arkansas,Fayetteville,Pioneer Elite Distributors,Retail,Clothing,Turtleneck,59.99,24.0,14,739.06,336.0,403.06,12,Emily Johnson
SO-14937,2022-03-23,2022-03-30,Online,WARE-MCD2201,West,Montana,Missoula,Apex Central Co,Enterprise,Furniture,Hallway Table,279.99,132.0,3,839.97,396.0,443.97,0,James Carter
SO-14938,2022-12-20,2022-12-23,Online,WARE-PJW3508,West,Arizona,Tucson,Bright Central Solutions,Government,Office Supplies,Ergonomic Chair,349.99,175.0,21,6761.79,3675.0,3086.79,8,Robert Adams
SO-14939,2022-12-14,2022-12-20,Online,WARE-ATL5509,West,Idaho,Nampa,Core National Inc,Small Business,Clothing,Casual Pants,69.99,28.0,29,1968.81,812.0,1156.81,3,Robert Adams
SO-14940,2022-05-02,2022-05-07,Online,WARE-MCD2201,Midwest,Ohio,Columbus,Central Horizon Group,Enterprise,Clothing,Athleisure Set,119.99,50.0,12,1396.68,600.0,796.68,3,Robert Adams
SO-14941,2024-02-24,2024-03-02,Wholesale,WARE-NBV1002,Northeast,Massachusetts,Springfield,National Central Inc,Retail,Office Supplies,Label Printer,179.99,82.0,6,917.94,492.0,425.94,15,Emily Johnson
SO-14942,2022-08-27,2022-08-29,Wholesale,WARE-UHY1004,Southeast,Delaware,Newark,Bright Swift Trading,Enterprise,Furniture,Corner Desk,699.99,345.0,4,2715.96,1380.0,1335.96,3,Rachel Scott
SO-14943,2023-11-19,2023-11-26,In-Store,WARE-MCD2201,Midwest,Ohio,Cleveland,Digital Sterling Solutions,Retail,Office Supplies,Ergonomic Chair,349.99,175.0,33,10625.67,5775.0,4850.67,8,James Carter
SO-14944,2023-01-11,2023-01-15,In-Store,WARE-NBV1002,Southeast,West Virginia,Morgantown,Pacific Central Inc,Small Business,Office Supplies,Document Scanner,299.99,145.0,14,3989.86,2030.0,1959.86,5,Sarah Mitchell
SO-14945,2024-01-26,2024-01-31,Online,WARE-UHY1004,Southeast,North Carolina,Greensboro,Sterling Pioneer Co,Small Business,Furniture,Glass Desk,799.99,400.0,7,5599.93,2800.0,2799.93,0,Amanda Torres
SO-14946,2023-03-20,2023-03-24,In-Store,WARE-MCD2201,Southwest,Colorado,Denver,Apex Bright Corp,Corporate,Furniture,Ergonomic Chair Pro,449.99,218.0,9,3847.41,1962.0,1885.41,5,Rachel Scott
SO-14947,2022-03-22,2022-03-26,Wholesale,WARE-ATL5509,South,Texas,Corpus Christi,Coastal Premier Distributors,Small Business,Furniture,Ergonomic Chair Pro,449.99,218.0,4,1583.96,872.0,711.96,12,Robert Adams
SO-14948,2022-04-29,2022-05-05,Distributor,WARE-NBV1002,Southwest,Colorado,Aurora,Central Central Inc,Corporate,Office Supplies,Card Reader,39.99,15.0,6,239.94,90.0,149.94,0,Rachel Scott
SO-14949,2024-01-22,2024-01-24,Online,WARE-ATL5509,Southeast,Delaware,Dover,Summit Pacific Solutions,Enterprise,Clothing,Linen Pants,64.99,26.0,15,877.35,390.0,487.35,10,Amanda Torres
SO-14950,2022-11-22,2022-11-28,In-Store,WARE-MCD2201,Midwest,Wisconsin,Milwaukee,Pacific Premier Corp,Enterprise,Electronics,MacBook Pro 16,2499.99,1650.0,19,46074.81,31350.0,14724.81,3,Rachel Scott
SO-14951,2022-11-01,2022-11-07,In-Store,WARE-PJW3508,South,Tennessee,Memphis,Metro National Commerce,Retail,Clothing,Chinos,74.99,30.0,22,1567.28,660.0,907.28,5,David Park
SO-14952,2023-12-29,2024-01-02,Distributor,WARE-UHY1004,Southwest,Colorado,Lakewood,Elite Horizon Enterprises,Small Business,Furniture,Work Bench,549.99,270.0,15,7837.35,4050.0,3787.35,5,David Park
SO-14953,2022-09-19,2022-09-25,Wholesale,WARE-UHY1004,West,Washington,Bellevue,Sterling Apex Co,Retail,Furniture,Laptop Cart,299.99,145.0,8,2399.92,1160.0,1239.92,0,James Carter
SO-14954,2022-12-25,2022-12-29,Online,WARE-UHY1004,Midwest,Indiana,Fort Wayne,Bright Atlantic Supply,Enterprise,Furniture,Reception Desk,849.99,430.0,35,25287.15,15050.0,10237.15,15,Amanda Torres
SO-14955,2022-12-09,2022-12-15,Online,WARE-ATL5509,West,Arizona,Mesa,Atlantic Pacific Group,Small Business,Furniture,Laptop Cart,299.99,145.0,16,4799.84,2320.0,2479.84,0,Robert Adams
SO-14956,2022-04-14,2022-04-19,In-Store,WARE-NBV1002,Southwest,Arizona,Tucson,Pacific Bright Enterprises,Corporate,Electronics,Smart Home Hub,299.99,140.0,15,4274.85,2100.0,2174.85,5,Robert Adams
SO-14957,2023-03-24,2023-04-03,Online,WARE-MCD2201,Southwest,Utah,West Valley City,Unity Atlantic Inc,Enterprise,Electronics,Wireless Headphones,249.99,99.0,11,2749.89,1089.0,1660.89,0,Rachel Scott
SO-14958,2022-01-10,2022-01-14,Online,WARE-NBV1002,Southeast,Delaware,Smyrna,Metro Advanced Group,Government,Clothing,Polo Shirt,44.99,18.0,12,512.88,216.0,296.88,5,David Park
SO-14959,2022-08-02,2022-08-06,In-Store,WARE-ATL5509,West,Utah,Provo,Summit Summit Group,Small Business,Electronics,Home Theater System,1499.99,820.0,21,28979.79,17220.0,11759.79,8,David Park
SO-14960,2023-08-05,2023-08-10,Distributor,WARE-PJW3508,Midwest,Missouri,Independence,Bright Summit Inc,Government,Furniture,Ergonomic Chair Pro,449.99,218.0,11,4702.39,2398.0,2304.39,5,Kevin Williams
SO-14961,2022-06-03,2022-06-08,Online,WARE-MCD2201,Southeast,Maryland,Baltimore,Central Premier Retail,Retail,Clothing,Denim Jacket,89.99,38.0,13,1169.87,494.0,675.87,0,Robert Adams
SO-14962,2022-08-04,2022-08-06,Wholesale,WARE-UHY1004,West,Montana,Missoula,Coastal Central Corp,Enterprise,Furniture,Work Bench,549.99,270.0,6,2804.94,1620.0,1184.94,15,James Carter
SO-14963,2022-01-13,2022-01-17,In-Store,WARE-UHY1004,West,California,San Francisco,Apex Unity Commerce,Small Business,Office Supplies,Printer Cartridges,89.99,32.0,18,1457.82,576.0,881.82,10,Amanda Torres
SO-14964,2023-09-24,2023-10-01,Wholesale,WARE-ATL5509,South,Louisiana,Lake Charles,Unity Pioneer Commerce,Retail,Furniture,TV Stand,249.99,118.0,8,1799.92,944.0,855.92,10,Emily Johnson
SO-14965,2023-02-10,2023-02-24,In-Store,WARE-MCD2201,Midwest,Illinois,Rockford,Digital Digital Inc,Small Business,Office Supplies,Calligraphy Set,39.99,15.0,16,588.64,240.0,348.64,8,Amanda Torres
SO-14966,2023-07-23,2023-07-27,Distributor,WARE-MCD2201,Southeast,Kentucky,Owensboro,Atlantic Bright Distributors,Enterprise,Clothing,Casual Pants,69.99,28.0,3,188.97,84.0,104.97,10,James Carter
SO-14967,2023-06-23,2023-07-03,Wholesale,WARE-NBV1002,Northeast,Connecticut,New Haven,Core Advanced Distributors,Government,Furniture,Credenza,649.99,320.0,6,3782.94,1920.0,1862.94,3,Emily Johnson
SO-14968,2022-05-25,2022-05-31,Distributor,WARE-ATL5509,Midwest,Illinois,Joliet,Sterling Sterling LLC,Retail,Office Supplies,Electric Stapler,49.99,19.0,12,551.88,228.0,323.88,8,Amanda Torres
SO-14969,2023-05-29,2023-06-02,Online,WARE-ATL5509,West,Arizona,Mesa,Global Swift Distributors,Small Business,Furniture,Corner Desk,699.99,345.0,18,11087.82,6210.0,4877.82,12,Robert Adams
SO-14970,2022-10-27,2022-11-02,In-Store,WARE-PJW3508,Northeast,Maine,Auburn,Horizon Apex Solutions,Small Business,Clothing,Winter Coat,149.99,65.0,17,2549.83,1105.0,1444.83,0,Rachel Scott
SO-14971,2022-11-25,2022-12-05,Wholesale,WARE-UHY1004,Northeast,Connecticut,Bridgeport,Metro Swift Distributors,Retail,Furniture,Glass Desk,799.99,400.0,4,3103.96,1600.0,1503.96,3,David Park
SO-14972,2022-07-23,2022-07-26,Wholesale,WARE-UHY1004,Northeast,Connecticut,Stamford,Pioneer Unity Group,Corporate,Clothing,Formal Jacket,129.99,55.0,9,1169.91,495.0,674.91,0,Emily Johnson
SO-14973,2024-01-23,2024-01-28,Distributor,WARE-ATL5509,Southwest,Nevada,Sparks,National Coastal Inc,Government,Furniture,Partition Wall,349.99,168.0,14,4654.86,2352.0,2302.86,5,Kevin Williams
SO-14974,2024-01-24,2024-01-30,Wholesale,WARE-NBV1002,Southeast,Virginia,Norfolk,Digital Pioneer Inc,Government,Clothing,Casual Pants,69.99,28.0,18,1259.82,504.0,755.82,0,Michael Brown
SO-14975,2023-11-16,2023-11-22,Online,WARE-PJW3508,Southwest,Hawaii,Honolulu,Pacific National LLC,Small Business,Electronics,Laptop Cooling Pad,49.99,19.0,27,1282.23,513.0,769.23,5,Rachel Scott
SO-14976,2022-09-16,2022-09-23,Wholesale,WARE-PJW3508,West,New Mexico,Las Cruces,Coastal Elite Commerce,Retail,Electronics,Smart Thermostat,249.99,115.0,13,2859.87,1495.0,1364.87,12,Sarah Mitchell
SO-14977,2023-04-08,2023-04-15,Wholesale,WARE-PJW3508,Northeast,Maine,Auburn,Core Atlantic Enterprises,Enterprise,Electronics,AirPods Pro,249.99,135.0,15,3562.35,2025.0,1537.35,5,Kevin Williams
SO-14978,2023-09-06,2023-09-11,Online,WARE-PJW3508,Southeast,Delaware,Smyrna,Horizon Metro Co,Corporate,Office Supplies,Whiteboard,159.99,72.0,3,479.97,216.0,263.97,0,Kevin Williams
SO-14979,2022-07-31,2022-08-07,In-Store,WARE-ATL5509,Midwest,Missouri,St. Louis,Atlantic Coastal Enterprises,Corporate,Office Supplies,Whiteboard,159.99,72.0,19,2948.61,1368.0,1580.61,3,James Carter
SO-14980,2023-05-19,2023-05-25,Distributor,WARE-NBV1002,South,Arkansas,Fort Smith,Advanced Atlantic Supply,Small Business,Furniture,Accent Table,199.99,92.0,2,339.98,184.0,155.98,15,James Carter
SO-14981,2023-09-06,2023-09-12,Online,WARE-PJW3508,West,Arizona,Mesa,Apex Core Corp,Retail,Furniture,Glass Desk,799.99,400.0,2,1551.98,800.0,751.98,3,James Carter
SO-14982,2022-06-08,2022-06-12,In-Store,WARE-MCD2201,Southeast,Virginia,Newport News,Elite Metro Enterprises,Corporate,Office Supplies,Ergonomic Mouse,59.99,24.0,15,899.85,360.0,539.85,0,David Park
SO-14983,2023-02-17,2023-02-20,Online,WARE-UHY1004,Midwest,Michigan,Ann Arbor,Horizon Core Commerce,Small Business,Furniture,Adjustable Monitor Stand,129.99,58.0,4,493.96,232.0,261.96,5,Emily Johnson
SO-14984,2023-07-07,2023-07-13,Online,WARE-NBV1002,Northeast,Vermont,Burlington,Coastal National Retail,Enterprise,Office Supplies,Printer Cartridges,89.99,32.0,21,1795.29,672.0,1123.29,5,James Carter
SO-14985,2023-06-06,2023-06-13,Online,WARE-MCD2201,South,Florida,Clearwater,Premier Digital Trading,Retail,Office Supplies,Printer Cartridges,89.99,32.0,2,179.98,64.0,115.98,0,Kevin Williams
SO-14986,2022-05-16,2022-05-20,In-Store,WARE-UHY1004,Northeast,Connecticut,Waterbury,Advanced Summit Retail,Corporate,Office Supplies,Whiteboard,159.99,72.0,8,1215.92,576.0,639.92,5,Amanda Torres
SO-14987,2022-07-01,2022-07-07,Wholesale,WARE-PJW3508,Southwest,Hawaii,Kaneohe,Horizon Central Solutions,Retail,Electronics,Action Camera,349.99,170.0,5,1749.95,850.0,899.95,0,James Carter
SO-14988,2022-09-18,2022-09-23,Distributor,WARE-UHY1004,West,Utah,West Valley City,Metro Summit LLC,Corporate,Electronics,Portable Projector,499.99,245.0,4,1899.96,980.0,919.96,5,James Carter
SO-14989,2022-02-17,2022-02-27,Online,WARE-NBV1002,West,Washington,Seattle,Pioneer Unity Corp,Government,Furniture,Executive Desk,1199.99,620.0,13,14819.87,8060.0,6759.87,5,Michael Brown
SO-14990,2022-05-08,2022-05-11,In-Store,WARE-MCD2201,Northeast,Connecticut,Bridgeport,Sterling Central Solutions,Corporate,Furniture,Reception Desk,849.99,430.0,13,9392.37,5590.0,3802.37,15,Rachel Scott
SO-14991,2023-06-15,2023-06-22,In-Store,WARE-MCD2201,South,Tennessee,Clarksville,National Premier Supply,Retail,Clothing,Country Boots,119.99,52.0,9,1079.91,468.0,611.91,0,Amanda Torres
SO-14992,2022-11-02,2022-11-07,In-Store,WARE-PJW3508,Northeast,New Hampshire,Dover,Horizon Metro LLC,Government,Furniture,Modular Sofa,1499.99,750.0,12,17999.88,9000.0,8999.88,0,Kevin Williams
SO-14993,2024-02-18,2024-03-03,In-Store,WARE-NBV1002,Northeast,Connecticut,Hartford,Swift Bright Distributors,Government,Furniture,Reception Desk,849.99,430.0,12,9689.88,5160.0,4529.88,5,Amanda Torres
SO-14994,2022-04-04,2022-04-09,In-Store,WARE-NBV1002,Northeast,Pennsylvania,Philadelphia,Sterling Pacific LLC,Small Business,Electronics,Smart Speaker,199.99,90.0,18,3599.82,1620.0,1979.82,0,David Park
SO-14995,2023-12-08,2023-12-10,Distributor,WARE-MCD2201,Northeast,New York,Syracuse,Bright Coastal Enterprises,Government,Electronics,Smart Home Hub,299.99,140.0,10,2999.9,1400.0,1599.9,0,Amanda Torres
SO-14996,2023-08-09,2023-08-12,Distributor,WARE-ATL5509,West,Idaho,Boise,Core Elite Supply,Small Business,Office Supplies,Heavy Duty Punch,79.99,34.0,8,620.72,272.0,348.72,3,Lisa Chen
SO-14997,2022-12-16,2022-12-20,Online,WARE-PJW3508,Midwest,Iowa,Davenport,Pacific Horizon Enterprises,Enterprise,Electronics,Wireless Router,199.99,85.0,31,5579.69,2635.0,2944.69,10,David Park
SO-14998,2022-08-30,2022-09-03,In-Store,WARE-NBV1002,Midwest,Kansas,Topeka,Coastal Bright Trading,Government,Clothing,Rain Jacket,99.99,42.0,6,569.94,252.0,317.94,5,Sarah Mitchell
SO-14999,2023-08-24,2023-08-28,In-Store,WARE-NBV1002,Midwest,Kansas,Topeka,Coastal Elite Co,Government,Clothing,Business Casual Shirt,59.99,22.0,21,1259.79,462.0,797.79,0,Robert Adams
SO-15000,2022-05-19,2022-05-21,In-Store,WARE-ATL5509,West,Oregon,Portland,Summit Pacific Enterprises,Corporate,Furniture,Partition Wall,349.99,168.0,9,2992.41,1512.0,1480.41,5,James Carter
SO-15001,2024-01-30,2024-02-05,Distributor,WARE-UHY1004,Northeast,New Hampshire,Dover,Sterling Horizon LLC,Enterprise,Clothing,Sports Jacket,109.99,46.0,7,769.93,322.0,447.93,0,Kevin Williams
SO-15002,2022-08-28,2022-08-31,In-Store,WARE-ATL5509,Southeast,Delaware,Smyrna,Coastal Bright Enterprises,Corporate,Clothing,Athleisure Set,119.99,50.0,21,2519.79,1050.0,1469.79,0,Kevin Williams
SO-15003,2023-04-14,2023-04-20,Online,WARE-ATL5509,Southeast,Maryland,Bowie,National Pacific Distributors,Enterprise,Furniture,Conference Table,999.99,520.0,8,7599.92,4160.0,3439.92,5,Amanda Torres
SO-15004,2024-02-15,2024-02-22,Wholesale,WARE-NBV1002,Southwest,Utah,Provo,Digital Pioneer Retail,Corporate,Clothing,Country Boots,119.99,52.0,17,1876.63,884.0,992.63,8,Lisa Chen
SO-15005,2023-10-06,2023-10-08,In-Store,WARE-NBV1002,Southwest,Colorado,Colorado Springs,Apex Horizon Enterprises,Corporate,Office Supplies,Ergonomic Mouse,59.99,24.0,16,911.84,384.0,527.84,5,Lisa Chen
SO-15006,2023-08-14,2023-08-18,Online,WARE-NBV1002,Southwest,Utah,West Jordan,National Swift Corp,Government,Electronics,Wi-Fi Mesh System,399.99,190.0,15,5699.85,2850.0,2849.85,5,Amanda Torres
SO-15007,2024-03-14,2024-03-24,In-Store,WARE-NBV1002,West,Utah,West Jordan,Pacific Pacific Solutions,Government,Electronics,AirPods Pro,249.99,135.0,9,2137.41,1215.0,922.41,5,Sarah Mitchell
SO-15008,2023-01-30,2023-02-03,Distributor,WARE-PJW3508,South,Arkansas,Little Rock,Summit Horizon Corp,Retail,Clothing,Denim Jacket,89.99,38.0,13,1076.27,494.0,582.27,8,James Carter
SO-15009,2023-01-09,2023-01-14,In-Store,WARE-PJW3508,Southeast,Delaware,Middletown,Summit National Distributors,Small Business,Clothing,Rain Jacket,99.99,42.0,1,91.99,42.0,49.99,8,David Park
SO-15010,2023-10-10,2023-10-20,Online,WARE-UHY1004,Southwest,Wyoming,Laramie,Central Unity LLC,Corporate,Furniture,Floor Lamp,159.99,72.0,15,2159.85,1080.0,1079.85,10,James Carter
SO-15011,2022-09-07,2022-09-13,Distributor,WARE-UHY1004,Midwest,Missouri,Springfield,Global Horizon Supply,Government,Furniture,Reception Desk,849.99,430.0,2,1614.98,860.0,754.98,5,Emily Johnson
SO-15012,2023-05-02,2023-05-08,In-Store,WARE-PJW3508,Southeast,West Virginia,Huntington,National Apex Distributors,Small Business,Clothing,Business Casual Shirt,59.99,22.0,12,698.28,264.0,434.28,3,Emily Johnson
SO-15013,2023-12-06,2023-12-11,Online,WARE-MCD2201,Southeast,Maryland,Rockville,Atlantic Horizon LLC,Small Business,Office Supplies,Whiteboard,159.99,72.0,12,1919.88,864.0,1055.88,0,Amanda Torres
SO-15014,2023-08-25,2023-08-30,Distributor,WARE-PJW3508,Southeast,North Carolina,Charlotte,Pioneer Advanced Group,Retail,Clothing,Linen Shirt,54.99,21.0,9,420.66,189.0,231.66,15,Sarah Mitchell
SO-15015,2024-02-16,2024-02-20,Wholesale,WARE-NBV1002,South,Oklahoma,Norman,Apex Swift Commerce,Enterprise,Electronics,Tablet Pro,899.99,450.0,17,15299.83,7650.0,7649.83,0,Rachel Scott
SO-15016,2023-07-15,2023-07-20,Online,WARE-ATL5509,Southwest,Arizona,Scottsdale,National Elite Solutions,Enterprise,Office Supplies,Label Printer,179.99,82.0,22,3959.78,1804.0,2155.78,0,James Carter
SO-15017,2022-11-09,2022-11-11,In-Store,WARE-UHY1004,Southeast,West Virginia,Huntington,Bright National Commerce,Small Business,Office Supplies,Whiteboard,159.99,72.0,20,3039.8,1440.0,1599.8,5,Emily Johnson
SO-15018,2023-11-06,2023-11-10,In-Store,WARE-ATL5509,West,Idaho,Idaho Falls,Metro Pioneer Commerce,Government,Office Supplies,Ergonomic Mouse,59.99,24.0,17,897.43,408.0,489.43,12,Kevin Williams
SO-15019,2023-06-14,2023-06-16,Distributor,WARE-MCD2201,Southeast,District of Columbia,Washington,Pioneer Pacific Solutions,Retail,Electronics,Server Unit,4999.99,2800.0,19,80749.81,53200.0,27549.81,15,Michael Brown
SO-15020,2022-07-23,2022-07-25,Online,WARE-PJW3508,West,Arizona,Tucson,Coastal Sterling Enterprises,Government,Office Supplies,Tape Dispenser,24.99,9.0,3,72.72,27.0,45.72,3,Amanda Torres
SO-15021,2023-11-16,2023-11-22,Wholesale,WARE-UHY1004,Northeast,New Jersey,Jersey City,Sterling Advanced Enterprises,Small Business,Electronics,Desktop Computer,1499.99,890.0,9,11474.91,8010.0,3464.91,15,Amanda Torres
SO-15022,2022-01-20,2022-01-26,In-Store,WARE-MCD2201,West,Montana,Helena,Atlantic National Inc,Retail,Office Supplies,Card Reader,39.99,15.0,9,359.91,135.0,224.91,0,James Carter
SO-15023,2023-05-20,2023-05-22,Wholesale,WARE-UHY1004,Midwest,Nebraska,Omaha,Digital Bright Retail,Corporate,Electronics,Webcam HD,99.99,42.0,15,1424.85,630.0,794.85,5,James Carter
SO-15024,2022-03-13,2022-03-23,Wholesale,WARE-ATL5509,Southeast,North Carolina,Raleigh,Premier Pioneer Solutions,Enterprise,Clothing,Suit Set,299.99,135.0,8,2399.92,1080.0,1319.92,0,Sarah Mitchell
SO-15025,2022-05-18,2022-05-21,Online,WARE-ATL5509,Southeast,North Carolina,Raleigh,Unity Central Distributors,Retail,Office Supplies,Document Scanner,299.99,145.0,3,791.97,435.0,356.97,12,David Park
SO-15026,2023-12-09,2023-12-23,Wholesale,WARE-ATL5509,Northeast,Maine,Portland,Premier Advanced LLC,Enterprise,Furniture,Executive Desk,1199.99,620.0,23,24839.77,14260.0,10579.77,10,Kevin Williams
SO-15027,2023-02-04,2023-02-18,Distributor,WARE-NBV1002,Southwest,Colorado,Aurora,Metro Apex Group,Enterprise,Office Supplies,Letter Opener,14.99,5.0,17,254.83,85.0,169.83,0,Emily Johnson
SO-15028,2022-08-06,2022-08-12,In-Store,WARE-PJW3508,Midwest,Iowa,Davenport,Metro Horizon Supply,Enterprise,Office Supplies,Ink Tank Printer,399.99,195.0,3,1199.97,585.0,614.97,0,David Park
SO-15029,2023-11-15,2023-11-20,In-Store,WARE-ATL5509,Midwest,Ohio,Cleveland,Pioneer National Supply,Retail,Electronics,Video Doorbell,179.99,80.0,13,2222.87,1040.0,1182.87,5,Robert Adams
SO-15030,2023-07-18,2023-07-24,In-Store,WARE-UHY1004,Midwest,Nebraska,Kearney,Horizon Atlantic Solutions,Retail,Electronics,Smart Thermostat,249.99,115.0,2,499.98,230.0,269.98,0,Emily Johnson
SO-15031,2024-02-20,2024-03-01,Online,WARE-UHY1004,West,Oregon,Salem,Digital Atlantic Trading,Government,Clothing,Denim Jacket,89.99,38.0,17,1529.83,646.0,883.83,0,Emily Johnson
SO-15032,2022-04-08,2022-04-14,In-Store,WARE-PJW3508,Midwest,Kansas,Wichita,Sterling Pioneer Inc,Retail,Clothing,Linen Shirt,54.99,21.0,1,54.99,21.0,33.99,0,Kevin Williams
SO-15033,2024-02-08,2024-02-18,Wholesale,WARE-NBV1002,South,Alabama,Montgomery,Pioneer Horizon Distributors,Enterprise,Office Supplies,Paper Shredder,129.99,62.0,4,504.36,248.0,256.36,3,Michael Brown
SO-15034,2023-08-22,2023-08-27,Distributor,WARE-UHY1004,Midwest,Illinois,Chicago,Sterling National LLC,Small Business,Furniture,Lateral File Cabinet,399.99,192.0,20,7039.8,3840.0,3199.8,12,Amanda Torres
SO-15035,2023-04-23,2023-04-28,In-Store,WARE-NBV1002,Southwest,Arizona,Phoenix,Metro Coastal Solutions,Small Business,Electronics,Laptop Cooling Pad,49.99,19.0,10,474.9,190.0,284.9,5,James Carter
SO-15036,2023-10-30,2023-11-03,Distributor,WARE-UHY1004,Northeast,Vermont,Montpelier,Sterling Summit Inc,Small Business,Clothing,Turtleneck,59.99,24.0,6,359.94,144.0,215.94,0,Michael Brown
SO-15037,2022-10-31,2022-11-14,Wholesale,WARE-UHY1004,West,California,Oakland,Pacific Elite Trading,Enterprise,Office Supplies,Card Reader,39.99,15.0,17,679.83,255.0,424.83,0,Lisa Chen
SO-15038,2024-01-10,2024-01-17,Wholesale,WARE-PJW3508,Northeast,New Hampshire,Dover,Pioneer Swift Retail,Small Business,Office Supplies,Document Scanner,299.99,145.0,2,527.98,290.0,237.98,12,Sarah Mitchell
SO-15039,2022-11-01,2022-11-07,In-Store,WARE-ATL5509,Southeast,Virginia,Norfolk,National Atlantic Inc,Corporate,Clothing,Country Boots,119.99,52.0,20,2279.8,1040.0,1239.8,5,Robert Adams
SO-15040,2022-08-08,2022-08-13,In-Store,WARE-NBV1002,Northeast,Maine,South Portland,Horizon Unity Trading,Government,Furniture,Partition Wall,349.99,168.0,22,7699.78,3696.0,4003.78,0,Rachel Scott
SO-15041,2022-07-16,2022-07-21,Online,WARE-MCD2201,South,Arkansas,Jonesboro,Bright Advanced Commerce,Enterprise,Clothing,Country Boots,119.99,52.0,10,1199.9,520.0,679.9,0,Robert Adams
SO-15042,2023-04-04,2023-04-07,Wholesale,WARE-PJW3508,West,Idaho,Pocatello,Horizon Apex Co,Corporate,Electronics,iPhone 15,999.99,620.0,12,10799.88,7440.0,3359.88,10,Emily Johnson
SO-15043,2023-04-14,2023-04-19,Wholesale,WARE-ATL5509,Southwest,Arizona,Chandler,Global Core Supply,Corporate,Electronics,Drone Camera,799.99,400.0,7,5319.93,2800.0,2519.93,5,Sarah Mitchell
SO-15044,2022-01-22,2022-01-28,Online,WARE-PJW3508,South,Texas,Houston,Core Digital Supply,Retail,Office Supplies,Label Maker,59.99,24.0,17,1019.83,408.0,611.83,0,David Park
SO-15045,2022-02-08,2022-02-13,Wholesale,WARE-UHY1004,Midwest,Nebraska,Bellevue,Pioneer Global Group,Corporate,Furniture,Mesh Chair,319.99,155.0,18,5068.62,2790.0,2278.62,12,Rachel Scott
SO-15046,2024-03-17,2024-03-22,Wholesale,WARE-NBV1002,South,Texas,Fort Worth,Swift Summit Distributors,Enterprise,Electronics,Wi-Fi Mesh System,399.99,190.0,1,379.99,190.0,189.99,5,David Park
SO-15047,2022-11-09,2022-11-12,Distributor,WARE-UHY1004,South,Texas,Corpus Christi,Apex Coastal Group,Government,Office Supplies,Calligraphy Set,39.99,15.0,17,679.83,255.0,424.83,0,Amanda Torres
SO-15048,2022-09-07,2022-09-10,In-Store,WARE-ATL5509,West,Idaho,Nampa,Horizon Sterling Group,Government,Furniture,Glass Desk,799.99,400.0,17,12919.83,6800.0,6119.83,5,Lisa Chen
SO-15049,2024-03-18,2024-03-22,Distributor,WARE-NBV1002,Midwest,Iowa,Davenport,Central Apex Supply,Small Business,Furniture,Lounge Chair,399.99,195.0,17,6799.83,3315.0,3484.83,0,Rachel Scott
SO-15050,2022-05-11,2022-05-16,Online,WARE-UHY1004,Northeast,Maine,Bangor,Premier Summit Corp,Small Business,Furniture,Lounge Chair,399.99,195.0,16,6399.84,3120.0,3279.84,0,Amanda Torres
SO-15051,2023-10-29,2023-11-03,In-Store,WARE-MCD2201,Southwest,New Mexico,Las Cruces,Core Horizon Inc,Corporate,Office Supplies,Ink Tank Printer,399.99,195.0,5,1759.95,975.0,784.95,12,James Carter
SO-15052,2024-02-19,2024-02-21,Wholesale,WARE-ATL5509,Southwest,Wyoming,Casper,Sterling Atlantic Inc,Retail,Electronics,Smart Home Hub,299.99,140.0,4,1055.96,560.0,495.96,12,Amanda Torres
SO-15053,2022-09-06,2022-09-11,Distributor,WARE-UHY1004,Southwest,Hawaii,Kailua,Horizon Elite Trading,Corporate,Office Supplies,Document Scanner,299.99,145.0,18,4859.82,2610.0,2249.82,10,Amanda Torres
SO-15054,2023-06-12,2023-06-19,Online,WARE-MCD2201,Southeast,Maryland,Gaithersburg,National Coastal Distributors,Enterprise,Office Supplies,Projector,699.99,340.0,2,1329.98,680.0,649.98,5,Robert Adams
SO-15055,2023-07-03,2023-07-09,Online,WARE-ATL5509,Southwest,Utah,Orem,Bright Pacific Commerce,Government,Electronics,Kindle Paperwhite,139.99,62.0,15,2099.85,930.0,1169.85,0,Sarah Mitchell
SO-15056,2022-05-15,2022-05-21,Distributor,WARE-NBV1002,West,Arizona,Mesa,Horizon Global Inc,Corporate,Furniture,Floor Lamp,159.99,72.0,15,2327.85,1080.0,1247.85,3,Robert Adams
SO-15057,2023-07-29,2023-08-02,In-Store,WARE-MCD2201,Southwest,Utah,West Valley City,Pacific Coastal Distributors,Retail,Clothing,Chinos,74.99,30.0,14,1049.86,420.0,629.86,0,James Carter
SO-15058,2024-01-09,2024-01-15,In-Store,WARE-MCD2201,South,Oklahoma,Lawton,Advanced Bright Inc,Enterprise,Office Supplies,Ergonomic Mouse,59.99,24.0,3,165.57,72.0,93.57,8,Amanda Torres
SO-15059,2023-08-28,2023-09-01,Online,WARE-ATL5509,Northeast,Vermont,Montpelier,Global Pacific Inc,Enterprise,Clothing,Casual Pants,69.99,28.0,22,1308.78,616.0,692.78,15,Lisa Chen
SO-15060,2022-10-21,2022-10-26,Wholesale,WARE-NBV1002,Midwest,Illinois,Rockford,National Swift LLC,Retail,Clothing,Rain Jacket,99.99,42.0,17,1699.83,714.0,985.83,0,Michael Brown
SO-15061,2023-09-20,2023-09-24,Wholesale,WARE-UHY1004,West,Arizona,Scottsdale,Apex Elite Group,Retail,Electronics,Video Doorbell,179.99,80.0,6,950.34,480.0,470.34,12,Robert Adams
SO-15062,2022-06-04,2022-06-10,In-Store,WARE-NBV1002,South,Texas,El Paso,Premier Coastal Trading,Government,Clothing,Velvet Blazer,179.99,80.0,3,485.97,240.0,245.97,10,Lisa Chen
SO-15063,2023-10-29,2023-11-08,Distributor,WARE-MCD2201,Southeast,Kentucky,Bowling Green,Summit Apex Group,Small Business,Office Supplies,Wireless Keyboard,89.99,38.0,4,331.16,152.0,179.16,8,Rachel Scott
SO-15064,2022-05-17,2022-05-21,In-Store,WARE-PJW3508,Midwest,Kansas,Olathe,Bright Metro Distributors,Small Business,Furniture,Work Bench,549.99,270.0,9,4702.41,2430.0,2272.41,5,David Park
SO-15065,2022-11-11,2022-11-15,Online,WARE-PJW3508,Southeast,Kentucky,Lexington,Global Advanced LLC,Enterprise,Clothing,Sports Jacket,109.99,46.0,19,2027.11,874.0,1153.11,3,Lisa Chen
SO-15066,2022-08-19,2022-08-24,Distributor,WARE-MCD2201,Southwest,Alaska,Anchorage,Swift Coastal Enterprises,Retail,Electronics,USB-C Hub,79.99,32.0,22,1759.78,704.0,1055.78,0,Kevin Williams
SO-15067,2023-12-15,2023-12-22,Online,WARE-MCD2201,Northeast,Maine,Lewiston,Digital Atlantic Enterprises,Enterprise,Furniture,Office Chair,299.99,145.0,32,9599.68,4640.0,4959.68,0,Lisa Chen
SO-15068,2022-05-18,2022-05-22,Online,WARE-UHY1004,Northeast,Connecticut,Stamford,Central Sterling Corp,Corporate,Furniture,Credenza,649.99,320.0,5,3087.45,1600.0,1487.45,5,Amanda Torres
SO-15069,2024-02-14,2024-02-18,Distributor,WARE-PJW3508,West,Nevada,North Las Vegas,Elite Sterling Group,Retail,Clothing,Velvet Blazer,179.99,80.0,15,2699.85,1200.0,1499.85,0,Amanda Torres
SO-15070,2023-12-25,2023-12-30,Online,WARE-UHY1004,Southwest,Alaska,Fairbanks,Digital Swift Trading,Corporate,Office Supplies,Electric Stapler,49.99,19.0,27,1309.23,513.0,796.23,3,Michael Brown
SO-15071,2023-05-09,2023-05-12,In-Store,WARE-PJW3508,Midwest,Nebraska,Grand Island,Apex Global Trading,Corporate,Clothing,Holiday Sweater,69.99,28.0,9,535.41,252.0,283.41,15,Rachel Scott
SO-15072,2023-01-18,2023-01-22,Online,WARE-UHY1004,Southwest,Arizona,Phoenix,Core Summit Enterprises,Retail,Furniture,Hallway Table,279.99,132.0,14,3919.86,1848.0,2071.86,0,Robert Adams
SO-15073,2023-05-08,2023-05-18,Distributor,WARE-NBV1002,Midwest,Kansas,Wichita,Elite Swift Group,Small Business,Furniture,Storage Cabinet,449.99,215.0,16,6983.84,3440.0,3543.84,3,Amanda Torres
SO-15074,2023-11-24,2023-11-28,Online,WARE-UHY1004,Southeast,West Virginia,Huntington,National Pioneer Supply,Government,Clothing,Denim Jacket,89.99,38.0,9,809.91,342.0,467.91,0,Amanda Torres
SO-15075,2022-03-14,2022-03-16,Wholesale,WARE-MCD2201,Southeast,Kentucky,Bowling Green,Pacific Bright Inc,Retail,Electronics,Smart TV 55,799.99,400.0,6,4799.94,2400.0,2399.94,0,Emily Johnson
SO-15076,2022-08-30,2022-09-09,Online,WARE-PJW3508,West,Idaho,Meridian,Digital Central LLC,Enterprise,Office Supplies,Ergonomic Mouse,59.99,24.0,16,911.84,384.0,527.84,5,Kevin Williams
SO-15077,2023-06-04,2023-06-06,Distributor,WARE-UHY1004,Southwest,Colorado,Lakewood,Atlantic Pacific Inc,Corporate,Clothing,Denim Jacket,89.99,38.0,11,871.09,418.0,453.09,12,Robert Adams
SO-15078,2024-01-11,2024-01-16,Wholesale,WARE-MCD2201,Midwest,Illinois,Peoria,Atlantic Core Commerce,Enterprise,Clothing,Holiday Sweater,69.99,28.0,14,901.46,392.0,509.46,8,Lisa Chen
SO-15079,2022-08-21,2022-08-24,Online,WARE-UHY1004,South,Tennessee,Clarksville,Sterling Digital Trading,Corporate,Office Supplies,Tape Dispenser,24.99,9.0,8,179.92,72.0,107.92,10,James Carter
SO-15080,2023-01-12,2023-01-16,Distributor,WARE-NBV1002,West,New Mexico,Santa Fe,Advanced Pacific Co,Small Business,Office Supplies,Ink Tank Printer,399.99,195.0,8,2943.92,1560.0,1383.92,8,Amanda Torres
SO-15081,2023-04-14,2023-04-17,Distributor,WARE-NBV1002,Midwest,Iowa,Iowa City,Elite Pioneer Corp,Small Business,Electronics,Bluetooth Speaker,149.99,58.0,5,637.45,290.0,347.45,15,James Carter
SO-15082,2022-11-16,2022-11-21,Distributor,WARE-ATL5509,Southeast,Delaware,Middletown,Global Sterling Enterprises,Retail,Furniture,Office Chair,299.99,145.0,28,8399.72,4060.0,4339.72,0,James Carter
SO-15083,2023-04-15,2023-04-19,Wholesale,WARE-NBV1002,Northeast,Connecticut,Waterbury,Atlantic Coastal Group,Corporate,Electronics,Wi-Fi Mesh System,399.99,190.0,2,799.98,380.0,419.98,0,Sarah Mitchell
SO-15084,2023-01-16,2023-01-20,Online,WARE-PJW3508,Northeast,New Hampshire,Nashua,Digital Swift Inc,Retail,Electronics,iPhone 15 Pro,1199.99,780.0,7,8399.93,5460.0,2939.93,0,James Carter
SO-15085,2023-11-07,2023-11-10,Online,WARE-ATL5509,Southeast,Delaware,Middletown,Summit Swift Co,Enterprise,Office Supplies,Calligraphy Set,39.99,15.0,21,772.59,315.0,457.59,8,Michael Brown
SO-15086,2023-01-04,2023-01-09,In-Store,WARE-ATL5509,West,Arizona,Chandler,Premier Pacific Commerce,Enterprise,Electronics,Bloomberg Terminal,5999.99,3800.0,16,93119.84,60800.0,32319.84,3,Amanda Torres
SO-15087,2023-09-13,2023-09-17,Distributor,WARE-NBV1002,West,Idaho,Meridian,Summit Advanced LLC,Retail,Office Supplies,Card Reader,39.99,15.0,8,294.32,120.0,174.32,8,Kevin Williams
SO-15088,2023-06-15,2023-06-21,Wholesale,WARE-ATL5509,West,Colorado,Denver,Apex Central Commerce,Retail,Office Supplies,Tape Dispenser,24.99,9.0,14,307.86,126.0,181.86,12,Amanda Torres
SO-15089,2023-07-02,2023-07-09,Wholesale,WARE-MCD2201,Southwest,Utah,West Jordan,Pioneer Core Retail,Enterprise,Furniture,Bookshelf,249.99,110.0,18,3959.82,1980.0,1979.82,12,Robert Adams
SO-15090,2023-05-03,2023-05-17,Online,WARE-NBV1002,Northeast,Vermont,South Burlington,Advanced Unity Inc,Enterprise,Furniture,Partition Wall,349.99,168.0,18,5795.82,3024.0,2771.82,8,Sarah Mitchell
SO-15091,2023-11-09,2023-11-19,Online,WARE-PJW3508,Southwest,Arizona,Scottsdale,Global Premier Corp,Government,Furniture,Glass Desk,799.99,400.0,27,21599.73,10800.0,10799.73,0,Emily Johnson
SO-15092,2023-06-20,2023-06-26,In-Store,WARE-MCD2201,Midwest,Nebraska,Bellevue,Apex Summit Trading,Small Business,Clothing,Linen Pants,64.99,26.0,2,126.08,52.0,74.08,3,Kevin Williams
SO-15093,2023-12-29,2023-12-31,Online,WARE-MCD2201,South,Arkansas,Springdale,Apex Global Distributors,Government,Electronics,Smart Home Hub,299.99,140.0,32,9599.68,4480.0,5119.68,0,Robert Adams
SO-15094,2024-03-26,2024-04-05,In-Store,WARE-UHY1004,West,Washington,Seattle,Coastal Bright Distributors,Small Business,Electronics,USB-C Hub,79.99,32.0,11,879.89,352.0,527.89,0,Robert Adams
SO-15095,2022-09-03,2022-09-09,Wholesale,WARE-UHY1004,Southwest,Utah,West Jordan,Metro Pacific Distributors,Corporate,Clothing,Sun Hat,34.99,13.0,13,432.12,169.0,263.12,5,Sarah Mitchell
SO-15096,2022-06-23,2022-06-26,Online,WARE-ATL5509,Northeast,Connecticut,Hartford,Pacific Horizon Co,Government,Office Supplies,Tape Dispenser,24.99,9.0,7,169.68,63.0,106.68,3,Emily Johnson
SO-15097,2022-08-18,2022-08-28,Wholesale,WARE-UHY1004,Southeast,Delaware,Dover,Core Pioneer Commerce,Enterprise,Clothing,Sports Jacket,109.99,46.0,10,1099.9,460.0,639.9,0,Michael Brown
SO-15098,2023-01-28,2023-01-31,Wholesale,WARE-MCD2201,West,Montana,Missoula,Bright Bright Supply,Small Business,Office Supplies,Document Scanner,299.99,145.0,14,4199.86,2030.0,2169.86,0,Rachel Scott
SO-15099,2023-01-30,2023-02-03,In-Store,WARE-ATL5509,Northeast,Maine,Bangor,Core Pacific Corp,Corporate,Office Supplies,Ergonomic Mouse,59.99,24.0,14,739.06,336.0,403.06,12,James Carter
SO-15100,2024-03-04,2024-03-06,Wholesale,WARE-UHY1004,South,Tennessee,Chattanooga,Pacific Sterling LLC,Small Business,Electronics,Smartband,199.99,88.0,14,2715.86,1232.0,1483.86,3,David Park
SO-15101,2023-07-15,2023-07-20,Wholesale,WARE-PJW3508,Northeast,Connecticut,New Haven,Pioneer Advanced Retail,Corporate,Office Supplies,Filing Cabinet,199.99,95.0,4,759.96,380.0,379.96,5,Lisa Chen
SO-15102,2023-08-12,2023-08-16,Online,WARE-UHY1004,South,Tennessee,Clarksville,Coastal Digital Supply,Small Business,Furniture,Laptop Cart,299.99,145.0,16,4799.84,2320.0,2479.84,0,Robert Adams
SO-15103,2022-01-17,2022-01-20,In-Store,WARE-ATL5509,Southwest,Utah,West Jordan,Coastal Sterling Co,Corporate,Electronics,External SSD,129.99,55.0,8,987.92,440.0,547.92,5,Sarah Mitchell
SO-15104,2022-08-18,2022-08-24,Online,WARE-NBV1002,Midwest,Minnesota,Saint Paul,Apex Metro Distributors,Small Business,Furniture,Laptop Cart,299.99,145.0,8,2207.92,1160.0,1047.92,8,Kevin Williams
SO-15105,2023-02-01,2023-02-05,Wholesale,WARE-MCD2201,Northeast,New Hampshire,Concord,National Metro Inc,Government,Office Supplies,Ink Tank Printer,399.99,195.0,10,3999.9,1950.0,2049.9,0,Rachel Scott
SO-15106,2024-01-26,2024-01-31,Online,WARE-UHY1004,Northeast,Pennsylvania,Allentown,Coastal Apex Trading,Corporate,Clothing,Linen Pants,64.99,26.0,2,129.98,52.0,77.98,0,Amanda Torres
SO-15107,2022-07-04,2022-07-08,Wholesale,WARE-MCD2201,Midwest,Iowa,Cedar Rapids,Central Swift Commerce,Small Business,Clothing,Athleisure Set,119.99,50.0,8,959.92,400.0,559.92,0,Amanda Torres
SO-15108,2023-07-17,2023-07-23,Distributor,WARE-UHY1004,Midwest,Minnesota,Bloomington,Digital Elite Supply,Corporate,Clothing,Velvet Blazer,179.99,80.0,21,3779.79,1680.0,2099.79,0,Kevin Williams
SO-15109,2023-02-11,2023-02-14,Distributor,WARE-UHY1004,Northeast,New Hampshire,Dover,Horizon Bright Distributors,Enterprise,Office Supplies,Label Printer,179.99,82.0,17,2968.03,1394.0,1574.03,3,Robert Adams
SO-15110,2023-05-30,2023-06-09,Wholesale,WARE-PJW3508,Southwest,New Mexico,Rio Rancho,Apex Premier Trading,Retail,Clothing,Velvet Blazer,179.99,80.0,1,174.59,80.0,94.59,3,Lisa Chen
SO-15111,2022-09-06,2022-09-12,Distributor,WARE-MCD2201,South,South Carolina,Rock Hill,Atlantic Global Inc,Corporate,Electronics,4K Camera,1199.99,600.0,2,2207.98,1200.0,1007.98,8,Lisa Chen
SO-15112,2024-01-06,2024-01-08,Wholesale,WARE-PJW3508,Northeast,New York,New York City,Swift Horizon Corp,Retail,Electronics,NAS Storage,899.99,450.0,11,8414.89,4950.0,3464.89,15,Robert Adams
SO-15113,2024-03-30,2024-04-06,Distributor,WARE-PJW3508,West,Washington,Bellevue,Bright National Supply,Corporate,Clothing,Turtleneck,59.99,24.0,5,284.95,120.0,164.95,5,Lisa Chen
SO-15114,2022-07-09,2022-07-15,Online,WARE-ATL5509,West,Oregon,Salem,Summit Pioneer Commerce,Government,Clothing,Rain Jacket,99.99,42.0,10,949.9,420.0,529.9,5,Lisa Chen
SO-15115,2022-04-02,2022-04-06,Online,WARE-MCD2201,Southeast,West Virginia,Morgantown,Coastal Elite Supply,Corporate,Clothing,Fleece Hoodie,74.99,30.0,18,1282.32,540.0,742.32,5,Emily Johnson
SO-15116,2023-07-02,2023-07-07,Wholesale,WARE-UHY1004,South,Oklahoma,Lawton,Sterling Atlantic Supply,Retail,Furniture,Hallway Table,279.99,132.0,20,4759.8,2640.0,2119.8,15,Emily Johnson
SO-15117,2022-01-11,2022-01-15,Online,WARE-UHY1004,Southwest,Wyoming,Casper,Atlantic Sterling Group,Enterprise,Office Supplies,Card Reader,39.99,15.0,17,659.43,255.0,404.43,3,Robert Adams
SO-15118,2022-06-15,2022-06-20,In-Store,WARE-PJW3508,Northeast,New York,Buffalo,Metro Swift Enterprises,Small Business,Electronics,Server Unit,4999.99,2800.0,15,65999.85,42000.0,23999.85,12,Michael Brown
SO-15119,2023-06-01,2023-06-07,In-Store,WARE-NBV1002,West,New Mexico,Albuquerque,Pacific Coastal LLC,Small Business,Clothing,Swimwear,49.99,19.0,12,551.88,228.0,323.88,8,Sarah Mitchell
SO-15120,2023-10-24,2023-10-29,Distributor,WARE-UHY1004,West,Idaho,Pocatello,Core Unity Enterprises,Small Business,Electronics,Smart Home Hub,299.99,140.0,6,1655.94,840.0,815.94,8,Emily Johnson
SO-15121,2023-02-14,2023-02-17,Distributor,WARE-MCD2201,South,Oklahoma,Norman,Pioneer Sterling Distributors,Corporate,Furniture,Mesh Chair,319.99,155.0,3,815.97,465.0,350.97,15,Sarah Mitchell
SO-15122,2023-12-19,2023-12-25,Online,WARE-PJW3508,West,California,Oakland,Apex Elite Trading,Enterprise,Furniture,Accent Table,199.99,92.0,22,4399.78,2024.0,2375.78,0,Sarah Mitchell
SO-15123,2022-04-07,2022-04-10,Online,WARE-PJW3508,Southwest,Utah,Salt Lake City,Horizon Metro Co,Retail,Office Supplies,Document Scanner,299.99,145.0,17,4691.83,2465.0,2226.83,8,Sarah Mitchell
SO-15124,2022-03-05,2022-03-15,Distributor,WARE-NBV1002,Northeast,New York,Rochester,Apex Pacific Trading,Retail,Office Supplies,Stapler Heavy Duty,29.99,11.0,15,395.85,165.0,230.85,12,Michael Brown
SO-15125,2022-12-22,2022-12-28,In-Store,WARE-ATL5509,Northeast,New York,Albany,Unity Premier Enterprises,Enterprise,Furniture,Mesh Chair,319.99,155.0,9,2879.91,1395.0,1484.91,0,Robert Adams
SO-15126,2023-03-09,2023-03-16,Distributor,WARE-ATL5509,Southeast,Delaware,Smyrna,Core Horizon Corp,Small Business,Electronics,iPhone 15,999.99,620.0,14,13299.86,8680.0,4619.86,5,Robert Adams
SO-15127,2023-12-17,2023-12-23,In-Store,WARE-UHY1004,Midwest,Nebraska,Bellevue,Elite Horizon Solutions,Enterprise,Clothing,Winter Coat,149.99,65.0,26,3782.74,1690.0,2092.74,3,Lisa Chen
SO-15128,2023-05-16,2023-05-21,Wholesale,WARE-ATL5509,Southeast,Virginia,Norfolk,Coastal Digital Solutions,Government,Electronics,Conference Camera,449.99,210.0,4,1709.96,840.0,869.96,5,Robert Adams
SO-15129,2024-03-28,2024-04-02,Wholesale,WARE-ATL5509,Southeast,District of Columbia,Washington,Horizon Summit Solutions,Retail,Furniture,Accent Table,199.99,92.0,15,2999.85,1380.0,1619.85,0,Lisa Chen
SO-15130,2024-02-03,2024-02-08,Online,WARE-UHY1004,Southwest,Arizona,Tucson,Horizon Central Corp,Retail,Electronics,Home Theater System,1499.99,820.0,9,12419.91,7380.0,5039.91,8,James Carter
SO-15131,2023-08-28,2023-09-07,Distributor,WARE-PJW3508,West,Oregon,Hillsboro,Premier Horizon Corp,Enterprise,Furniture,Floor Lamp,159.99,72.0,10,1439.9,720.0,719.9,10,Amanda Torres
SO-15132,2022-03-10,2022-03-16,In-Store,WARE-UHY1004,West,Montana,Helena,Bright National Retail,Retail,Clothing,Fleece Hoodie,74.99,30.0,4,263.96,120.0,143.96,12,Emily Johnson
SO-15133,2022-11-16,2022-11-21,Wholesale,WARE-MCD2201,Southeast,Delaware,Middletown,Bright Bright Retail,Corporate,Electronics,Surface Laptop,1399.99,870.0,20,26599.8,17400.0,9199.8,5,Rachel Scott
SO-15134,2023-09-24,2023-09-27,Distributor,WARE-NBV1002,Midwest,Wisconsin,Green Bay,Core Digital Enterprises,Government,Furniture,Floor Lamp,159.99,72.0,13,2079.87,936.0,1143.87,0,Michael Brown
SO-15135,2022-11-30,2022-12-10,In-Store,WARE-MCD2201,Northeast,Connecticut,Stamford,Core National Corp,Retail,Furniture,Standing Desk,699.99,350.0,18,12599.82,6300.0,6299.82,0,Rachel Scott
SO-15136,2024-03-15,2024-03-19,In-Store,WARE-UHY1004,Southwest,Hawaii,Hilo,Central Advanced Solutions,Retail,Electronics,Home Theater System,1499.99,820.0,15,19799.85,12300.0,7499.85,12,Sarah Mitchell
SO-15137,2023-08-10,2023-08-14,In-Store,WARE-UHY1004,West,Montana,Billings,Advanced Apex Retail,Retail,Clothing,Rain Jacket,99.99,42.0,20,1699.8,840.0,859.8,15,Rachel Scott
SO-15138,2024-03-15,2024-03-22,Wholesale,WARE-UHY1004,Northeast,New Hampshire,Manchester,Metro Central Commerce,Corporate,Furniture,Office Chair,299.99,145.0,9,2699.91,1305.0,1394.91,0,Robert Adams
SO-15139,2024-01-25,2024-01-31,Wholesale,WARE-MCD2201,Southeast,West Virginia,Huntington,Coastal Advanced Inc,Small Business,Electronics,Drone Camera,799.99,400.0,14,10863.86,5600.0,5263.86,3,Kevin Williams
SO-15140,2024-03-23,2024-03-28,Wholesale,WARE-ATL5509,South,Arkansas,Little Rock,National Atlantic Inc,Retail,Office Supplies,Letter Opener,14.99,5.0,18,248.22,90.0,158.22,8,Robert Adams
SO-15141,2024-02-28,2024-03-04,In-Store,WARE-NBV1002,Midwest,Wisconsin,Milwaukee,Pacific Central Commerce,Enterprise,Clothing,Athleisure Set,119.99,50.0,9,950.31,450.0,500.31,12,Emily Johnson
SO-15142,2023-05-12,2023-05-15,In-Store,WARE-MCD2201,South,Oklahoma,Oklahoma City,Digital Sterling Retail,Government,Office Supplies,Tape Dispenser,24.99,9.0,7,157.43,63.0,94.43,10,Rachel Scott
SO-15143,2023-11-29,2023-12-03,Online,WARE-PJW3508,Southwest,Colorado,Colorado Springs,Digital Apex Commerce,Corporate,Clothing,Linen Pants,64.99,26.0,33,2144.67,858.0,1286.67,0,David Park
SO-15144,2022-01-09,2022-01-13,Distributor,WARE-ATL5509,Midwest,Illinois,Peoria,Sterling Digital Inc,Enterprise,Furniture,Laptop Cart,299.99,145.0,12,3311.88,1740.0,1571.88,8,Kevin Williams
SO-15145,2023-12-20,2023-12-22,Distributor,WARE-PJW3508,Southeast,Kentucky,Owensboro,Premier Swift Retail,Retail,Furniture,Modular Sofa,1499.99,750.0,20,29099.8,15000.0,14099.8,3,Kevin Williams
SO-15146,2023-06-22,2023-06-28,In-Store,WARE-UHY1004,Southeast,District of Columbia,Washington,Pacific Metro Commerce,Government,Office Supplies,Document Scanner,299.99,145.0,4,1079.96,580.0,499.96,10,Sarah Mitchell
SO-15147,2022-09-21,2022-09-26,Wholesale,WARE-ATL5509,Southeast,Maryland,Baltimore,National Elite Trading,Small Business,Office Supplies,Filing Cabinet,199.99,95.0,16,2719.84,1520.0,1199.84,15,Lisa Chen
SO-15148,2023-08-19,2023-08-25,In-Store,WARE-ATL5509,Southeast,Delaware,Newark,Horizon Unity LLC,Small Business,Furniture,Ergonomic Chair Pro,449.99,218.0,3,1241.97,654.0,587.97,8,Emily Johnson
SO-15149,2023-05-27,2023-06-02,In-Store,WARE-UHY1004,Southwest,Arizona,Phoenix,Pioneer Unity Supply,Enterprise,Clothing,Sun Hat,34.99,13.0,13,409.37,169.0,240.37,10,David Park
SO-15150,2022-06-19,2022-06-24,Wholesale,WARE-MCD2201,West,Colorado,Lakewood,Bright Horizon Enterprises,Small Business,Office Supplies,Card Reader,39.99,15.0,7,257.53,105.0,152.53,8,James Carter
SO-15151,2024-03-15,2024-03-19,In-Store,WARE-UHY1004,Southeast,Kentucky,Bowling Green,Digital Digital Inc,Retail,Office Supplies,Label Maker,59.99,24.0,17,1019.83,408.0,611.83,0,Kevin Williams
SO-15152,2023-02-01,2023-02-04,Wholesale,WARE-NBV1002,Northeast,New York,Albany,Pacific Apex Co,Small Business,Clothing,Sports Jacket,109.99,46.0,8,879.92,368.0,511.92,0,Sarah Mitchell
SO-15153,2022-07-06,2022-07-20,Distributor,WARE-NBV1002,Midwest,Nebraska,Omaha,Digital Elite LLC,Government,Office Supplies,Ink Tank Printer,399.99,195.0,19,6991.81,3705.0,3286.81,8,Michael Brown
SO-15154,2022-04-17,2022-04-22,In-Store,WARE-UHY1004,Southeast,Virginia,Richmond,Metro Premier Inc,Corporate,Furniture,Hallway Table,279.99,132.0,4,985.56,528.0,457.56,12,Lisa Chen
SO-15155,2023-02-25,2023-03-01,Distributor,WARE-UHY1004,Southwest,Nevada,Las Vegas,Summit Metro LLC,Enterprise,Electronics,NAS Storage,899.99,450.0,3,2294.97,1350.0,944.97,15,Rachel Scott
SO-15156,2022-11-24,2022-11-27,Wholesale,WARE-PJW3508,West,Colorado,Denver,Unity Metro LLC,Government,Electronics,Smart Display,349.99,165.0,33,11203.17,5445.0,5758.17,3,Michael Brown
SO-15157,2022-09-14,2022-09-18,Online,WARE-MCD2201,Midwest,Missouri,St. Louis,Apex National Trading,Enterprise,Office Supplies,Ergonomic Mouse,59.99,24.0,12,719.88,288.0,431.88,0,David Park
SO-15158,2022-01-09,2022-01-23,Wholesale,WARE-UHY1004,Southeast,North Carolina,Greensboro,Premier Atlantic Enterprises,Government,Furniture,Accent Table,199.99,92.0,17,3229.83,1564.0,1665.83,5,David Park
SO-15159,2024-01-10,2024-01-16,Distributor,WARE-PJW3508,South,Georgia,Macon,Horizon Atlantic Commerce,Retail,Office Supplies,Whiteboard,159.99,72.0,10,1471.9,720.0,751.9,8,Sarah Mitchell
SO-15160,2022-11-01,2022-11-03,Distributor,WARE-NBV1002,Southwest,Hawaii,Hilo,Coastal Coastal Enterprises,Corporate,Office Supplies,Tape Dispenser,24.99,9.0,18,404.82,162.0,242.82,10,Sarah Mitchell
SO-15161,2023-08-23,2023-08-30,Wholesale,WARE-NBV1002,Southwest,Colorado,Fort Collins,Elite Apex Distributors,Retail,Clothing,Velvet Blazer,179.99,80.0,21,3590.79,1680.0,1910.79,5,Sarah Mitchell
SO-15162,2023-05-02,2023-05-07,In-Store,WARE-UHY1004,South,Louisiana,New Orleans,Global Apex Trading,Enterprise,Furniture,Hallway Table,279.99,132.0,13,3639.87,1716.0,1923.87,0,Amanda Torres
SO-15163,2024-03-14,2024-03-19,Online,WARE-NBV1002,Northeast,New Hampshire,Manchester,Sterling National Enterprises,Enterprise,Office Supplies,Ink Tank Printer,399.99,195.0,17,6799.83,3315.0,3484.83,0,Lisa Chen
SO-15164,2023-02-16,2023-02-23,Wholesale,WARE-ATL5509,Southwest,Nevada,North Las Vegas,Digital Pioneer Inc,Retail,Electronics,External SSD,129.99,55.0,2,259.98,110.0,149.98,0,Lisa Chen
SO-15165,2022-01-10,2022-01-15,In-Store,WARE-NBV1002,South,Georgia,Atlanta,Sterling Unity LLC,Corporate,Clothing,Linen Shirt,54.99,21.0,14,692.86,294.0,398.86,10,David Park
SO-15166,2023-03-11,2023-03-21,Online,WARE-UHY1004,South,Mississippi,Meridian,Pacific Swift Distributors,Enterprise,Furniture,Glass Desk,799.99,400.0,8,5887.92,3200.0,2687.92,8,Lisa Chen
SO-15167,2022-06-16,2022-06-19,Distributor,WARE-NBV1002,Southeast,Kentucky,Owensboro,Swift Atlantic Retail,Enterprise,Furniture,Lateral File Cabinet,399.99,192.0,16,5759.84,3072.0,2687.84,10,Amanda Torres
SO-15168,2023-02-07,2023-02-10,Wholesale,WARE-MCD2201,West,Oregon,Salem,Sterling Central LLC,Retail,Electronics,AirPods Pro,249.99,135.0,16,3399.84,2160.0,1239.84,15,Sarah Mitchell
SO-15169,2022-05-07,2022-05-17,Online,WARE-UHY1004,Southwest,Alaska,Juneau,Advanced Bright Distributors,Government,Electronics,USB Microphone,179.99,78.0,9,1619.91,702.0,917.91,0,Emily Johnson
SO-15170,2022-01-31,2022-02-06,In-Store,WARE-PJW3508,West,Colorado,Colorado Springs,Unity Global LLC,Retail,Office Supplies,Card Reader,39.99,15.0,6,203.94,90.0,113.94,15,Robert Adams
SO-15171,2022-09-08,2022-09-14,Online,WARE-ATL5509,Southwest,New Mexico,Roswell,Coastal Horizon Solutions,Retail,Clothing,Athleisure Set,119.99,50.0,18,1987.02,900.0,1087.02,8,Lisa Chen
SO-15172,2022-09-06,2022-09-11,In-Store,WARE-ATL5509,South,Arkansas,Springdale,Core Pacific Co,Small Business,Clothing,Business Casual Shirt,59.99,22.0,6,305.94,132.0,173.94,15,Rachel Scott
SO-15173,2022-01-15,2022-01-25,Online,WARE-PJW3508,West,Nevada,Las Vegas,Elite Coastal Inc,Retail,Furniture,Lounge Chair,399.99,195.0,18,6983.82,3510.0,3473.82,3,Amanda Torres
SO-15174,2023-07-07,2023-07-12,In-Store,WARE-UHY1004,Northeast,Rhode Island,Providence,Horizon Metro Group,Enterprise,Electronics,Smartband,199.99,88.0,19,3799.81,1672.0,2127.81,0,Kevin Williams
SO-15175,2022-11-10,2022-11-15,Wholesale,WARE-MCD2201,Southeast,North Carolina,Raleigh,Apex Digital Retail,Small Business,Clothing,Formal Jacket,129.99,55.0,15,1852.35,825.0,1027.35,5,Rachel Scott
SO-15176,2022-05-14,2022-05-18,Wholesale,WARE-MCD2201,Midwest,Illinois,Naperville,Advanced Unity Corp,Enterprise,Electronics,NAS Storage,899.99,450.0,16,12671.84,7200.0,5471.84,12,Rachel Scott
SO-15177,2023-04-21,2023-04-24,Wholesale,WARE-MCD2201,Midwest,Iowa,Iowa City,Summit Advanced Retail,Enterprise,Office Supplies,Projector,699.99,340.0,2,1189.98,680.0,509.98,15,Rachel Scott
SO-15178,2022-09-09,2022-09-12,Online,WARE-MCD2201,Midwest,Iowa,Iowa City,Core Elite Solutions,Corporate,Clothing,Denim Jacket,89.99,38.0,16,1439.84,608.0,831.84,0,Kevin Williams
SO-15179,2023-06-25,2023-06-30,In-Store,WARE-PJW3508,West,Washington,Bellevue,Digital Coastal LLC,Small Business,Furniture,Conference Table,999.99,520.0,5,4849.95,2600.0,2249.95,3,Michael Brown
SO-15180,2022-10-09,2022-10-13,Distributor,WARE-UHY1004,South,Oklahoma,Oklahoma City,Advanced Pioneer Solutions,Retail,Clothing,Running Shoes,89.99,38.0,11,871.09,418.0,453.09,12,Robert Adams
SO-15181,2024-03-21,2024-03-26,Distributor,WARE-ATL5509,Midwest,Wisconsin,Kenosha,Summit Metro LLC,Small Business,Furniture,Modular Sofa,1499.99,750.0,18,22949.82,13500.0,9449.82,15,Rachel Scott
SO-15182,2023-11-25,2023-11-30,Online,WARE-NBV1002,South,Tennessee,Chattanooga,Global Coastal Trading,Corporate,Office Supplies,Laminator,89.99,40.0,27,2308.23,1080.0,1228.23,5,David Park
SO-15183,2022-04-07,2022-04-11,Distributor,WARE-ATL5509,Midwest,Indiana,Carmel,National Pioneer Solutions,Corporate,Clothing,Turtleneck,59.99,24.0,3,179.97,72.0,107.97,0,Kevin Williams
SO-15184,2023-11-02,2023-11-07,Online,WARE-UHY1004,Southwest,New Mexico,Albuquerque,Horizon Premier Retail,Retail,Clothing,Velvet Blazer,179.99,80.0,4,647.96,320.0,327.96,10,James Carter
SO-15185,2022-02-05,2022-02-15,In-Store,WARE-MCD2201,Northeast,New Hampshire,Concord,National Core Distributors,Government,Office Supplies,Calligraphy Set,39.99,15.0,1,36.79,15.0,21.79,8,Robert Adams
SO-15186,2023-09-10,2023-09-16,Online,WARE-MCD2201,South,Mississippi,Meridian,Premier Pacific Distributors,Small Business,Electronics,Laptop Pro 15,1299.99,780.0,16,18719.84,12480.0,6239.84,10,James Carter
SO-15187,2023-03-06,2023-03-08,Distributor,WARE-UHY1004,Southwest,Arizona,Chandler,Horizon Premier LLC,Enterprise,Furniture,Executive Desk,1199.99,620.0,18,20519.82,11160.0,9359.82,5,Amanda Torres
SO-15188,2023-06-05,2023-06-12,Online,WARE-PJW3508,Southwest,New Mexico,Albuquerque,Metro Premier Inc,Enterprise,Office Supplies,Binding Machine,149.99,68.0,16,2159.84,1088.0,1071.84,10,Lisa Chen
SO-15189,2023-08-16,2023-08-26,Distributor,WARE-UHY1004,Northeast,Massachusetts,Lowell,Pioneer Premier Distributors,Small Business,Clothing,Linen Shirt,54.99,21.0,2,109.98,42.0,67.98,0,Robert Adams
SO-15190,2022-07-21,2022-07-27,Distributor,WARE-UHY1004,Midwest,Indiana,Evansville,Premier Pacific Corp,Corporate,Office Supplies,Ink Tank Printer,399.99,195.0,10,3879.9,1950.0,1929.9,3,Robert Adams
SO-15191,2022-01-17,2022-01-22,Wholesale,WARE-MCD2201,Midwest,Kansas,Overland Park,National Summit Corp,Government,Office Supplies,Wireless Keyboard,89.99,38.0,7,629.93,266.0,363.93,0,James Carter
SO-15192,2023-11-02,2023-11-04,Wholesale,WARE-ATL5509,Midwest,Iowa,Davenport,Atlantic Atlantic Inc,Corporate,Furniture,Credenza,649.99,320.0,17,9723.83,5440.0,4283.83,12,Kevin Williams
SO-15193,2022-11-09,2022-11-13,In-Store,WARE-PJW3508,West,Utah,West Jordan,Sterling Elite Supply,Retail,Clothing,Linen Shirt,54.99,21.0,24,1280.16,504.0,776.16,3,Kevin Williams
SO-15194,2023-11-27,2023-12-02,Wholesale,WARE-NBV1002,Midwest,Minnesota,Duluth,Elite Elite Supply,Small Business,Electronics,Surface Laptop,1399.99,870.0,7,9799.93,6090.0,3709.93,0,David Park
SO-15195,2022-01-23,2022-01-26,Wholesale,WARE-UHY1004,South,Arkansas,Fayetteville,Apex Atlantic LLC,Retail,Electronics,Smart Display,349.99,165.0,11,3734.39,1815.0,1919.39,3,Kevin Williams
SO-15196,2022-06-22,2022-06-29,In-Store,WARE-MCD2201,Midwest,Indiana,South Bend,Global National Co,Corporate,Office Supplies,Stapler Heavy Duty,29.99,11.0,13,378.17,143.0,235.17,3,Robert Adams
SO-15197,2023-09-24,2023-10-04,Online,WARE-UHY1004,West,Colorado,Colorado Springs,Summit Unity Enterprises,Small Business,Office Supplies,Electric Stapler,49.99,19.0,5,224.95,95.0,129.95,10,Rachel Scott
SO-15198,2022-03-25,2022-03-27,Distributor,WARE-NBV1002,Midwest,Illinois,Chicago,Bright National Distributors,Government,Clothing,Fleece Hoodie,74.99,30.0,3,224.97,90.0,134.97,0,Rachel Scott
SO-15199,2023-08-05,2023-08-11,Online,WARE-MCD2201,West,Nevada,North Las Vegas,Apex Core Retail,Corporate,Clothing,Linen Pants,64.99,26.0,13,802.62,338.0,464.62,5,Emily Johnson
SO-15200,2022-10-26,2022-10-30,Distributor,WARE-UHY1004,Northeast,Pennsylvania,Pittsburgh,Atlantic Elite Commerce,Small Business,Office Supplies,Calligraphy Set,39.99,15.0,10,399.9,150.0,249.9,0,Robert Adams
